customer_id,source_prospect_id,industry,region,company_size_band,est_annual_revenue,digital_engagement_score,years_in_business,existing_bank_relationship,acquisition_date,credit_line
CUST-200000,PROS-102241,Technology,Central,1000+ employees,1766000.0,20.9,13,Yes,2025-04-24,15000.0
CUST-200001,PROS-105719,Healthcare,South,1000+ employees,7957000.0,26.7,23,Yes,2025-09-05,14000.0
CUST-200002,PROS-104412,Construction,Central,1-9 employees,446000.0,52.5,19,Yes,2025-06-19,17000.0
CUST-200003,PROS-103597,Transportation & Logistics,Central,1-9 employees,984000.0,33.5,17,Yes,2025-06-19,13000.0
CUST-200004,PROS-100934,Healthcare,South,10-49 employees,1380000.0,11.5,8,Yes,2025-08-06,5000.0
CUST-200005,PROS-100933,Technology,West,50-249 employees,531000.0,65.1,22,Yes,2025-12-23,20000.0
CUST-200006,PROS-100360,Wholesale Distribution,West,1-9 employees,4353000.0,39.8,22,No,2025-03-14,28000.0
CUST-200007,PROS-105202,Wholesale Distribution,East,50-249 employees,736000.0,49.6,19,Yes,2025-02-15,33000.0
CUST-200008,PROS-103611,Technology,West,50-249 employees,2800000.0,57.6,27,No,2025-07-30,20000.0
CUST-200009,PROS-104263,Hospitality,North,1-9 employees,1482000.0,45.2,27,Yes,2025-12-09,11000.0
CUST-200010,PROS-100122,Technology,Central,50-249 employees,2377000.0,74.9,24,Yes,2026-01-19,15000.0
CUST-200011,PROS-105825,Transportation & Logistics,East,1-9 employees,9604000.0,45.4,8,Yes,2025-05-14,39000.0
CUST-200012,PROS-105002,Technology,West,250-999 employees,1171000.0,22.9,25,Yes,2025-05-22,11000.0
CUST-200013,PROS-101281,Hospitality,South,1-9 employees,1744000.0,68.3,17,Yes,2025-11-29,6000.0
CUST-200014,PROS-101100,Healthcare,East,1-9 employees,210000.0,62.2,14,Yes,2025-03-02,50000.0
CUST-200015,PROS-101108,Education,South,1-9 employees,542000.0,44.5,12,Yes,2025-05-25,7000.0
CUST-200016,PROS-101819,Professional Services,Central,10-49 employees,457000.0,71.4,1,Yes,2025-07-07,5000.0
CUST-200017,PROS-103157,Education,East,1-9 employees,317000.0,16.6,24,Yes,2025-04-29,16000.0
CUST-200018,PROS-102586,Construction,West,1-9 employees,247000.0,28.0,23,No,2025-06-30,17000.0
CUST-200019,PROS-101741,Hospitality,South,10-49 employees,3679000.0,49.9,18,No,2026-01-31,17000.0
CUST-200020,PROS-103682,Professional Services,East,1000+ employees,236000.0,17.7,37,Yes,2026-01-02,22000.0
CUST-200021,PROS-100835,Hospitality,West,1-9 employees,1799000.0,74.9,10,Yes,2025-06-03,12000.0
CUST-200022,PROS-101746,Education,Central,10-49 employees,,32.3,32,Yes,2025-07-04,12000.0
CUST-200023,PROS-102191,Healthcare,South,250-999 employees,1325000.0,69.1,5,Yes,2026-01-05,9000.0
CUST-200024,PROS-102735,Retail Trade,East,1-9 employees,669000.0,59.4,7,Yes,2025-04-08,14000.0
CUST-200025,PROS-104725,Healthcare,North,1000+ employees,313000.0,37.8,12,Yes,2025-08-17,18000.0
CUST-200026,PROS-101205,Education,East,10-49 employees,384000.0,57.3,39,Yes,2025-03-31,23000.0
CUST-200027,PROS-103093,Professional Services,Central,1-9 employees,137000.0,50.4,2,No,2025-09-11,7000.0
CUST-200028,PROS-103558,Retail Trade,West,10-49 employees,1145000.0,64.1,28,Yes,2025-01-14,6000.0
CUST-200029,PROS-100286,Retail Trade,North,10-49 employees,317000.0,73.4,38,No,2025-03-27,22000.0
CUST-200030,PROS-103656,TRANSPORTATION & LOGISTICS,Central,10-49 employees,1395000.0,75.8,26,No,2025-10-24,9000.0
CUST-200031,PROS-101029,Construction,Central,250-999 employees,496000.0,32.5,29,Yes,2025-10-05,7000.0
CUST-200032,PROS-100406,Healthcare,West,1000+ employees,,41.4,14,Yes,2025-04-18,4000.0
CUST-200033,PROS-105706,Healthcare,Central,10-49 employees,1397000.0,33.7,32,Yes,2025-03-23,31000.0
CUST-200034,PROS-105804,Construction,West,50-249 employees,1275000.0,33.4,13,Yes,2025-11-12,15000.0
CUST-200035,PROS-104863,Hospitality,East,1-9 employees,258000.0,78.9,32,Yes,2026-01-28,18000.0
CUST-200036,PROS-101821,Hospitality,East,10-49 employees,855000.0,48.5,9,Yes,2025-08-09,17000.0
CUST-200037,PROS-100602,Hospitality,East,1-9 employees,3501000.0,32.7,7,Yes,2025-10-16,15000.0
CUST-200038,PROS-104125,Transportation & Logistics,South,1-9 employees,7909000.0,52.2,29,Yes,2025-10-12,13000.0
CUST-200039,PROS-102643,Healthcare,East,1-9 employees,1224000.0,,35,Yes,2025-12-27,12000.0
CUST-200040,PROS-100739,Wholesale Distribution,East,1-9 employees,,36.6,2,Yes,2025-03-23,7000.0
CUST-200041,PROS-102978,Professional Services,West,50-249 employees,778000.0,57.0,33,No,2025-08-16,4000.0
CUST-200042,PROS-100209,HOSPITALITY,West,50-249 employees,458000.0,60.6,37,No,2025-03-03,51000.0
CUST-200043,PROS-105458,Transportation & Logistics,South,250-999 employees,1313000.0,41.3,17,No,2025-05-14,13000.0
CUST-200044,PROS-101560,Professional Services,West,250-999 employees,1733000.0,38.0,15,No,2025-06-17,10000.0
CUST-200045,PROS-103993,Professional Services,North,1-9 employees,5461000.0,42.9,9,Yes,2026-01-09,8000.0
CUST-200046,PROS-101871,Professional Services,South,1-9 employees,759000.0,53.3,16,Yes,2025-05-23,25000.0
CUST-200047,PROS-103128,Transportation & Logistics,North,1-9 employees,544000.0,43.4,10,No,2025-01-11,14000.0
CUST-200048,PROS-103285,Healthcare,East,1-9 employees,1149000.0,36.6,38,Yes,2025-07-22,7000.0
CUST-200049,PROS-101117,Transportation & Logistics,West,50-249 employees,404000.0,9.4,7,Yes,2025-06-20,11000.0
CUST-200050,PROS-105824,Transportation & Logistics,East,50-249 employees,169000.0,28.5,22,Yes,2025-10-27,16000.0
CUST-200051,PROS-104665,Wholesale Distribution,South,10-49 employees,1508000.0,88.4,17,No,2025-01-02,10000.0
CUST-200052,PROS-105646,Wholesale Distribution,North,10-49 employees,1334000.0,63.2,34,Yes,2025-12-30,21000.0
CUST-200053,PROS-105370,Hospitality,Central,1-9 employees,315000.0,23.0,18,No,2025-10-24,47000.0
CUST-200054,PROS-103591,Professional Services,North,1-9 employees,3499000.0,75.2,27,Yes,2025-08-26,10000.0
CUST-200055,PROS-105540,Professional Services,Central,50-249 employees,2244000.0,47.5,6,Yes,2025-12-10,11000.0
CUST-200056,PROS-100550,Wholesale Distribution,East,250-999 employees,813000.0,29.6,13,Yes,2025-04-01,8000.0
CUST-200057,PROS-101183,Healthcare,South,10-49 employees,1687000.0,58.6,5,No,2025-06-10,12000.0
CUST-200058,PROS-100277,Hospitality,West,50-249 employees,633000.0,5.7,36,No,2025-04-29,4000.0
CUST-200059,PROS-101950,Education,West,50-249 employees,230000.0,35.5,21,Yes,2025-04-21,25000.0
CUST-200060,PROS-102321,Manufacturing,East,10-49 employees,423000.0,10.3,21,Yes,2025-12-29,5000.0
CUST-200061,PROS-101627,Transportation & Logistics,North,250-999 employees,2727000.0,29.1,36,Yes,2025-12-28,8000.0
CUST-200062,PROS-104980,Education,East,1-9 employees,697000.0,54.6,19,No,2025-03-25,14000.0
CUST-200063,PROS-102132,Transportation & Logistics,West,50-249 employees,1207000.0,24.5,32,Yes,2025-04-10,30000.0
CUST-200064,PROS-101684,Construction,East,1-9 employees,571000.0,38.2,9,Yes,2025-02-07,8000.0
CUST-200065,PROS-103261,Healthcare,South,1-9 employees,1938000.0,33.4,17,Yes,2025-03-03,11000.0
CUST-200066,PROS-100845,Manufacturing,West,1-9 employees,196000.0,54.0,14,Yes,2026-01-04,15000.0
CUST-200067,PROS-104825,Healthcare,South,10-49 employees,255000.0,30.3,18,Yes,2025-03-18,8000.0
CUST-200068,PROS-100466,Retail Trade,South,1-9 employees,1437000.0,64.4,11,Yes,2025-01-11,12000.0
CUST-200069,PROS-105920,Retail Trade,Central,50-249 employees,2939000.0,21.5,11,Yes,2025-12-16,5000.0
CUST-200070,PROS-104645,Healthcare,Central,1-9 employees,9178000.0,76.1,13,Yes,2025-10-27,9000.0
CUST-200071,PROS-101199,Technology,East,50-249 employees,604000.0,43.3,8,No,2025-10-12,27000.0
CUST-200072,PROS-100029,Healthcare,South,1-9 employees,902000.0,25.1,36,Yes,2025-02-28,21000.0
CUST-200073,PROS-104900,Construction,North,1-9 employees,1213000.0,30.6,8,No,2025-01-08,10000.0
CUST-200074,PROS-104256,Construction,West,250-999 employees,1052000.0,47.1,29,Yes,2025-09-24,7000.0
CUST-200075,PROS-104391,Wholesale Distribution,Central,250-999 employees,1791000.0,73.1,9,No,2025-08-11,11000.0
CUST-200076,PROS-104640,Wholesale Distribution,East,50-249 employees,927000.0,65.6,11,Yes,2025-03-16,5000.0
CUST-200077,PROS-100462,Hospitality,South,50-249 employees,144000.0,64.9,3,Yes,2025-07-01,11000.0
CUST-200078,PROS-102141,Wholesale Distribution,South,1-9 employees,1038000.0,34.7,17,Yes,2025-12-25,10000.0
CUST-200079,PROS-100703,Retail Trade,North,1-9 employees,808000.0,17.4,3,Yes,2025-12-28,10000.0
CUST-200080,PROS-105184,Hospitality,South,1-9 employees,587000.0,49.3,37,No,2025-01-20,12000.0
CUST-200081,PROS-103750,Transportation & Logistics,South,1000+ employees,556000.0,70.1,22,Yes,2025-01-14,18000.0
CUST-200082,PROS-101985,Hospitality,North,1-9 employees,421000.0,89.2,19,Yes,2025-05-02,7000.0
CUST-200083,PROS-100398,Professional Services,East,10-49 employees,499000.0,52.6,18,No,2025-10-27,23000.0
CUST-200084,PROS-101864,Wholesale Distribution,South,50-249 employees,954000.0,32.5,11,Yes,2025-11-10,26000.0
CUST-200085,PROS-101947,Education,North,10-49 employees,479000.0,23.8,2,No,2025-07-29,50000.0
CUST-200086,PROS-104394,Transportation & Logistics,South,10-49 employees,1688000.0,65.2,36,No,2025-08-15,15000.0
CUST-200087,PROS-103830,Wholesale Distribution,North,50-249 employees,131000.0,84.4,20,Yes,2025-07-08,32000.0
CUST-200088,PROS-105326,Transportation & Logistics,North,50-249 employees,401000.0,62.6,8,No,2025-06-18,24000.0
CUST-200089,PROS-102839,Education,East,50-249 employees,520000.0,37.6,3,No,2025-02-20,14000.0
CUST-200090,PROS-100725,Retail Trade,East,10-49 employees,,83.8,13,Yes,2025-06-24,6000.0
CUST-200091,PROS-104292,Healthcare,North,50-249 employees,456000.0,18.2,35,Yes,2026-01-29,22000.0
CUST-200092,PROS-104575,Hospitality,East,50-249 employees,,53.7,33,No,2025-07-20,15000.0
CUST-200093,PROS-103371,Professional Services,South,1-9 employees,2005000.0,50.6,38,No,2025-08-26,39000.0
CUST-200094,PROS-104637,Healthcare,East,250-999 employees,487000.0,40.7,6,Yes,2026-02-02,20000.0
CUST-200095,PROS-102970,TECHNOLOGY,West,250-999 employees,3457000.0,70.6,22,No,2025-01-12,25000.0
CUST-200096,PROS-103144,Hospitality,Central,1-9 employees,686000.0,9.7,9,Yes,2025-09-27,9000.0
CUST-200097,PROS-102558,Manufacturing,East,1-9 employees,991000.0,65.8,1,No,2025-04-12,15000.0
CUST-200098,PROS-100154,Healthcare,North,10-49 employees,6710000.0,67.7,29,No,2025-07-14,4000.0
CUST-200099,PROS-100659,Professional Services,South,10-49 employees,1855000.0,53.3,28,No,2025-01-05,18000.0
CUST-200100,PROS-100191,Technology,North,1-9 employees,127000.0,59.0,18,Yes,2025-05-09,27000.0
CUST-200101,PROS-103826,Construction,Central,250-999 employees,267000.0,55.4,6,No,2025-08-06,30000.0
CUST-200102,PROS-101885,Retail Trade,North,10-49 employees,659000.0,22.6,4,Yes,2025-07-21,10000.0
CUST-200103,PROS-103060,Professional Services,West,250-999 employees,372000.0,31.0,16,No,2025-06-07,4000.0
CUST-200104,PROS-105448,Healthcare,Central,50-249 employees,1398000.0,88.2,27,Yes,2026-01-05,9000.0
CUST-200105,PROS-101495,Healthcare,Central,50-249 employees,4144000.0,64.5,7,Yes,2025-03-28,12000.0
CUST-200106,PROS-102449,Retail Trade,South,50-249 employees,2826000.0,39.5,21,Yes,2025-03-29,17000.0
CUST-200107,PROS-104545,Hospitality,Central,50-249 employees,2889000.0,80.5,5,No,2025-08-17,3000.0
CUST-200108,PROS-101371,Construction,North,50-249 employees,1302000.0,59.3,14,Yes,2025-05-19,12000.0
CUST-200109,PROS-100479,Retail Trade,South,1-9 employees,801000.0,76.4,25,No,2025-04-23,7000.0
CUST-200110,PROS-101733,Wholesale Distribution,East,1-9 employees,2598000.0,66.0,8,Yes,2025-01-26,31000.0
CUST-200111,PROS-100970,Professional Services,North,50-249 employees,296000.0,45.0,24,Yes,2025-07-28,3000.0
CUST-200112,PROS-105584,Healthcare,South,250-999 employees,331000.0,63.7,5,Yes,2025-09-09,24000.0
CUST-200113,PROS-104861,Wholesale Distribution,South,50-249 employees,315000.0,33.5,22,Yes,2025-08-16,12000.0
CUST-200114,PROS-103807,Retail Trade,Central,1-9 employees,3678000.0,64.5,29,Yes,2025-11-03,3000.0
CUST-200115,PROS-105232,Professional Services,North,1-9 employees,3976000.0,63.6,15,Yes,2025-09-23,36000.0
CUST-200116,PROS-104832,Construction,South,1-9 employees,1133000.0,88.7,34,Yes,2025-09-10,30000.0
CUST-200117,PROS-101129,Technology,Central,1-9 employees,1047000.0,80.0,37,Yes,2025-05-06,28000.0
CUST-200118,PROS-105359,Construction,South,1-9 employees,2241000.0,64.8,21,Yes,2025-11-21,14000.0
CUST-200119,PROS-103242,Wholesale Distribution,West,1-9 employees,677000.0,40.2,14,Yes,2025-12-23,8000.0
CUST-200120,PROS-104856,Wholesale Distribution,West,10-49 employees,1634000.0,,30,Yes,2025-11-05,13000.0
CUST-200121,PROS-105376,Retail Trade,Central,250-999 employees,767000.0,48.6,11,No,2025-02-11,18000.0
CUST-200122,PROS-101905,Professional Services,Central,1-9 employees,1858000.0,44.4,32,No,2026-01-24,9000.0
CUST-200123,PROS-100671,Technology,South,1-9 employees,97000.0,56.9,3,Yes,2025-08-10,7000.0
CUST-200124,PROS-101367,Healthcare,East,50-249 employees,304000.0,53.5,31,Yes,2025-06-30,17000.0
CUST-200125,PROS-102555,Retail Trade,Central,1-9 employees,17103000.0,30.8,34,No,2025-04-01,15000.0
CUST-200126,PROS-104916,Retail Trade,East,10-49 employees,424000.0,79.3,8,No,2025-02-03,23000.0
CUST-200127,PROS-105168,Construction,West,50-249 employees,808000.0,87.3,9,No,2025-12-02,33000.0
CUST-200128,PROS-100040,Retail Trade,South,10-49 employees,2439000.0,42.1,4,Yes,2025-08-03,22000.0
CUST-200129,PROS-103074,Transportation & Logistics,East,50-249 employees,684000.0,40.2,19,Yes,2026-01-01,6000.0
CUST-200130,PROS-102495,Professional Services,North,10-49 employees,,38.1,9,Yes,2025-11-05,13000.0
CUST-200131,PROS-101335,Education,North,250-999 employees,383000.0,33.7,3,Yes,2025-11-20,16000.0
CUST-200132,PROS-100727,Manufacturing,East,1-9 employees,319000.0,13.6,1,No,2025-06-12,21000.0
CUST-200133,PROS-102022,Technology,Central,250-999 employees,1527000.0,,13,Yes,2025-05-30,22000.0
CUST-200134,PROS-105666,Professional Services,South,50-249 employees,290000.0,69.2,11,Yes,2025-06-29,12000.0
CUST-200135,PROS-101937,Transportation & Logistics,East,1-9 employees,232000.0,7.7,20,Yes,2025-01-03,9000.0
CUST-200136,PROS-103123,Technology,South,1-9 employees,125000.0,44.2,38,Yes,2025-10-22,24000.0
CUST-200137,PROS-104234,Professional Services,Central,50-249 employees,332000.0,39.3,6,Yes,2025-12-26,16000.0
CUST-200138,PROS-102174,Professional Services,North,1-9 employees,343000.0,64.1,39,Yes,2025-01-07,15000.0
CUST-200139,PROS-105835,Wholesale Distribution,West,250-999 employees,2073000.0,18.6,15,Yes,2025-12-23,8000.0
CUST-200140,PROS-105787,Technology,Central,1-9 employees,414000.0,70.1,8,No,2025-09-20,47000.0
CUST-200141,PROS-101513,Construction,South,50-249 employees,1855000.0,22.6,19,Yes,2025-08-10,15000.0
CUST-200142,PROS-102991,Technology,South,1-9 employees,865000.0,47.5,1,Yes,2025-10-10,12000.0
CUST-200143,PROS-101801,Healthcare,North,50-249 employees,609000.0,32.5,34,Yes,2025-01-09,15000.0
CUST-200144,PROS-101704,Education,Central,10-49 employees,1909000.0,63.2,33,Yes,2026-01-24,12000.0
CUST-200145,PROS-100225,Construction,West,1-9 employees,782000.0,40.4,14,No,2025-12-15,6000.0
CUST-200146,PROS-103667,Retail Trade,West,1000+ employees,1309000.0,75.4,14,Yes,2025-10-19,15000.0
CUST-200147,PROS-103023,Retail Trade,East,10-49 employees,1143000.0,46.5,24,Yes,2025-05-13,5000.0
CUST-200148,PROS-100318,Education,East,10-49 employees,2872000.0,82.6,15,Yes,2025-02-22,14000.0
CUST-200149,PROS-101672,Professional Services,West,250-999 employees,1288000.0,64.7,24,Yes,2025-05-02,5000.0
CUST-200150,PROS-105452,Wholesale Distribution,West,10-49 employees,453000.0,21.0,7,No,2025-07-19,3000.0
CUST-200151,PROS-101436,Healthcare,Central,1-9 employees,1511000.0,52.8,4,No,2026-01-30,19000.0
CUST-200152,PROS-100869,Manufacturing,North,10-49 employees,1698000.0,73.1,5,Yes,2025-06-12,6000.0
CUST-200153,PROS-102946,Transportation & Logistics,North,1-9 employees,772000.0,46.0,8,Yes,2025-10-19,17000.0
CUST-200154,PROS-105912,Technology,Central,250-999 employees,1794000.0,25.1,24,No,2025-06-10,14000.0
CUST-200155,PROS-101451,Manufacturing,West,1-9 employees,2215000.0,,23,No,2025-01-26,14000.0
CUST-200156,PROS-104053,Wholesale Distribution,East,10-49 employees,500000.0,18.6,8,Yes,2025-11-11,9000.0
CUST-200157,PROS-104580,Retail Trade,West,50-249 employees,1791000.0,71.4,14,Yes,2025-05-16,12000.0
CUST-200158,PROS-101423,Technology,West,10-49 employees,1594000.0,51.7,16,Yes,2025-08-21,9000.0
CUST-200159,PROS-104387,Manufacturing,West,10-49 employees,1261000.0,37.4,4,Yes,2025-05-14,23000.0
CUST-200160,PROS-102199,Retail Trade,Central,1-9 employees,1763000.0,55.4,20,Yes,2025-10-20,9000.0
CUST-200161,PROS-103802,Wholesale Distribution,West,50-249 employees,738000.0,65.8,24,Yes,2025-11-23,11000.0
CUST-200162,PROS-103808,Transportation & Logistics,North,10-49 employees,858000.0,68.2,39,No,2025-10-26,20000.0
CUST-200163,PROS-103220,Technology,North,1000+ employees,41000.0,51.1,15,Yes,2025-12-26,9000.0
CUST-200164,PROS-100560,Transportation & Logistics,West,10-49 employees,,67.5,20,No,2025-10-03,4000.0
CUST-200165,PROS-105020,Wholesale Distribution,East,10-49 employees,2842000.0,28.8,13,Yes,2025-07-31,7000.0
CUST-200166,PROS-101922,Wholesale Distribution,East,50-249 employees,893000.0,,33,Yes,2025-10-31,25000.0
CUST-200167,PROS-100250,Retail Trade,West,50-249 employees,869000.0,,7,No,2025-10-01,14000.0
CUST-200168,PROS-103549,Technology,North,1-9 employees,3444000.0,43.4,7,Yes,2025-03-29,15000.0
CUST-200169,PROS-104083,Hospitality,North,1000+ employees,1004000.0,74.7,3,Yes,2025-04-28,15000.0
CUST-200170,PROS-100098,Technology,West,10-49 employees,3918000.0,62.6,6,Yes,2025-02-09,39000.0
CUST-200171,PROS-103081,Wholesale Distribution,North,10-49 employees,1161000.0,79.6,3,Yes,2025-11-02,3000.0
CUST-200172,PROS-101360,Manufacturing,North,10-49 employees,878000.0,58.0,7,Yes,2025-03-06,12000.0
CUST-200173,PROS-103880,Wholesale Distribution,South,1-9 employees,504000.0,70.4,28,No,2025-02-04,13000.0
CUST-200174,PROS-101052,Transportation & Logistics,West,10-49 employees,583000.0,51.8,23,Yes,2025-11-20,13000.0
CUST-200175,PROS-104168,Transportation & Logistics,Central,250-999 employees,301000.0,60.7,10,No,2025-01-21,21000.0
CUST-200176,PROS-102310,Professional Services,North,250-999 employees,894000.0,71.9,20,No,2026-01-18,21000.0
CUST-200177,PROS-105627,Manufacturing,West,1000+ employees,287000.0,5.6,25,No,2025-03-30,11000.0
CUST-200178,PROS-100826,Technology,East,1-9 employees,526000.0,86.1,2,Yes,2026-01-10,4000.0
CUST-200179,PROS-102040,Professional Services,Central,1-9 employees,1427000.0,38.0,9,Yes,2025-09-20,60000.0
CUST-200180,PROS-100689,Hospitality,East,10-49 employees,341000.0,73.2,22,Yes,2025-01-06,13000.0
CUST-200181,PROS-105556,Retail Trade,South,1-9 employees,310000.0,19.9,23,Yes,2025-11-09,14000.0
CUST-200182,PROS-105266,Transportation & Logistics,North,10-49 employees,915000.0,56.0,39,Yes,2026-02-03,28000.0
CUST-200183,PROS-101555,Retail Trade,North,250-999 employees,2655000.0,42.1,34,Yes,2026-01-05,10000.0
CUST-200184,PROS-103978,Transportation & Logistics,South,1-9 employees,,43.1,20,No,2025-12-21,28000.0
CUST-200185,PROS-104910,Education,West,50-249 employees,508000.0,55.1,26,Yes,2025-04-07,11000.0
CUST-200186,PROS-103333,Wholesale Distribution,Central,10-49 employees,992000.0,78.9,36,Yes,2025-03-21,40000.0
CUST-200187,PROS-103186,Hospitality,North,50-249 employees,436000.0,56.7,28,Yes,2025-05-05,17000.0
CUST-200188,PROS-101449,Retail Trade,Central,10-49 employees,651000.0,71.6,26,Yes,2025-08-11,8000.0
CUST-200189,PROS-100576,Education,North,10-49 employees,110000.0,18.6,9,Yes,2025-11-07,49000.0
CUST-200190,PROS-105384,Manufacturing,South,1-9 employees,457000.0,75.5,28,Yes,2026-01-29,19000.0
CUST-200191,PROS-105405,Construction,North,10-49 employees,769000.0,10.0,24,Yes,2025-07-12,9000.0
CUST-200192,PROS-103805,Wholesale Distribution,North,250-999 employees,726000.0,23.4,20,No,2025-07-08,5000.0
CUST-200193,PROS-102029,Construction,East,10-49 employees,716000.0,37.2,38,No,2025-12-06,20000.0
CUST-200194,PROS-102087,Technology,Central,1-9 employees,340000.0,50.8,29,No,2026-01-17,30000.0
CUST-200195,PROS-104372,Professional Services,South,1-9 employees,93000.0,7.4,2,Yes,2025-06-21,16000.0
CUST-200196,PROS-104693,Wholesale Distribution,West,1-9 employees,2480000.0,56.0,11,Yes,2025-08-06,16000.0
CUST-200197,PROS-103859,Healthcare,South,10-49 employees,4502000.0,,5,Yes,2025-04-15,34000.0
CUST-200198,PROS-100523,Wholesale Distribution,West,1-9 employees,728000.0,32.5,24,Yes,2025-05-18,19000.0
CUST-200199,PROS-100974,Retail Trade,South,10-49 employees,178000.0,34.4,25,Yes,2025-11-01,9000.0
CUST-200200,PROS-105393,Wholesale Distribution,North,10-49 employees,416000.0,26.5,17,Yes,2025-03-06,9000.0
CUST-200201,PROS-103647,Technology,West,10-49 employees,350000.0,60.6,29,No,2025-04-25,18000.0
CUST-200202,PROS-100055,Manufacturing,Central,1-9 employees,288000.0,39.7,4,No,2025-02-11,18000.0
CUST-200203,PROS-100622,Retail Trade,Central,1-9 employees,157000.0,56.1,7,Yes,2025-04-12,25000.0
CUST-200204,PROS-104000,Construction,South,50-249 employees,2020000.0,50.8,27,Yes,2025-10-10,16000.0
CUST-200205,PROS-100027,Wholesale Distribution,West,1-9 employees,134000.0,67.2,29,No,2025-12-10,20000.0
CUST-200206,PROS-100968,Education,East,10-49 employees,586000.0,44.1,10,No,2025-05-12,16000.0
CUST-200207,PROS-103296,Professional Services,West,1-9 employees,802000.0,76.9,27,No,2025-12-26,23000.0
CUST-200208,PROS-104174,Healthcare,Central,1-9 employees,6383000.0,33.7,20,No,2025-06-13,20000.0
CUST-200209,PROS-103925,Transportation & Logistics,East,1000+ employees,659000.0,7.5,21,Yes,2025-04-17,11000.0
CUST-200210,PROS-101348,Hospitality,Central,1-9 employees,680000.0,21.5,25,Yes,2026-01-10,11000.0
CUST-200211,PROS-104286,Hospitality,West,250-999 employees,,70.1,29,Yes,2025-07-25,16000.0
CUST-200212,PROS-101422,Transportation & Logistics,North,1-9 employees,5230000.0,46.2,11,Yes,2025-03-21,14000.0
CUST-200213,PROS-104493,Professional Services,East,10-49 employees,4344000.0,,33,Yes,2025-03-30,29000.0
CUST-200214,PROS-103911,Education,South,10-49 employees,3674000.0,42.6,39,Yes,2025-05-30,15000.0
CUST-200215,PROS-105100,Transportation & Logistics,Central,250-999 employees,136000.0,44.0,22,Yes,2025-02-13,5000.0
CUST-200216,PROS-103962,Technology,West,1-9 employees,529000.0,,22,Yes,2025-12-30,6000.0
CUST-200217,PROS-103415,Healthcare,East,10-49 employees,3350000.0,41.3,28,Yes,2025-09-05,11000.0
CUST-200218,PROS-100579,Retail Trade,East,1000+ employees,780000.0,23.4,35,Yes,2026-01-12,20000.0
CUST-200219,PROS-102198,Transportation & Logistics,East,10-49 employees,4069000.0,37.8,27,No,2025-04-06,8000.0
CUST-200220,PROS-101595,Retail Trade,West,250-999 employees,885000.0,38.5,9,Yes,2025-11-18,19000.0
CUST-200221,PROS-101464,Wholesale Distribution,East,1000+ employees,3142000.0,36.9,7,No,2025-09-28,8000.0
CUST-200222,PROS-105842,Transportation & Logistics,West,10-49 employees,1585000.0,26.6,22,Yes,2025-06-03,14000.0
CUST-200223,PROS-102352,Hospitality,South,50-249 employees,1024000.0,29.8,39,No,2025-05-20,17000.0
CUST-200224,PROS-105357,Hospitality,West,250-999 employees,5729000.0,58.2,1,Yes,2025-02-20,6000.0
CUST-200225,PROS-103795,Professional Services,East,10-49 employees,158000.0,56.2,29,No,2025-11-16,16000.0
CUST-200226,PROS-104782,Construction,East,1-9 employees,3434000.0,32.6,23,Yes,2025-11-12,35000.0
CUST-200227,PROS-103468,Transportation & Logistics,Central,10-49 employees,4349000.0,66.7,39,Yes,2025-08-13,11000.0
CUST-200228,PROS-102962,Education,Central,50-249 employees,2410000.0,36.7,28,Yes,2025-12-02,13000.0
CUST-200229,PROS-101178,Professional Services,South,250-999 employees,467000.0,77.8,7,Yes,2025-09-06,15000.0
CUST-200230,PROS-104349,Construction,North,50-249 employees,1189000.0,82.9,11,No,2025-10-13,14000.0
CUST-200231,PROS-100147,Professional Services,West,1-9 employees,2271000.0,32.4,5,No,2026-02-03,13000.0
CUST-200232,PROS-103881,Professional Services,Central,1-9 employees,1741000.0,45.4,25,No,2025-05-15,12000.0
CUST-200233,PROS-101069,Manufacturing,West,50-249 employees,869000.0,34.0,38,Yes,2025-09-19,5000.0
CUST-200234,PROS-105651,Hospitality,North,10-49 employees,1100000.0,63.7,18,Yes,2025-09-18,17000.0
CUST-200235,PROS-105736,Professional Services,North,50-249 employees,1972000.0,72.2,15,Yes,2025-12-30,7000.0
CUST-200236,PROS-105494,Hospitality,Central,50-249 employees,1493000.0,25.6,24,Yes,2025-10-08,16000.0
CUST-200237,PROS-102215,Construction,West,1-9 employees,633000.0,42.0,19,No,2025-04-17,20000.0
CUST-200238,PROS-100092,Wholesale Distribution,North,10-49 employees,476000.0,54.8,14,Yes,2025-12-21,17000.0
CUST-200239,PROS-105578,Healthcare,Central,50-249 employees,1182000.0,36.8,39,No,2025-11-22,7000.0
CUST-200240,PROS-102563,Healthcare,South,1-9 employees,315000.0,29.3,34,No,2025-02-25,16000.0
CUST-200241,PROS-105809,Construction,East,50-249 employees,696000.0,73.8,12,Yes,2025-10-22,11000.0
CUST-200242,PROS-105794,Healthcare,North,50-249 employees,227000.0,15.6,8,Yes,2025-04-16,9000.0
CUST-200243,PROS-105122,Technology,South,50-249 employees,,47.7,35,No,2025-04-19,46000.0
CUST-200244,PROS-101759,Transportation & Logistics,East,10-49 employees,293000.0,29.4,10,Yes,2025-06-11,7000.0
CUST-200245,PROS-102301,Retail Trade,South,10-49 employees,1088000.0,78.0,22,No,2025-05-06,17000.0
CUST-200246,PROS-105112,Education,Central,1-9 employees,2633000.0,39.7,6,Yes,2025-11-21,33000.0
CUST-200247,PROS-101899,Construction,South,1-9 employees,439000.0,17.6,4,Yes,2025-03-20,16000.0
CUST-200248,PROS-101024,Wholesale Distribution,North,1-9 employees,269000.0,46.5,25,Yes,2025-12-24,9000.0
CUST-200249,PROS-103343,Technology,South,1-9 employees,269000.0,49.2,4,No,2025-01-23,9000.0
CUST-200250,PROS-105623,Wholesale Distribution,North,50-249 employees,374000.0,53.3,23,Yes,2025-04-22,5000.0
CUST-200251,PROS-104198,Education,Central,10-49 employees,954000.0,27.3,19,Yes,2025-07-01,14000.0
CUST-200252,PROS-103427,Wholesale Distribution,Central,10-49 employees,650000.0,39.6,24,Yes,2025-07-21,14000.0
CUST-200253,PROS-100599,Technology,North,10-49 employees,254000.0,33.0,29,No,2025-12-20,11000.0
CUST-200254,PROS-103697,Healthcare,North,10-49 employees,3646000.0,72.1,2,No,2025-09-01,31000.0
CUST-200255,PROS-105940,Professional Services,South,10-49 employees,3490000.0,63.1,27,Yes,2025-07-31,13000.0
CUST-200256,PROS-100839,Education,Central,250-999 employees,1166000.0,69.5,20,No,2025-03-08,5000.0
CUST-200257,PROS-103119,Wholesale Distribution,West,250-999 employees,265000.0,42.9,35,Yes,2025-01-18,33000.0
CUST-200258,PROS-104459,Technology,South,10-49 employees,370000.0,58.6,9,No,2025-11-13,6000.0
CUST-200259,PROS-104204,Professional Services,West,50-249 employees,48000.0,,29,Yes,2025-08-19,18000.0
CUST-200260,PROS-104232,Technology,North,1-9 employees,4728000.0,72.0,21,Yes,2025-07-08,20000.0
CUST-200261,PROS-102147,Education,North,1-9 employees,1798000.0,59.4,19,No,2025-07-21,13000.0
CUST-200262,PROS-101755,Construction,Central,250-999 employees,2957000.0,41.7,39,Yes,2025-12-24,23000.0
CUST-200263,PROS-104867,Construction,East,1-9 employees,333000.0,66.3,6,Yes,2025-07-02,14000.0
CUST-200264,PROS-104870,Retail Trade,South,10-49 employees,787000.0,35.4,30,No,2025-08-08,11000.0
CUST-200265,PROS-105205,Healthcare,Central,1-9 employees,731000.0,66.4,5,Yes,2025-07-26,3000.0
CUST-200266,PROS-105482,Construction,North,1-9 employees,466000.0,62.0,36,No,2025-11-30,4000.0
CUST-200267,PROS-103077,Wholesale Distribution,North,50-249 employees,54000.0,26.6,3,Yes,2025-03-31,71000.0
CUST-200268,PROS-103016,Transportation & Logistics,South,50-249 employees,303000.0,43.8,5,Yes,2025-01-20,21000.0
CUST-200269,PROS-104802,Professional Services,South,10-49 employees,6180000.0,68.2,10,Yes,2026-01-19,29000.0
CUST-200270,PROS-103912,RETAIL TRADE,East,250-999 employees,197000.0,46.0,14,Yes,2025-06-25,62000.0
CUST-200271,PROS-104230,Manufacturing,North,10-49 employees,1956000.0,60.5,38,No,2025-08-19,11000.0
CUST-200272,PROS-104786,Transportation & Logistics,North,50-249 employees,183000.0,47.5,13,Yes,2025-06-17,12000.0
CUST-200273,PROS-105345,Construction,South,10-49 employees,215000.0,54.6,39,No,2025-04-28,5000.0
CUST-200274,PROS-102024,Manufacturing,North,1-9 employees,,55.8,28,No,2025-03-19,11000.0
CUST-200275,PROS-102250,Transportation & Logistics,West,10-49 employees,44000.0,25.7,35,No,2025-09-29,11000.0
CUST-200276,PROS-100581,Wholesale Distribution,South,10-49 employees,844000.0,,22,No,2025-08-13,10000.0
CUST-200277,PROS-103477,Transportation & Logistics,North,50-249 employees,791000.0,40.0,14,Yes,2025-09-08,25000.0
CUST-200278,PROS-100219,Education,Central,10-49 employees,906000.0,29.8,10,No,2025-10-28,21000.0
CUST-200279,PROS-102795,Education,West,10-49 employees,328000.0,41.6,2,Yes,2025-04-30,23000.0
CUST-200280,PROS-101712,Wholesale Distribution,South,10-49 employees,1203000.0,,14,Yes,2025-07-17,6000.0
CUST-200281,PROS-103548,Construction,Central,10-49 employees,1156000.0,48.7,2,Yes,2025-08-29,13000.0
CUST-200282,PROS-100186,Retail Trade,South,50-249 employees,1373000.0,9.9,14,Yes,2025-11-29,16000.0
CUST-200283,PROS-100228,Transportation & Logistics,North,10-49 employees,731000.0,46.5,25,No,2025-02-09,42000.0
CUST-200284,PROS-104942,Wholesale Distribution,West,10-49 employees,260000.0,78.7,18,No,2025-04-28,14000.0
CUST-200285,PROS-102150,Construction,Central,10-49 employees,478000.0,52.6,27,Yes,2025-03-20,12000.0
CUST-200286,PROS-100764,Construction,East,1-9 employees,1029000.0,15.5,9,Yes,2025-04-30,26000.0
CUST-200287,PROS-103140,Healthcare,East,10-49 employees,613000.0,62.1,21,Yes,2026-01-09,11000.0
CUST-200288,PROS-104631,Professional Services,South,1-9 employees,204000.0,58.7,39,Yes,2025-03-08,18000.0
CUST-200289,PROS-101300,Hospitality,West,10-49 employees,785000.0,20.4,32,Yes,2025-10-28,17000.0
CUST-200290,PROS-103749,Education,East,1-9 employees,184000.0,45.7,26,No,2025-11-10,10000.0
CUST-200291,PROS-100531,Retail Trade,South,1000+ employees,1507000.0,56.5,12,Yes,2025-10-25,9000.0
CUST-200292,PROS-103195,Retail Trade,North,1-9 employees,1050000.0,63.3,35,Yes,2025-03-01,13000.0
CUST-200293,PROS-103250,Construction,West,1-9 employees,467000.0,39.1,29,Yes,2025-02-03,10000.0
CUST-200294,PROS-103829,Retail Trade,South,10-49 employees,123000.0,68.3,10,Yes,2025-03-01,5000.0
CUST-200295,PROS-104374,Construction,West,50-249 employees,710000.0,43.0,33,Yes,2025-12-01,20000.0
CUST-200296,PROS-105858,Construction,South,10-49 employees,2619000.0,42.0,11,No,2025-01-03,18000.0
CUST-200297,PROS-103105,Construction,North,50-249 employees,327000.0,26.6,37,Yes,2025-10-16,8000.0
CUST-200298,PROS-101936,Construction,North,1-9 employees,711000.0,50.7,25,Yes,2025-06-05,8000.0
CUST-200299,PROS-104784,Wholesale Distribution,Central,1000+ employees,636000.0,74.2,29,Yes,2026-01-15,17000.0
CUST-200300,PROS-101625,Education,East,1-9 employees,,61.8,22,Yes,2025-06-24,38000.0
CUST-200301,PROS-102632,Education,East,1-9 employees,671000.0,25.9,22,No,2025-07-04,24000.0
CUST-200302,PROS-100487,TRANSPORTATION & LOGISTICS,South,50-249 employees,559000.0,18.2,30,Yes,2025-06-30,27000.0
CUST-200303,PROS-105788,Transportation & Logistics,East,50-249 employees,746000.0,59.0,33,Yes,2025-11-19,11000.0
CUST-200304,PROS-105024,Wholesale Distribution,North,1-9 employees,,21.2,10,Yes,2025-11-03,17000.0
CUST-200305,PROS-102440,Construction,East,50-249 employees,747000.0,36.6,23,Yes,2026-01-19,12000.0
CUST-200306,PROS-101043,Construction,Central,1-9 employees,495000.0,,11,Yes,2025-06-15,8000.0
CUST-200307,PROS-100936,Retail Trade,East,250-999 employees,566000.0,74.6,7,No,2025-12-03,15000.0
CUST-200308,PROS-101502,Professional Services,West,1-9 employees,3682000.0,27.2,20,No,2025-01-02,7000.0
CUST-200309,PROS-103299,Wholesale Distribution,East,1-9 employees,3557000.0,11.4,1,Yes,2025-09-05,8000.0
CUST-200310,PROS-104300,Professional Services,North,1-9 employees,2089000.0,18.4,5,Yes,2025-09-01,10000.0
CUST-200311,PROS-103979,RETAIL TRADE,North,1-9 employees,887000.0,52.6,18,No,2025-01-21,10000.0
CUST-200312,PROS-101679,Transportation & Logistics,South,1000+ employees,82000.0,45.7,37,Yes,2025-03-10,13000.0
CUST-200313,PROS-105742,Wholesale Distribution,East,1000+ employees,989000.0,20.0,27,Yes,2026-01-25,3000.0
CUST-200314,PROS-104442,Technology,South,1000+ employees,939000.0,,35,Yes,2025-01-11,7000.0
CUST-200315,PROS-103328,Construction,East,1-9 employees,902000.0,64.0,33,Yes,2025-07-22,34000.0
CUST-200316,PROS-102509,Retail Trade,Central,250-999 employees,2404000.0,63.3,38,No,2025-11-07,13000.0
CUST-200317,PROS-101486,Retail Trade,Central,1-9 employees,2271000.0,65.7,20,Yes,2026-01-29,18000.0
CUST-200318,PROS-102125,Professional Services,North,10-49 employees,239000.0,56.8,17,Yes,2025-04-09,17000.0
CUST-200319,PROS-104557,Wholesale Distribution,North,1-9 employees,886000.0,63.7,17,Yes,2025-09-07,12000.0
CUST-200320,PROS-100084,Technology,West,1-9 employees,526000.0,60.0,33,Yes,2025-10-30,7000.0
CUST-200321,PROS-100704,Retail Trade,Central,10-49 employees,351000.0,12.8,3,Yes,2025-12-28,9000.0
CUST-200322,PROS-100282,Technology,East,10-49 employees,,21.8,7,Yes,2025-09-14,43000.0
CUST-200323,PROS-100249,Manufacturing,North,10-49 employees,745000.0,58.7,19,Yes,2025-04-04,9000.0
CUST-200324,PROS-105140,Construction,North,1-9 employees,866000.0,63.6,29,Yes,2025-12-20,37000.0
CUST-200325,PROS-104237,Retail Trade,North,1-9 employees,1446000.0,13.9,3,Yes,2026-01-13,10000.0
CUST-200326,PROS-102853,Manufacturing,North,10-49 employees,1161000.0,73.8,20,Yes,2025-05-24,11000.0
CUST-200327,PROS-100603,Retail Trade,South,1-9 employees,740000.0,63.7,13,Yes,2025-07-18,13000.0
CUST-200328,PROS-102957,Healthcare,Central,50-249 employees,1113000.0,,7,Yes,2025-09-18,12000.0
CUST-200329,PROS-102849,Construction,East,1000+ employees,,8.3,20,Yes,2025-11-29,7000.0
CUST-200330,PROS-102601,Professional Services,East,1-9 employees,484000.0,29.6,12,Yes,2025-08-16,13000.0
CUST-200331,PROS-102382,Education,East,1-9 employees,1121000.0,40.9,17,Yes,2025-10-27,5000.0
CUST-200332,PROS-103702,Professional Services,South,1000+ employees,245000.0,53.2,31,No,2025-11-10,16000.0
CUST-200333,PROS-103817,Wholesale Distribution,West,1-9 employees,709000.0,24.3,9,No,2025-03-25,15000.0
CUST-200334,PROS-100278,Manufacturing,North,50-249 employees,1833000.0,38.5,37,No,2025-05-12,20000.0
CUST-200335,PROS-102242,Healthcare,East,1000+ employees,1280000.0,6.1,36,Yes,2025-12-04,9000.0
CUST-200336,PROS-103765,Healthcare,West,10-49 employees,602000.0,43.2,29,Yes,2025-08-28,20000.0
CUST-200337,PROS-103025,Technology,Central,10-49 employees,5270000.0,,27,Yes,2025-03-22,17000.0
CUST-200338,PROS-105145,Hospitality,East,50-249 employees,1645000.0,82.6,19,No,2025-08-05,14000.0
CUST-200339,PROS-103968,Transportation & Logistics,South,1-9 employees,2894000.0,85.0,12,Yes,2025-03-26,43000.0
CUST-200340,PROS-100981,HOSPITALITY,East,1000+ employees,2249000.0,41.5,33,Yes,2025-01-18,17000.0
CUST-200341,PROS-100438,Manufacturing,North,250-999 employees,326000.0,44.4,20,Yes,2025-07-03,10000.0
CUST-200342,PROS-103862,Professional Services,Central,1-9 employees,3505000.0,31.4,14,Yes,2025-01-14,33000.0
CUST-200343,PROS-100160,Education,South,50-249 employees,763000.0,69.5,10,Yes,2026-01-17,18000.0
CUST-200344,PROS-103517,Education,North,10-49 employees,4894000.0,13.4,33,Yes,2025-12-28,38000.0
CUST-200345,PROS-105650,Education,East,10-49 employees,179000.0,63.0,8,No,2025-03-29,4000.0
CUST-200346,PROS-103461,Education,South,1-9 employees,2070000.0,72.4,37,Yes,2025-09-14,11000.0
CUST-200347,PROS-102318,Wholesale Distribution,South,1-9 employees,1317000.0,37.3,16,Yes,2025-06-04,11000.0
CUST-200348,PROS-103867,Wholesale Distribution,South,50-249 employees,257000.0,55.5,4,Yes,2025-09-03,4000.0
CUST-200349,PROS-102749,Education,East,10-49 employees,881000.0,34.0,11,Yes,2025-07-28,14000.0
CUST-200350,PROS-103280,MANUFACTURING,East,250-999 employees,356000.0,45.6,37,Yes,2025-10-25,10000.0
CUST-200351,PROS-105657,Wholesale Distribution,East,50-249 employees,1855000.0,17.1,16,Yes,2025-10-31,4000.0
CUST-200352,PROS-102308,Construction,West,10-49 employees,1689000.0,72.3,10,Yes,2025-01-07,8000.0
CUST-200353,PROS-105779,Retail Trade,North,250-999 employees,643000.0,39.2,29,No,2025-12-05,30000.0
CUST-200354,PROS-105435,Education,Central,10-49 employees,938000.0,61.9,23,No,2025-04-03,23000.0
CUST-200355,PROS-101181,Education,Central,10-49 employees,514000.0,5.5,31,Yes,2025-09-12,8000.0
CUST-200356,PROS-100432,Wholesale Distribution,South,1-9 employees,324000.0,81.5,28,Yes,2025-09-18,8000.0
CUST-200357,PROS-100618,Manufacturing,South,1-9 employees,596000.0,41.5,4,Yes,2025-09-11,22000.0
CUST-200358,PROS-100107,Technology,West,1-9 employees,2893000.0,37.6,2,No,2025-10-15,4000.0
CUST-200359,PROS-100585,Education,East,1-9 employees,845000.0,64.7,29,Yes,2025-02-22,19000.0
CUST-200360,PROS-104116,Manufacturing,Central,250-999 employees,1842000.0,15.6,11,Yes,2025-09-09,4000.0
CUST-200361,PROS-100441,Construction,South,250-999 employees,175000.0,59.0,2,No,2025-05-31,35000.0
CUST-200362,PROS-101912,Manufacturing,South,10-49 employees,,79.5,6,No,2025-06-14,19000.0
CUST-200363,PROS-105077,Manufacturing,South,10-49 employees,1496000.0,34.8,29,No,2025-02-28,4000.0
CUST-200364,PROS-100140,Education,South,1-9 employees,914000.0,45.1,32,No,2025-08-24,10000.0
CUST-200365,PROS-104893,Manufacturing,Central,10-49 employees,1093000.0,67.3,9,No,2025-05-10,16000.0
CUST-200366,PROS-101689,MANUFACTURING,Central,10-49 employees,689000.0,65.8,14,Yes,2025-10-07,4000.0
CUST-200367,PROS-100718,Professional Services,North,10-49 employees,392000.0,17.5,27,No,2025-07-10,13000.0
CUST-200368,PROS-104202,Construction,Central,10-49 employees,160000.0,,13,Yes,2025-06-12,17000.0
CUST-200369,PROS-103782,Retail Trade,Central,50-249 employees,2183000.0,27.8,33,Yes,2025-07-23,3000.0
CUST-200370,PROS-105267,TECHNOLOGY,North,50-249 employees,179000.0,10.0,14,Yes,2025-08-14,20000.0
CUST-200371,PROS-104426,Professional Services,West,1-9 employees,56000.0,49.3,10,Yes,2025-09-28,12000.0
CUST-200372,PROS-101071,Professional Services,West,1-9 employees,443000.0,9.4,27,Yes,2025-02-01,23000.0
CUST-200373,PROS-104520,Education,Central,250-999 employees,2300000.0,30.7,21,Yes,2025-11-17,11000.0
CUST-200374,PROS-104854,Manufacturing,South,250-999 employees,349000.0,14.8,19,Yes,2025-03-09,7000.0
CUST-200375,PROS-105943,Technology,North,1-9 employees,3287000.0,29.7,19,Yes,2025-04-03,6000.0
CUST-200376,PROS-102462,Healthcare,West,50-249 employees,,46.9,24,Yes,2025-11-06,11000.0
CUST-200377,PROS-102225,Technology,West,1-9 employees,175000.0,33.7,27,No,2025-01-02,11000.0
CUST-200378,PROS-104672,Professional Services,South,1-9 employees,1382000.0,73.4,29,No,2025-06-02,25000.0
CUST-200379,PROS-102038,Education,South,1-9 employees,921000.0,13.2,22,Yes,2025-09-23,11000.0
CUST-200380,PROS-105590,Manufacturing,North,10-49 employees,1135000.0,24.4,38,Yes,2025-11-08,5000.0
CUST-200381,PROS-105157,RETAIL TRADE,Central,250-999 employees,1120000.0,26.0,30,Yes,2025-12-24,10000.0
CUST-200382,PROS-102570,Wholesale Distribution,Central,10-49 employees,684000.0,69.7,37,No,2025-09-27,5000.0
CUST-200383,PROS-104521,Technology,West,50-249 employees,917000.0,78.4,32,Yes,2025-04-04,16000.0
CUST-200384,PROS-104541,Technology,Central,10-49 employees,713000.0,55.1,39,Yes,2025-05-26,18000.0
CUST-200385,PROS-100630,Hospitality,East,50-249 employees,159000.0,49.7,20,No,2025-01-10,20000.0
CUST-200386,PROS-105418,Transportation & Logistics,West,50-249 employees,3782000.0,42.6,12,Yes,2025-11-05,11000.0
CUST-200387,PROS-103037,Retail Trade,West,10-49 employees,448000.0,86.8,25,Yes,2025-01-03,8000.0
CUST-200388,PROS-104964,Education,South,10-49 employees,1202000.0,68.0,17,No,2025-02-20,9000.0
CUST-200389,PROS-101918,Healthcare,North,250-999 employees,2311000.0,37.9,4,Yes,2026-01-25,12000.0
CUST-200390,PROS-105373,Professional Services,North,1000+ employees,5163000.0,44.8,27,No,2025-03-06,9000.0
CUST-200391,PROS-102324,Hospitality,East,250-999 employees,300000.0,,34,Yes,2025-04-24,35000.0
CUST-200392,PROS-100064,Healthcare,South,1-9 employees,935000.0,59.2,14,Yes,2025-06-13,10000.0
CUST-200393,PROS-100568,Technology,North,10-49 employees,55000.0,69.9,2,No,2025-02-25,12000.0
CUST-200394,PROS-101915,Transportation & Logistics,Central,1000+ employees,441000.0,64.0,19,Yes,2025-09-20,8000.0
CUST-200395,PROS-105715,Healthcare,East,250-999 employees,321000.0,55.3,7,Yes,2025-05-05,8000.0
CUST-200396,PROS-105718,Manufacturing,Central,10-49 employees,444000.0,24.5,3,Yes,2025-04-30,6000.0
CUST-200397,PROS-103450,Healthcare,West,250-999 employees,6446000.0,24.8,39,Yes,2025-08-18,7000.0
CUST-200398,PROS-103799,Manufacturing,West,10-49 employees,183000.0,,13,Yes,2025-05-10,41000.0
CUST-200399,PROS-102691,Technology,Central,1-9 employees,7060000.0,40.3,11,Yes,2025-03-29,18000.0
CUST-200400,PROS-101753,Construction,North,50-249 employees,559000.0,36.6,23,Yes,2025-12-11,10000.0
CUST-200401,PROS-101973,Construction,South,1-9 employees,115000.0,39.7,12,Yes,2025-08-21,9000.0
CUST-200402,PROS-104055,Construction,South,1-9 employees,283000.0,,35,No,2025-12-26,28000.0
CUST-200403,PROS-104529,TRANSPORTATION & LOGISTICS,South,10-49 employees,199000.0,55.7,28,No,2025-05-24,8000.0
CUST-200404,PROS-104765,Retail Trade,West,1-9 employees,109000.0,74.4,24,Yes,2026-01-01,4000.0
CUST-200405,PROS-104754,Professional Services,West,10-49 employees,1220000.0,32.6,32,No,2025-12-22,17000.0
CUST-200406,PROS-100567,Professional Services,North,10-49 employees,328000.0,41.2,29,No,2025-01-09,7000.0
CUST-200407,PROS-102974,Manufacturing,North,1-9 employees,5782000.0,62.3,26,Yes,2025-02-20,6000.0
CUST-200408,PROS-100357,Wholesale Distribution,North,250-999 employees,,59.8,3,Yes,2025-11-16,6000.0
CUST-200409,PROS-103301,Professional Services,Central,10-49 employees,163000.0,24.9,24,Yes,2025-04-29,17000.0
CUST-200410,PROS-102652,Education,South,1000+ employees,7445000.0,60.1,20,Yes,2025-11-01,12000.0
CUST-200411,PROS-105331,Wholesale Distribution,West,1000+ employees,438000.0,57.4,25,Yes,2025-06-23,7000.0
CUST-200412,PROS-102097,Wholesale Distribution,South,10-49 employees,209000.0,41.1,34,Yes,2025-04-14,17000.0
CUST-200413,PROS-100710,Technology,South,1-9 employees,568000.0,55.6,27,Yes,2025-03-29,8000.0
CUST-200414,PROS-100855,Wholesale Distribution,Central,1-9 employees,552000.0,85.2,20,No,2025-04-01,5000.0
CUST-200415,PROS-103718,Technology,East,50-249 employees,1294000.0,33.6,11,No,2025-09-23,6000.0
CUST-200416,PROS-100620,Healthcare,North,50-249 employees,3035000.0,21.3,32,Yes,2025-01-14,13000.0
CUST-200417,PROS-104226,Healthcare,South,50-249 employees,725000.0,93.7,19,Yes,2025-03-17,8000.0
CUST-200418,PROS-100454,Transportation & Logistics,East,50-249 employees,256000.0,,26,Yes,2025-11-25,14000.0
CUST-200419,PROS-104938,Professional Services,West,10-49 employees,505000.0,39.1,8,No,2025-05-08,26000.0
CUST-200420,PROS-104254,Construction,North,50-249 employees,578000.0,49.8,29,Yes,2025-09-01,9000.0
CUST-200421,PROS-100507,Professional Services,East,1-9 employees,626000.0,56.5,21,No,2025-04-30,66000.0
CUST-200422,PROS-100529,Education,South,1-9 employees,367000.0,80.0,20,Yes,2025-01-07,15000.0
CUST-200423,PROS-105919,Education,South,10-49 employees,,66.6,33,No,2025-06-29,12000.0
CUST-200424,PROS-102240,Professional Services,West,1-9 employees,600000.0,62.9,39,No,2025-04-01,5000.0
CUST-200425,PROS-102217,Education,Central,10-49 employees,1946000.0,57.2,12,Yes,2025-10-22,10000.0
CUST-200426,PROS-104884,Manufacturing,North,250-999 employees,377000.0,73.0,26,Yes,2025-11-29,11000.0
CUST-200427,PROS-105695,Manufacturing,South,50-249 employees,930000.0,35.8,30,Yes,2025-12-19,21000.0
CUST-200428,PROS-105915,Manufacturing,North,50-249 employees,8128000.0,41.7,36,Yes,2025-08-29,9000.0
CUST-200429,PROS-104534,Manufacturing,Central,1-9 employees,929000.0,,25,Yes,2025-02-02,17000.0
CUST-200430,PROS-102255,Technology,East,1-9 employees,1131000.0,39.3,11,Yes,2025-12-09,13000.0
CUST-200431,PROS-100520,Construction,North,1000+ employees,1316000.0,56.7,12,No,2025-12-04,23000.0
CUST-200432,PROS-104676,Transportation & Logistics,South,10-49 employees,101000.0,43.6,5,Yes,2025-02-28,25000.0
CUST-200433,PROS-103351,Education,North,10-49 employees,,43.6,28,Yes,2025-06-13,16000.0
CUST-200434,PROS-102537,Healthcare,West,250-999 employees,3271000.0,33.6,3,Yes,2026-01-17,21000.0
CUST-200435,PROS-105441,Transportation & Logistics,West,1-9 employees,1074000.0,39.1,18,No,2025-11-19,26000.0
CUST-200436,PROS-100677,Manufacturing,South,250-999 employees,140000.0,16.9,18,Yes,2025-03-24,18000.0
CUST-200437,PROS-102963,Manufacturing,West,10-49 employees,,59.5,26,Yes,2025-09-08,15000.0
CUST-200438,PROS-100068,Manufacturing,North,1-9 employees,3645000.0,15.7,39,Yes,2025-05-02,17000.0
CUST-200439,PROS-102815,Manufacturing,South,1-9 employees,2783000.0,,37,Yes,2025-12-14,35000.0
CUST-200440,PROS-100350,Transportation & Logistics,South,50-249 employees,7712000.0,37.4,27,Yes,2026-01-06,14000.0
CUST-200441,PROS-100722,Wholesale Distribution,North,10-49 employees,1244000.0,72.4,39,Yes,2025-11-09,20000.0
CUST-200442,PROS-100713,Hospitality,East,10-49 employees,1867000.0,16.1,4,Yes,2025-05-06,8000.0
CUST-200443,PROS-103907,Education,Central,50-249 employees,938000.0,53.3,33,Yes,2025-06-07,32000.0
CUST-200444,PROS-104491,Retail Trade,West,10-49 employees,482000.0,60.8,7,No,2025-08-27,17000.0
CUST-200445,PROS-103505,Wholesale Distribution,South,10-49 employees,296000.0,53.1,30,Yes,2026-01-15,10000.0
CUST-200446,PROS-105786,Technology,East,10-49 employees,755000.0,48.2,29,Yes,2025-05-18,12000.0
CUST-200447,PROS-102243,Retail Trade,West,10-49 employees,5434000.0,65.7,22,No,2025-08-11,11000.0
CUST-200448,PROS-101708,Professional Services,East,10-49 employees,523000.0,53.4,32,Yes,2025-10-23,13000.0
CUST-200449,PROS-105215,Professional Services,East,1-9 employees,1072000.0,,11,Yes,2025-05-29,15000.0
CUST-200450,PROS-101344,Retail Trade,West,1-9 employees,428000.0,73.5,35,No,2025-05-05,11000.0
CUST-200451,PROS-105790,Hospitality,West,50-249 employees,1676000.0,67.0,37,Yes,2025-06-06,5000.0
CUST-200452,PROS-100072,Healthcare,West,1-9 employees,112000.0,33.3,7,Yes,2025-06-26,38000.0
CUST-200453,PROS-100264,Education,East,10-49 employees,815000.0,78.0,29,Yes,2025-02-07,15000.0
CUST-200454,PROS-105353,Healthcare,North,1-9 employees,904000.0,53.7,9,No,2025-02-03,15000.0
CUST-200455,PROS-103175,Transportation & Logistics,Central,1000+ employees,145000.0,19.3,11,No,2025-10-07,12000.0
CUST-200456,PROS-105956,Professional Services,Central,50-249 employees,855000.0,58.2,29,Yes,2026-01-04,23000.0
CUST-200457,PROS-100461,Retail Trade,East,50-249 employees,87000.0,37.1,26,Yes,2025-11-19,13000.0
CUST-200458,PROS-103326,Retail Trade,North,10-49 employees,2431000.0,43.9,23,Yes,2025-12-29,11000.0
CUST-200459,PROS-105822,Wholesale Distribution,East,50-249 employees,522000.0,77.4,16,Yes,2025-12-02,11000.0
CUST-200460,PROS-103146,Technology,West,1-9 employees,1692000.0,26.9,31,Yes,2025-11-18,28000.0
CUST-200461,PROS-103784,Education,East,10-49 employees,2049000.0,68.4,23,Yes,2025-01-24,15000.0
CUST-200462,PROS-104197,Retail Trade,Central,50-249 employees,1608000.0,29.3,32,Yes,2025-12-16,13000.0
CUST-200463,PROS-102726,Retail Trade,Central,1000+ employees,321000.0,44.2,37,No,2025-06-28,10000.0
CUST-200464,PROS-103773,Retail Trade,North,10-49 employees,1037000.0,,11,No,2025-08-30,11000.0
CUST-200465,PROS-103510,Education,South,10-49 employees,880000.0,60.9,8,Yes,2025-12-22,25000.0
CUST-200466,PROS-105408,Transportation & Logistics,West,10-49 employees,1419000.0,50.7,33,Yes,2025-02-04,7000.0
CUST-200467,PROS-100279,MANUFACTURING,South,1-9 employees,261000.0,10.7,10,Yes,2025-04-12,19000.0
CUST-200468,PROS-101685,Transportation & Logistics,West,50-249 employees,549000.0,14.6,4,Yes,2025-01-29,20000.0
CUST-200469,PROS-105717,Hospitality,East,50-249 employees,567000.0,34.2,26,No,2025-06-17,15000.0
CUST-200470,PROS-105347,Healthcare,East,1-9 employees,947000.0,30.9,15,Yes,2025-11-11,11000.0
CUST-200471,PROS-102732,Education,South,10-49 employees,358000.0,66.9,22,No,2025-07-16,5000.0
CUST-200472,PROS-103731,Wholesale Distribution,North,10-49 employees,959000.0,30.2,25,Yes,2025-07-26,19000.0
CUST-200473,PROS-101665,Construction,East,10-49 employees,,44.8,17,No,2025-04-04,5000.0
CUST-200474,PROS-101138,Hospitality,South,50-249 employees,448000.0,,39,Yes,2025-04-21,14000.0
CUST-200475,PROS-102784,Education,South,50-249 employees,120000.0,54.8,17,Yes,2025-08-11,13000.0
CUST-200476,PROS-102109,Professional Services,Central,10-49 employees,253000.0,48.4,18,Yes,2025-01-15,21000.0
CUST-200477,PROS-103507,Wholesale Distribution,East,1-9 employees,282000.0,55.0,8,No,2025-06-27,7000.0
CUST-200478,PROS-100483,Hospitality,East,50-249 employees,5277000.0,55.6,23,No,2026-01-29,7000.0
CUST-200479,PROS-105849,Manufacturing,East,1-9 employees,496000.0,72.9,11,Yes,2025-08-17,18000.0
CUST-200480,PROS-105916,Construction,East,50-249 employees,1467000.0,21.2,5,No,2025-02-08,12000.0
CUST-200481,PROS-104211,Hospitality,East,10-49 employees,11986000.0,29.6,26,No,2025-06-17,3000.0
CUST-200482,PROS-103222,Hospitality,East,1-9 employees,235000.0,33.0,11,No,2025-05-26,13000.0
CUST-200483,PROS-101856,Construction,North,1-9 employees,647000.0,7.5,38,Yes,2025-10-07,39000.0
CUST-200484,PROS-104889,Healthcare,Central,1-9 employees,2020000.0,16.2,1,Yes,2025-09-30,18000.0
CUST-200485,PROS-104128,Transportation & Logistics,South,1-9 employees,31000.0,35.1,4,No,2026-01-27,6000.0
CUST-200486,PROS-100978,Construction,West,50-249 employees,507000.0,29.0,15,Yes,2025-09-07,17000.0
CUST-200487,PROS-105468,Transportation & Logistics,West,50-249 employees,1103000.0,45.6,28,No,2025-04-05,24000.0
CUST-200488,PROS-105713,Technology,East,10-49 employees,357000.0,31.1,12,No,2025-02-20,4000.0
CUST-200489,PROS-104371,Retail Trade,Central,1-9 employees,2226000.0,51.9,1,Yes,2025-03-05,11000.0
CUST-200490,PROS-103690,Healthcare,North,10-49 employees,388000.0,50.9,28,Yes,2025-09-06,29000.0
CUST-200491,PROS-102500,Technology,South,1-9 employees,4233000.0,74.9,14,Yes,2025-08-27,5000.0
CUST-200492,PROS-105604,Technology,West,1-9 employees,778000.0,32.3,15,No,2025-05-15,11000.0
CUST-200493,PROS-105201,Healthcare,East,1-9 employees,713000.0,20.9,30,Yes,2025-10-22,11000.0
CUST-200494,PROS-100276,Healthcare,North,1-9 employees,995000.0,43.1,30,Yes,2025-03-10,10000.0
CUST-200495,PROS-100159,Hospitality,South,250-999 employees,512000.0,24.3,28,No,2025-10-13,30000.0
CUST-200496,PROS-102256,Hospitality,East,50-249 employees,85000.0,49.9,18,Yes,2025-09-04,27000.0
CUST-200497,PROS-104873,Transportation & Logistics,Central,1-9 employees,207000.0,68.2,39,Yes,2025-03-12,11000.0
CUST-200498,PROS-105922,Technology,North,50-249 employees,1108000.0,38.1,38,Yes,2025-12-27,7000.0
CUST-200499,PROS-100898,Manufacturing,Central,10-49 employees,,63.0,14,Yes,2025-12-14,28000.0
CUST-200500,PROS-103568,Hospitality,South,1-9 employees,192000.0,72.4,21,Yes,2025-10-28,21000.0
CUST-200501,PROS-102278,Construction,North,250-999 employees,988000.0,38.2,35,No,2025-09-23,13000.0
CUST-200502,PROS-105058,Professional Services,Central,250-999 employees,3133000.0,37.4,25,Yes,2025-03-06,19000.0
CUST-200503,PROS-105038,Education,West,10-49 employees,2812000.0,74.6,25,No,2026-01-22,19000.0
CUST-200504,PROS-102476,Transportation & Logistics,East,50-249 employees,1804000.0,25.5,30,No,2025-03-11,7000.0
CUST-200505,PROS-101641,Manufacturing,West,250-999 employees,8404000.0,59.7,2,Yes,2025-11-19,9000.0
CUST-200506,PROS-105194,Construction,North,10-49 employees,,20.4,13,Yes,2025-07-07,13000.0
CUST-200507,PROS-104885,Professional Services,Central,1-9 employees,337000.0,34.9,16,Yes,2025-09-25,4000.0
CUST-200508,PROS-105998,Hospitality,South,50-249 employees,383000.0,59.5,17,No,2025-01-09,10000.0
CUST-200509,PROS-105980,Technology,West,10-49 employees,365000.0,57.5,21,Yes,2025-05-07,8000.0
CUST-200510,PROS-104625,Construction,South,50-249 employees,332000.0,57.7,24,Yes,2025-01-09,14000.0
CUST-200511,PROS-105678,Technology,North,10-49 employees,500000.0,44.4,3,Yes,2025-10-19,6000.0
CUST-200512,PROS-105102,Professional Services,Central,50-249 employees,576000.0,32.2,10,Yes,2025-04-11,17000.0
CUST-200513,PROS-101484,Healthcare,North,1-9 employees,499000.0,73.2,8,Yes,2025-05-06,15000.0
CUST-200514,PROS-102702,Professional Services,Central,1-9 employees,1546000.0,68.8,4,No,2025-02-12,12000.0
CUST-200515,PROS-100776,Healthcare,East,10-49 employees,,71.7,28,Yes,2025-02-22,17000.0
CUST-200516,PROS-105737,Education,North,50-249 employees,457000.0,16.6,25,No,2025-08-07,19000.0
CUST-200517,PROS-103645,Transportation & Logistics,West,10-49 employees,310000.0,21.1,37,Yes,2025-05-17,11000.0
CUST-200518,PROS-104051,Construction,West,1-9 employees,159000.0,62.0,30,Yes,2025-01-18,13000.0
CUST-200519,PROS-103717,PROFESSIONAL SERVICES,North,1-9 employees,603000.0,54.6,1,Yes,2025-12-02,8000.0
CUST-200520,PROS-102140,Hospitality,West,1-9 employees,2256000.0,77.0,37,Yes,2025-04-08,8000.0
CUST-200521,PROS-104050,Construction,South,1-9 employees,1116000.0,49.0,6,No,2025-01-18,34000.0
CUST-200522,PROS-103130,Construction,East,1-9 employees,727000.0,30.4,17,No,2025-01-24,11000.0
CUST-200523,PROS-104646,Hospitality,South,10-49 employees,710000.0,68.4,30,Yes,2025-06-12,13000.0
CUST-200524,PROS-103129,Hospitality,North,10-49 employees,492000.0,22.1,30,Yes,2025-08-01,12000.0
CUST-200525,PROS-105117,Healthcare,West,10-49 employees,3526000.0,42.5,15,Yes,2025-02-21,16000.0
CUST-200526,PROS-103317,Construction,East,1-9 employees,,17.5,6,Yes,2025-05-22,9000.0
CUST-200527,PROS-103369,Retail Trade,Central,50-249 employees,315000.0,62.3,3,No,2025-05-19,10000.0
CUST-200528,PROS-105262,Transportation & Logistics,West,10-49 employees,2965000.0,73.6,28,Yes,2025-02-03,23000.0
CUST-200529,PROS-102409,Manufacturing,West,50-249 employees,1391000.0,63.5,23,Yes,2025-09-18,5000.0
CUST-200530,PROS-100802,Transportation & Logistics,East,10-49 employees,4259000.0,,38,Yes,2025-05-22,14000.0
CUST-200531,PROS-100174,Technology,East,10-49 employees,2653000.0,47.5,33,Yes,2025-10-08,8000.0
CUST-200532,PROS-104543,Technology,Central,50-249 employees,303000.0,90.1,37,No,2025-01-01,4000.0
CUST-200533,PROS-103733,Education,South,1-9 employees,642000.0,50.3,13,No,2025-01-14,12000.0
CUST-200534,PROS-104239,Professional Services,East,10-49 employees,1427000.0,,14,Yes,2025-11-27,6000.0
CUST-200535,PROS-101283,Wholesale Distribution,North,1-9 employees,1913000.0,24.8,2,Yes,2025-05-11,6000.0
CUST-200536,PROS-100816,Manufacturing,Central,10-49 employees,1169000.0,87.5,5,Yes,2025-05-26,63000.0
CUST-200537,PROS-100086,Manufacturing,East,10-49 employees,,7.9,37,Yes,2025-06-17,18000.0
CUST-200538,PROS-102095,Hospitality,South,250-999 employees,2491000.0,35.4,19,Yes,2025-09-24,18000.0
CUST-200539,PROS-103542,Manufacturing,South,10-49 employees,392000.0,,36,No,2025-10-12,12000.0
CUST-200540,PROS-102347,Hospitality,South,1-9 employees,1025000.0,66.7,1,Yes,2025-10-11,6000.0
CUST-200541,PROS-102620,Wholesale Distribution,North,250-999 employees,3628000.0,52.1,32,Yes,2025-12-16,12000.0
CUST-200542,PROS-105427,Retail Trade,West,1-9 employees,593000.0,60.6,38,Yes,2025-08-10,10000.0
CUST-200543,PROS-102083,TECHNOLOGY,West,10-49 employees,1270000.0,38.3,12,No,2025-04-11,4000.0
CUST-200544,PROS-103092,Hospitality,West,1-9 employees,360000.0,42.1,25,No,2025-08-24,39000.0
CUST-200545,PROS-104713,Healthcare,East,1-9 employees,673000.0,71.7,18,No,2025-04-27,12000.0
CUST-200546,PROS-102371,Wholesale Distribution,Central,10-49 employees,3594000.0,13.1,16,Yes,2025-06-21,8000.0
CUST-200547,PROS-103744,Professional Services,East,50-249 employees,1180000.0,19.4,22,No,2025-01-12,14000.0
CUST-200548,PROS-105181,HOSPITALITY,East,1-9 employees,2535000.0,55.8,31,Yes,2025-06-12,5000.0
CUST-200549,PROS-105711,Education,Central,1-9 employees,526000.0,63.1,12,No,2025-08-28,7000.0
CUST-200550,PROS-100882,Healthcare,West,10-49 employees,150000.0,80.4,33,No,2025-05-03,33000.0
CUST-200551,PROS-105566,Professional Services,North,10-49 employees,597000.0,70.8,6,No,2025-02-13,9000.0
CUST-200552,PROS-102960,Education,East,1-9 employees,237000.0,41.3,35,Yes,2025-01-29,13000.0
CUST-200553,PROS-101557,Hospitality,West,1-9 employees,410000.0,59.8,29,No,2025-02-17,14000.0
CUST-200554,PROS-102754,Education,West,1-9 employees,1067000.0,21.0,34,Yes,2025-05-20,12000.0
CUST-200555,PROS-105878,Technology,Central,1-9 employees,2009000.0,53.0,31,Yes,2026-02-03,9000.0
CUST-200556,PROS-101441,Transportation & Logistics,West,50-249 employees,336000.0,63.6,25,Yes,2025-07-05,52000.0
CUST-200557,PROS-100472,Healthcare,East,1000+ employees,1160000.0,51.3,37,Yes,2025-12-30,8000.0
CUST-200558,PROS-100775,Education,Central,10-49 employees,381000.0,57.5,18,Yes,2025-02-23,7000.0
CUST-200559,PROS-100771,Education,West,10-49 employees,7623000.0,18.8,35,Yes,2026-01-24,17000.0
CUST-200560,PROS-100908,Construction,North,1000+ employees,3166000.0,52.6,38,No,2025-12-30,6000.0
CUST-200561,PROS-100832,Healthcare,East,1-9 employees,344000.0,49.0,12,No,2025-02-04,24000.0
CUST-200562,PROS-103852,Retail Trade,Central,10-49 employees,606000.0,68.2,13,No,2025-01-04,11000.0
CUST-200563,PROS-102067,Education,East,10-49 employees,319000.0,67.1,29,Yes,2025-09-15,14000.0
CUST-200564,PROS-105380,Retail Trade,South,10-49 employees,2414000.0,62.9,2,Yes,2025-03-31,15000.0
CUST-200565,PROS-104022,Transportation & Logistics,West,1-9 employees,,70.0,13,Yes,2025-09-14,10000.0
CUST-200566,PROS-101037,Manufacturing,East,50-249 employees,3436000.0,50.6,26,Yes,2025-09-29,23000.0
CUST-200567,PROS-101162,Wholesale Distribution,West,10-49 employees,4007000.0,43.3,13,Yes,2025-01-26,19000.0
CUST-200568,PROS-100251,Healthcare,North,1-9 employees,942000.0,43.0,39,No,2025-11-26,18000.0
CUST-200569,PROS-101020,Manufacturing,East,1000+ employees,488000.0,50.8,24,No,2025-12-13,5000.0
CUST-200570,PROS-101068,CONSTRUCTION,West,10-49 employees,670000.0,43.2,6,No,2025-07-09,10000.0
CUST-200571,PROS-100551,Construction,Central,1-9 employees,568000.0,55.9,39,No,2026-01-08,12000.0
CUST-200572,PROS-100732,Education,East,250-999 employees,299000.0,,21,No,2025-08-24,37000.0
CUST-200573,PROS-102763,Manufacturing,South,50-249 employees,322000.0,,30,No,2025-10-20,5000.0
CUST-200574,PROS-101246,Wholesale Distribution,North,250-999 employees,318000.0,43.0,12,No,2025-04-20,9000.0
CUST-200575,PROS-102181,Professional Services,North,50-249 employees,3083000.0,28.9,39,Yes,2025-09-11,25000.0
CUST-200576,PROS-103027,Hospitality,North,50-249 employees,8956000.0,10.3,24,Yes,2026-01-17,7000.0
CUST-200577,PROS-104165,Technology,East,1000+ employees,727000.0,41.0,27,No,2025-11-07,9000.0
CUST-200578,PROS-100242,Manufacturing,Central,1-9 employees,160000.0,55.6,7,No,2025-09-15,36000.0
CUST-200579,PROS-104808,Construction,North,1-9 employees,3112000.0,47.4,27,Yes,2025-06-12,16000.0
CUST-200580,PROS-103775,Retail Trade,West,1-9 employees,533000.0,74.4,24,Yes,2025-02-22,22000.0
CUST-200581,PROS-100509,Professional Services,North,10-49 employees,261000.0,54.3,14,Yes,2025-05-17,20000.0
CUST-200582,PROS-105244,Construction,East,50-249 employees,359000.0,50.9,29,No,2025-10-22,14000.0
CUST-200583,PROS-105533,Healthcare,South,50-249 employees,222000.0,68.0,21,Yes,2025-07-30,14000.0
CUST-200584,PROS-100381,Education,North,250-999 employees,717000.0,71.5,5,Yes,2025-02-21,22000.0
CUST-200585,PROS-101662,Retail Trade,East,50-249 employees,65000.0,24.8,2,Yes,2025-04-05,8000.0
CUST-200586,PROS-104850,Education,North,10-49 employees,427000.0,51.3,29,No,2025-06-11,37000.0
CUST-200587,PROS-104504,Manufacturing,South,50-249 employees,175000.0,72.1,2,No,2025-01-19,9000.0
CUST-200588,PROS-101115,Healthcare,Central,250-999 employees,341000.0,84.9,19,No,2025-07-16,24000.0
CUST-200589,PROS-101264,Professional Services,East,10-49 employees,595000.0,62.4,2,Yes,2026-01-01,18000.0
CUST-200590,PROS-102917,Education,North,1-9 employees,252000.0,28.7,14,No,2025-10-16,9000.0
CUST-200591,PROS-102205,Hospitality,East,10-49 employees,683000.0,52.9,16,No,2026-01-10,17000.0
CUST-200592,PROS-102775,Construction,North,1-9 employees,4202000.0,74.6,12,No,2026-02-03,14000.0
CUST-200593,PROS-104499,Construction,Central,50-249 employees,673000.0,88.7,3,Yes,2025-01-22,4000.0
CUST-200594,PROS-100223,Professional Services,South,1-9 employees,5786000.0,51.4,2,No,2025-05-29,12000.0
CUST-200595,PROS-101517,Manufacturing,Central,50-249 employees,1008000.0,27.2,3,No,2025-03-22,6000.0
CUST-200596,PROS-105372,Construction,West,1-9 employees,360000.0,77.9,11,Yes,2025-09-28,18000.0
CUST-200597,PROS-103079,Healthcare,South,1-9 employees,334000.0,37.2,3,No,2025-01-15,12000.0
CUST-200598,PROS-103201,Education,West,1000+ employees,4734000.0,89.0,8,Yes,2025-09-26,22000.0
CUST-200599,PROS-100654,TRANSPORTATION & LOGISTICS,North,10-49 employees,365000.0,30.1,16,Yes,2025-06-04,8000.0
CUST-200600,PROS-102686,Professional Services,North,50-249 employees,618000.0,33.1,6,No,2025-03-15,6000.0
CUST-200601,PROS-103202,Hospitality,South,10-49 employees,563000.0,93.5,23,Yes,2025-03-25,7000.0
CUST-200602,PROS-101455,Manufacturing,South,10-49 employees,6396000.0,19.3,14,Yes,2025-09-15,44000.0
CUST-200603,PROS-101617,TRANSPORTATION & LOGISTICS,Central,50-249 employees,196000.0,26.9,17,No,2025-07-09,82000.0
CUST-200604,PROS-102260,Manufacturing,West,10-49 employees,104000.0,53.5,1,No,2025-12-18,44000.0
CUST-200605,PROS-100120,Healthcare,South,1-9 employees,533000.0,49.0,12,Yes,2026-01-27,5000.0
CUST-200606,PROS-101931,Healthcare,North,10-49 employees,3329000.0,12.0,32,Yes,2025-08-11,5000.0
CUST-200607,PROS-101276,Technology,South,10-49 employees,,26.7,2,Yes,2025-10-03,7000.0
CUST-200608,PROS-101964,Wholesale Distribution,North,1-9 employees,1208000.0,44.2,15,Yes,2025-07-11,21000.0
CUST-200609,PROS-100726,Hospitality,Central,1-9 employees,178000.0,21.7,27,No,2025-06-06,47000.0
CUST-200610,PROS-105349,Transportation & Logistics,East,1000+ employees,407000.0,50.0,1,No,2025-09-17,22000.0
CUST-200611,PROS-103564,Hospitality,Central,50-249 employees,523000.0,46.2,12,Yes,2025-01-06,14000.0
CUST-200612,PROS-104091,Manufacturing,Central,1-9 employees,515000.0,49.8,6,Yes,2025-11-19,7000.0
CUST-200613,PROS-104750,MANUFACTURING,East,1-9 employees,1841000.0,26.1,35,Yes,2025-10-01,11000.0
CUST-200614,PROS-102997,Construction,Central,10-49 employees,218000.0,9.0,2,Yes,2025-04-01,14000.0
CUST-200615,PROS-100539,Manufacturing,North,50-249 employees,5819000.0,46.2,14,Yes,2025-01-02,22000.0
CUST-200616,PROS-103228,Hospitality,Central,50-249 employees,214000.0,8.2,36,Yes,2025-03-07,9000.0
CUST-200617,PROS-103524,Professional Services,East,1-9 employees,1447000.0,39.5,5,Yes,2025-10-08,16000.0
CUST-200618,PROS-104486,Transportation & Logistics,Central,1-9 employees,4204000.0,48.9,7,No,2025-09-18,15000.0
CUST-200619,PROS-102583,Technology,North,1-9 employees,1744000.0,33.0,9,No,2025-09-24,14000.0
CUST-200620,PROS-100767,Healthcare,East,10-49 employees,2032000.0,43.3,15,No,2025-01-14,10000.0
CUST-200621,PROS-101698,Construction,North,1-9 employees,788000.0,52.1,25,No,2025-01-07,14000.0
CUST-200622,PROS-102172,Education,South,10-49 employees,2163000.0,27.0,25,Yes,2025-11-27,12000.0
CUST-200623,PROS-103885,Healthcare,East,250-999 employees,289000.0,16.7,12,No,2025-07-01,8000.0
CUST-200624,PROS-103434,Professional Services,East,50-249 employees,1420000.0,30.8,9,Yes,2025-05-01,22000.0
CUST-200625,PROS-102126,Construction,East,10-49 employees,2038000.0,18.6,8,No,2025-02-01,34000.0
CUST-200626,PROS-105917,Professional Services,West,50-249 employees,,58.1,32,Yes,2025-02-14,14000.0
CUST-200627,PROS-103643,Healthcare,South,1-9 employees,629000.0,42.6,27,No,2025-10-24,12000.0
CUST-200628,PROS-100624,Technology,East,1-9 employees,153000.0,67.7,29,Yes,2025-11-02,21000.0
CUST-200629,PROS-100914,Transportation & Logistics,North,50-249 employees,7499000.0,47.6,26,No,2025-04-23,14000.0
CUST-200630,PROS-101477,Construction,West,1-9 employees,117000.0,8.7,38,Yes,2025-03-31,26000.0
CUST-200631,PROS-100967,Construction,East,1-9 employees,1639000.0,,16,Yes,2025-05-01,14000.0
CUST-200632,PROS-101705,Wholesale Distribution,South,10-49 employees,1770000.0,67.5,7,Yes,2025-06-10,18000.0
CUST-200633,PROS-101044,Hospitality,Central,1000+ employees,725000.0,,8,No,2025-12-06,37000.0
CUST-200634,PROS-100500,Retail Trade,North,250-999 employees,227000.0,61.0,18,No,2025-06-15,28000.0
CUST-200635,PROS-103155,Wholesale Distribution,North,250-999 employees,1051000.0,23.2,38,Yes,2025-11-05,12000.0
CUST-200636,PROS-105892,Retail Trade,North,10-49 employees,1249000.0,65.9,10,Yes,2025-11-25,25000.0
CUST-200637,PROS-100680,Hospitality,North,50-249 employees,805000.0,69.7,3,Yes,2025-08-27,7000.0
CUST-200638,PROS-102378,Education,Central,10-49 employees,3071000.0,78.1,25,No,2025-04-16,11000.0
CUST-200639,PROS-105823,Retail Trade,North,50-249 employees,1241000.0,,19,Yes,2026-01-30,22000.0
CUST-200640,PROS-105198,TRANSPORTATION & LOGISTICS,East,1-9 employees,1016000.0,1.9,30,Yes,2025-09-11,33000.0
CUST-200641,PROS-104909,TECHNOLOGY,Central,250-999 employees,230000.0,34.6,24,Yes,2025-10-05,8000.0
CUST-200642,PROS-101030,Healthcare,Central,1-9 employees,99000.0,39.5,33,Yes,2026-02-04,13000.0
CUST-200643,PROS-104030,Transportation & Logistics,North,10-49 employees,427000.0,23.0,19,Yes,2025-09-02,13000.0
CUST-200644,PROS-105583,Manufacturing,West,10-49 employees,587000.0,88.8,17,No,2025-08-28,12000.0
CUST-200645,PROS-103440,Education,East,10-49 employees,1065000.0,38.0,5,Yes,2025-11-28,6000.0
CUST-200646,PROS-101680,Education,South,1000+ employees,245000.0,66.6,12,No,2025-02-26,18000.0
CUST-200647,PROS-104627,Retail Trade,West,1-9 employees,158000.0,77.3,9,No,2026-01-21,6000.0
CUST-200648,PROS-101132,Hospitality,West,1-9 employees,2276000.0,19.0,37,No,2025-04-24,26000.0
CUST-200649,PROS-101939,Professional Services,North,10-49 employees,617000.0,58.9,35,Yes,2026-01-23,30000.0
CUST-200650,PROS-102543,Construction,East,1000+ employees,511000.0,61.3,16,Yes,2025-08-03,9000.0
CUST-200651,PROS-103052,Hospitality,North,250-999 employees,410000.0,,17,Yes,2025-12-19,6000.0
CUST-200652,PROS-100695,Professional Services,East,1-9 employees,210000.0,60.6,17,No,2025-05-09,13000.0
CUST-200653,PROS-103673,Manufacturing,North,10-49 employees,1998000.0,43.0,39,Yes,2025-10-31,9000.0
CUST-200654,PROS-101726,Education,North,1-9 employees,1996000.0,48.1,20,Yes,2025-07-26,11000.0
CUST-200655,PROS-103493,Hospitality,East,10-49 employees,367000.0,43.4,18,Yes,2025-09-16,14000.0
CUST-200656,PROS-100923,Retail Trade,West,10-49 employees,1661000.0,51.0,37,No,2025-08-06,7000.0
CUST-200657,PROS-102894,Professional Services,East,10-49 employees,258000.0,48.1,29,Yes,2026-01-30,36000.0
CUST-200658,PROS-100319,Hospitality,South,10-49 employees,78000.0,52.2,19,No,2025-10-22,9000.0
CUST-200659,PROS-102016,Healthcare,East,50-249 employees,,43.0,5,Yes,2025-04-11,23000.0
CUST-200660,PROS-100804,Hospitality,East,250-999 employees,1746000.0,7.8,31,Yes,2025-09-07,7000.0
CUST-200661,PROS-100396,Manufacturing,East,50-249 employees,312000.0,41.3,27,No,2025-05-27,13000.0
CUST-200662,PROS-101933,Education,East,1-9 employees,408000.0,53.5,17,Yes,2025-10-07,17000.0
CUST-200663,PROS-104869,Technology,West,1000+ employees,1138000.0,25.8,37,Yes,2025-07-11,14000.0
CUST-200664,PROS-101532,Education,Central,10-49 employees,208000.0,37.1,25,No,2025-03-29,11000.0
CUST-200665,PROS-104106,Retail Trade,West,1-9 employees,887000.0,79.1,26,No,2025-03-31,9000.0
CUST-200666,PROS-104572,Healthcare,North,10-49 employees,1641000.0,20.5,11,No,2025-06-19,10000.0
CUST-200667,PROS-103575,Technology,West,10-49 employees,410000.0,79.5,16,Yes,2025-07-13,8000.0
CUST-200668,PROS-102834,Construction,Central,10-49 employees,907000.0,58.5,20,No,2025-11-27,16000.0
CUST-200669,PROS-102458,Healthcare,East,50-249 employees,630000.0,60.0,1,No,2025-09-13,40000.0
CUST-200670,PROS-102086,Hospitality,West,250-999 employees,542000.0,60.1,13,Yes,2025-10-28,16000.0
CUST-200671,PROS-104992,Education,Central,10-49 employees,1510000.0,,16,Yes,2025-03-01,19000.0
CUST-200672,PROS-105801,Construction,Central,10-49 employees,1505000.0,,28,Yes,2025-03-14,25000.0
CUST-200673,PROS-100750,Education,West,1-9 employees,1540000.0,27.6,28,No,2025-01-15,10000.0
CUST-200674,PROS-104406,Professional Services,South,50-249 employees,1921000.0,,7,Yes,2025-01-26,4000.0
CUST-200675,PROS-105638,Retail Trade,South,250-999 employees,373000.0,,31,No,2025-02-28,13000.0
CUST-200676,PROS-101096,Wholesale Distribution,North,10-49 employees,1121000.0,,17,Yes,2025-09-19,22000.0
CUST-200677,PROS-100415,Technology,North,1-9 employees,622000.0,45.0,18,Yes,2025-07-02,44000.0
CUST-200678,PROS-104461,Construction,Central,50-249 employees,109000.0,42.4,31,No,2025-06-27,7000.0
CUST-200679,PROS-103457,Manufacturing,West,1-9 employees,385000.0,33.7,23,Yes,2025-10-23,25000.0
CUST-200680,PROS-105057,Wholesale Distribution,Central,1-9 employees,1076000.0,54.0,27,No,2025-06-14,15000.0
CUST-200681,PROS-100837,Retail Trade,North,10-49 employees,482000.0,4.7,14,Yes,2025-01-03,10000.0
CUST-200682,PROS-101220,Technology,South,1-9 employees,132000.0,,31,Yes,2025-01-11,7000.0
CUST-200683,PROS-100986,Technology,East,10-49 employees,4355000.0,50.2,39,Yes,2025-03-13,9000.0
CUST-200684,PROS-100990,Construction,East,1-9 employees,345000.0,59.7,6,No,2025-06-02,18000.0
CUST-200685,PROS-104894,Healthcare,East,50-249 employees,59000.0,25.0,35,Yes,2025-12-20,27000.0
CUST-200686,PROS-104011,Wholesale Distribution,East,10-49 employees,1344000.0,80.9,37,Yes,2025-03-13,2000.0
CUST-200687,PROS-102143,Technology,West,1-9 employees,646000.0,32.4,13,No,2025-10-21,18000.0
CUST-200688,PROS-102348,Professional Services,West,1-9 employees,486000.0,41.7,26,Yes,2025-01-14,9000.0
CUST-200689,PROS-104907,Hospitality,North,1-9 employees,149000.0,30.8,9,Yes,2025-02-13,10000.0
CUST-200690,PROS-102633,Transportation & Logistics,Central,10-49 employees,1782000.0,,6,Yes,2025-06-09,17000.0
CUST-200691,PROS-102258,Manufacturing,East,50-249 employees,2973000.0,41.5,1,Yes,2025-09-12,42000.0
CUST-200692,PROS-102776,Transportation & Logistics,Central,10-49 employees,2125000.0,29.4,29,Yes,2025-11-26,8000.0
CUST-200693,PROS-101804,Retail Trade,West,1-9 employees,4236000.0,43.4,26,Yes,2025-10-24,12000.0
CUST-200694,PROS-101392,Education,South,1-9 employees,1893000.0,88.1,2,Yes,2025-12-23,5000.0
CUST-200695,PROS-105400,Wholesale Distribution,South,50-249 employees,336000.0,6.6,18,Yes,2025-06-23,17000.0
CUST-200696,PROS-102295,Wholesale Distribution,West,10-49 employees,947000.0,,7,Yes,2025-04-06,8000.0
CUST-200697,PROS-103267,Technology,South,250-999 employees,3301000.0,52.0,5,No,2025-06-18,34000.0
CUST-200698,PROS-105442,Education,South,1-9 employees,2731000.0,26.9,15,No,2025-04-20,16000.0
CUST-200699,PROS-103756,Technology,South,50-249 employees,189000.0,52.8,8,Yes,2025-05-23,11000.0
CUST-200700,PROS-100709,Healthcare,East,1-9 employees,2722000.0,37.2,38,Yes,2025-02-09,11000.0
CUST-200701,PROS-105648,Education,East,1-9 employees,281000.0,28.3,2,Yes,2025-11-04,16000.0
CUST-200702,PROS-103774,Healthcare,North,50-249 employees,215000.0,20.5,18,Yes,2025-12-30,20000.0
CUST-200703,PROS-102006,Healthcare,East,10-49 employees,236000.0,51.6,6,No,2025-02-08,6000.0
CUST-200704,PROS-104777,Hospitality,East,10-49 employees,879000.0,73.1,26,Yes,2025-01-27,12000.0
CUST-200705,PROS-103205,Technology,Central,50-249 employees,6269000.0,71.4,36,Yes,2025-11-18,13000.0
CUST-200706,PROS-105366,Manufacturing,West,1-9 employees,146000.0,76.1,18,Yes,2026-01-10,15000.0
CUST-200707,PROS-104745,Construction,North,10-49 employees,319000.0,28.1,35,No,2025-01-07,29000.0
CUST-200708,PROS-100907,Retail Trade,North,50-249 employees,1339000.0,81.5,28,No,2025-09-14,5000.0
CUST-200709,PROS-101490,Professional Services,North,250-999 employees,285000.0,41.2,4,No,2025-06-15,23000.0
CUST-200710,PROS-104478,Wholesale Distribution,West,1-9 employees,58000.0,30.5,34,No,2025-11-11,16000.0
CUST-200711,PROS-100204,HEALTHCARE,North,1-9 employees,972000.0,50.0,34,No,2025-07-26,9000.0
CUST-200712,PROS-103425,Education,West,50-249 employees,428000.0,,26,No,2025-03-29,21000.0
CUST-200713,PROS-104584,Transportation & Logistics,East,10-49 employees,521000.0,82.1,8,Yes,2025-04-27,10000.0
CUST-200714,PROS-102046,Healthcare,East,50-249 employees,1325000.0,20.4,33,Yes,2025-09-01,4000.0
CUST-200715,PROS-104935,Transportation & Logistics,North,1-9 employees,2340000.0,62.3,17,Yes,2025-04-14,1000.0
CUST-200716,PROS-100674,Technology,East,50-249 employees,540000.0,62.3,26,Yes,2025-02-13,6000.0
CUST-200717,PROS-105086,Wholesale Distribution,East,50-249 employees,2600000.0,40.6,14,Yes,2025-08-01,9000.0
CUST-200718,PROS-102376,Wholesale Distribution,North,50-249 employees,109000.0,64.8,29,Yes,2025-09-21,14000.0
CUST-200719,PROS-104797,Retail Trade,West,1-9 employees,976000.0,37.0,26,Yes,2025-11-16,19000.0
CUST-200720,PROS-100896,Transportation & Logistics,South,250-999 employees,671000.0,79.7,25,Yes,2025-08-29,11000.0
CUST-200721,PROS-101375,EDUCATION,Central,1-9 employees,3253000.0,53.2,17,No,2025-06-10,5000.0
CUST-200722,PROS-104346,Manufacturing,Central,10-49 employees,796000.0,13.8,32,Yes,2025-11-26,10000.0
CUST-200723,PROS-104329,Wholesale Distribution,West,250-999 employees,1833000.0,31.1,7,Yes,2025-07-02,11000.0
CUST-200724,PROS-103853,Construction,South,1-9 employees,1788000.0,47.0,19,No,2025-09-15,37000.0
CUST-200725,PROS-104184,Manufacturing,Central,1-9 employees,1480000.0,78.5,29,Yes,2025-12-27,18000.0
CUST-200726,PROS-101098,Manufacturing,South,1-9 employees,355000.0,40.4,11,Yes,2026-01-24,4000.0
CUST-200727,PROS-105453,Hospitality,West,1-9 employees,101000.0,60.4,36,Yes,2025-06-27,11000.0
CUST-200728,PROS-102395,Technology,Central,10-49 employees,771000.0,,23,No,2025-07-16,20000.0
CUST-200729,PROS-102773,Hospitality,South,50-249 employees,,44.4,24,Yes,2025-12-14,13000.0
CUST-200730,PROS-100916,Transportation & Logistics,North,1-9 employees,,33.3,19,Yes,2025-08-09,5000.0
CUST-200731,PROS-103520,Wholesale Distribution,South,250-999 employees,,18.9,34,Yes,2025-10-29,21000.0
CUST-200732,PROS-103041,Professional Services,North,1-9 employees,2632000.0,31.0,17,Yes,2025-01-31,16000.0
CUST-200733,PROS-103679,Hospitality,North,10-49 employees,487000.0,26.9,14,Yes,2025-11-26,12000.0
CUST-200734,PROS-100106,Hospitality,North,1000+ employees,,29.9,3,No,2025-02-13,8000.0
CUST-200735,PROS-105236,Transportation & Logistics,Central,10-49 employees,274000.0,49.2,13,No,2025-06-05,24000.0
CUST-200736,PROS-105600,Construction,Central,50-249 employees,3007000.0,35.8,1,Yes,2025-03-11,4000.0
CUST-200737,PROS-103393,Retail Trade,East,1-9 employees,1055000.0,93.8,24,No,2026-01-07,5000.0
CUST-200738,PROS-104201,Hospitality,East,50-249 employees,,57.5,37,Yes,2025-02-17,8000.0
CUST-200739,PROS-105543,Hospitality,Central,50-249 employees,3230000.0,29.5,31,Yes,2025-08-07,16000.0
CUST-200740,PROS-104257,Manufacturing,Central,10-49 employees,424000.0,70.4,1,Yes,2025-02-24,5000.0
CUST-200741,PROS-100912,Construction,South,50-249 employees,5690000.0,63.9,7,Yes,2025-01-08,9000.0
CUST-200742,PROS-103466,Transportation & Logistics,West,1-9 employees,,49.4,8,Yes,2025-04-15,10000.0
CUST-200743,PROS-103649,Hospitality,East,10-49 employees,474000.0,20.2,34,No,2025-02-01,16000.0
CUST-200744,PROS-104435,Education,North,1000+ employees,4428000.0,59.2,28,Yes,2025-04-22,11000.0
CUST-200745,PROS-105614,Transportation & Logistics,West,250-999 employees,1138000.0,25.8,17,Yes,2025-03-06,11000.0
CUST-200746,PROS-105561,Retail Trade,Central,10-49 employees,9052000.0,5.6,12,Yes,2025-10-06,8000.0
CUST-200747,PROS-102705,Professional Services,West,10-49 employees,345000.0,22.8,20,Yes,2025-03-10,25000.0
CUST-200748,PROS-100688,Healthcare,West,10-49 employees,913000.0,41.7,16,Yes,2025-07-14,19000.0
CUST-200749,PROS-105906,Healthcare,Central,10-49 employees,127000.0,54.9,37,No,2025-01-01,19000.0
CUST-200750,PROS-105042,Construction,South,50-249 employees,180000.0,30.6,25,Yes,2026-01-06,8000.0
CUST-200751,PROS-100751,Retail Trade,East,1-9 employees,437000.0,91.3,14,Yes,2025-06-26,9000.0
CUST-200752,PROS-105222,Education,East,1-9 employees,2094000.0,47.1,2,Yes,2025-05-18,17000.0
CUST-200753,PROS-103550,Healthcare,West,250-999 employees,460000.0,45.3,19,Yes,2025-05-10,9000.0
CUST-200754,PROS-102384,Retail Trade,Central,1-9 employees,951000.0,71.5,27,Yes,2025-01-26,7000.0
CUST-200755,PROS-100339,Education,West,50-249 employees,440000.0,,7,No,2025-04-14,15000.0
CUST-200756,PROS-102008,Hospitality,South,50-249 employees,864000.0,23.7,31,No,2025-12-04,6000.0
CUST-200757,PROS-104829,Healthcare,West,10-49 employees,4863000.0,24.7,7,No,2025-06-04,11000.0
CUST-200758,PROS-100024,Hospitality,East,50-249 employees,1072000.0,75.8,26,Yes,2025-12-04,22000.0
CUST-200759,PROS-101998,Professional Services,North,1-9 employees,,42.9,30,Yes,2025-03-13,14000.0
CUST-200760,PROS-102380,Retail Trade,South,10-49 employees,142000.0,64.7,11,No,2025-05-26,7000.0
CUST-200761,PROS-103230,Wholesale Distribution,East,1-9 employees,378000.0,37.3,26,Yes,2025-09-10,17000.0
CUST-200762,PROS-105528,Manufacturing,Central,50-249 employees,859000.0,38.9,37,Yes,2025-01-29,9000.0
CUST-200763,PROS-102070,Retail Trade,North,10-49 employees,244000.0,71.6,5,Yes,2025-05-22,22000.0
CUST-200764,PROS-102073,Construction,South,10-49 employees,1309000.0,52.8,5,Yes,2025-12-19,18000.0
CUST-200765,PROS-104439,Construction,North,10-49 employees,,16.5,4,Yes,2025-07-17,10000.0
CUST-200766,PROS-102713,Transportation & Logistics,Central,50-249 employees,3436000.0,31.7,29,Yes,2026-01-09,8000.0
CUST-200767,PROS-101349,Transportation & Logistics,West,1-9 employees,,84.0,35,Yes,2025-02-26,8000.0
CUST-200768,PROS-102714,Transportation & Logistics,East,1-9 employees,308000.0,54.5,23,Yes,2026-02-03,63000.0
CUST-200769,PROS-100844,Manufacturing,South,10-49 employees,786000.0,21.0,11,No,2025-12-18,3000.0
CUST-200770,PROS-101064,Hospitality,North,10-49 employees,488000.0,74.0,16,Yes,2025-06-06,4000.0
CUST-200771,PROS-102996,Construction,South,50-249 employees,742000.0,51.5,35,Yes,2025-08-13,25000.0
CUST-200772,PROS-102504,Manufacturing,North,50-249 employees,3379000.0,56.1,11,Yes,2025-02-20,22000.0
CUST-200773,PROS-102167,Wholesale Distribution,South,1000+ employees,1077000.0,13.1,9,No,2025-03-04,16000.0
CUST-200774,PROS-103490,Retail Trade,South,10-49 employees,1166000.0,27.1,27,Yes,2025-06-01,4000.0
CUST-200775,PROS-100077,Professional Services,North,10-49 employees,2971000.0,9.6,15,Yes,2025-05-11,18000.0
CUST-200776,PROS-101075,Retail Trade,East,10-49 employees,1177000.0,54.5,13,No,2025-08-23,7000.0
CUST-200777,PROS-105778,Hospitality,Central,10-49 employees,691000.0,6.9,3,Yes,2025-12-28,12000.0
CUST-200778,PROS-100890,Manufacturing,North,10-49 employees,882000.0,22.2,6,Yes,2025-01-18,17000.0
CUST-200779,PROS-102474,Retail Trade,Central,1-9 employees,758000.0,21.1,6,Yes,2025-12-02,18000.0
CUST-200780,PROS-105981,Hospitality,North,1-9 employees,238000.0,26.4,14,Yes,2025-04-20,9000.0
CUST-200781,PROS-103021,Retail Trade,East,1000+ employees,1044000.0,90.3,8,Yes,2025-09-18,28000.0
CUST-200782,PROS-103574,Education,West,1-9 employees,918000.0,27.9,26,No,2026-01-12,21000.0
CUST-200783,PROS-100421,Technology,South,10-49 employees,1396000.0,32.1,33,Yes,2025-10-21,7000.0
CUST-200784,PROS-104514,Education,South,250-999 employees,492000.0,46.9,4,Yes,2025-01-18,10000.0
CUST-200785,PROS-101267,Construction,East,10-49 employees,491000.0,59.8,7,No,2025-08-26,8000.0
CUST-200786,PROS-105389,Wholesale Distribution,West,1-9 employees,3973000.0,31.8,9,No,2025-03-02,12000.0
CUST-200787,PROS-101239,Manufacturing,Central,50-249 employees,620000.0,44.7,31,No,2025-04-12,19000.0
CUST-200788,PROS-101152,Healthcare,North,1000+ employees,5847000.0,,28,Yes,2025-08-21,4000.0
CUST-200789,PROS-100222,Hospitality,West,10-49 employees,1298000.0,48.9,29,Yes,2025-08-22,4000.0
CUST-200790,PROS-102838,Professional Services,West,1-9 employees,5712000.0,34.5,18,Yes,2026-01-19,8000.0
CUST-200791,PROS-103391,Transportation & Logistics,West,50-249 employees,45000.0,,35,No,2025-04-24,30000.0
CUST-200792,PROS-100411,Professional Services,East,50-249 employees,574000.0,30.9,37,No,2026-01-12,15000.0
CUST-200793,PROS-104667,Retail Trade,North,1-9 employees,1103000.0,73.1,4,Yes,2025-06-24,34000.0
CUST-200794,PROS-102718,Transportation & Logistics,West,10-49 employees,820000.0,63.9,5,Yes,2025-04-14,12000.0
CUST-200795,PROS-102648,Education,Central,10-49 employees,1328000.0,72.2,15,Yes,2025-09-07,8000.0
CUST-200796,PROS-102394,Healthcare,North,1-9 employees,384000.0,57.1,7,Yes,2025-09-03,4000.0
CUST-200797,PROS-103359,Transportation & Logistics,Central,1-9 employees,134000.0,21.8,5,Yes,2025-12-26,8000.0
CUST-200798,PROS-100930,Transportation & Logistics,North,1-9 employees,838000.0,28.5,12,Yes,2026-01-22,9000.0
CUST-200799,PROS-105177,Healthcare,East,50-249 employees,1203000.0,33.3,16,Yes,2025-09-23,3000.0
CUST-200800,PROS-105687,Professional Services,East,1-9 employees,2431000.0,64.3,17,No,2025-09-09,8000.0
CUST-200801,PROS-102234,Transportation & Logistics,South,250-999 employees,,56.3,34,No,2025-04-25,8000.0
CUST-200802,PROS-101624,Transportation & Logistics,Central,10-49 employees,142000.0,46.1,11,Yes,2025-03-30,13000.0
CUST-200803,PROS-103872,WHOLESALE DISTRIBUTION,West,50-249 employees,755000.0,34.8,17,No,2025-08-26,13000.0
CUST-200804,PROS-102439,Manufacturing,West,1-9 employees,,61.5,25,Yes,2025-10-05,16000.0
CUST-200805,PROS-100935,Education,South,50-249 employees,1369000.0,70.9,23,Yes,2025-05-28,5000.0
CUST-200806,PROS-104311,Wholesale Distribution,North,10-49 employees,2369000.0,21.2,38,Yes,2025-07-24,6000.0
CUST-200807,PROS-103970,Healthcare,North,50-249 employees,2642000.0,,34,Yes,2025-08-18,23000.0
CUST-200808,PROS-100163,Healthcare,North,10-49 employees,2589000.0,56.6,20,No,2025-07-17,11000.0
CUST-200809,PROS-101387,Construction,East,1-9 employees,895000.0,73.9,21,Yes,2025-01-19,22000.0
CUST-200810,PROS-100118,Professional Services,East,250-999 employees,901000.0,48.4,23,No,2025-07-15,12000.0
CUST-200811,PROS-100637,Professional Services,North,50-249 employees,865000.0,73.4,1,No,2025-03-27,14000.0
CUST-200812,PROS-104812,Transportation & Logistics,East,1-9 employees,288000.0,2.7,32,No,2025-02-15,18000.0
CUST-200813,PROS-101080,Education,South,50-249 employees,20365000.0,24.8,37,Yes,2025-07-07,9000.0
CUST-200814,PROS-103930,Hospitality,South,1-9 employees,220000.0,34.0,37,No,2025-11-12,8000.0
CUST-200815,PROS-101428,Professional Services,Central,10-49 employees,8776000.0,63.4,31,Yes,2025-11-15,8000.0
CUST-200816,PROS-100610,Wholesale Distribution,South,50-249 employees,1966000.0,57.9,4,No,2025-05-19,12000.0
CUST-200817,PROS-101459,Transportation & Logistics,West,50-249 employees,518000.0,18.8,6,No,2025-08-16,18000.0
CUST-200818,PROS-104347,Retail Trade,North,10-49 employees,1285000.0,13.7,17,No,2025-03-15,10000.0
CUST-200819,PROS-104989,Wholesale Distribution,Central,250-999 employees,1094000.0,34.3,24,No,2025-04-23,26000.0
CUST-200820,PROS-102375,Education,North,10-49 employees,1214000.0,55.3,26,Yes,2025-06-26,38000.0
CUST-200821,PROS-104025,RETAIL TRADE,South,1-9 employees,3998000.0,40.2,29,Yes,2025-06-05,7000.0
CUST-200822,PROS-101238,Professional Services,South,10-49 employees,599000.0,43.2,11,Yes,2025-09-15,27000.0
CUST-200823,PROS-105378,Healthcare,North,10-49 employees,2518000.0,33.7,11,No,2025-10-26,13000.0
CUST-200824,PROS-101255,Manufacturing,West,1-9 employees,134000.0,37.4,22,Yes,2025-08-10,16000.0
CUST-200825,PROS-103504,Manufacturing,North,10-49 employees,152000.0,43.8,12,Yes,2025-01-12,12000.0
CUST-200826,PROS-102519,Education,South,1-9 employees,821000.0,56.6,27,Yes,2025-11-24,27000.0
CUST-200827,PROS-105360,Technology,Central,50-249 employees,307000.0,52.7,1,Yes,2025-07-02,16000.0
CUST-200828,PROS-104911,Transportation & Logistics,East,10-49 employees,972000.0,30.7,33,No,2025-12-04,10000.0
CUST-200829,PROS-102044,Professional Services,East,250-999 employees,3790000.0,39.9,18,Yes,2025-04-20,10000.0
CUST-200830,PROS-101563,Education,Central,10-49 employees,205000.0,74.8,38,No,2025-09-06,6000.0
CUST-200831,PROS-102272,Professional Services,North,1000+ employees,3016000.0,36.6,13,Yes,2025-04-08,9000.0
CUST-200832,PROS-103545,Technology,North,1-9 employees,1236000.0,14.8,34,No,2025-08-09,27000.0
CUST-200833,PROS-101610,Hospitality,North,50-249 employees,229000.0,79.9,29,Yes,2025-12-01,25000.0
CUST-200834,PROS-103755,Construction,West,10-49 employees,120000.0,,28,Yes,2025-08-15,9000.0
CUST-200835,PROS-102442,Manufacturing,South,1-9 employees,2021000.0,59.4,28,No,2026-02-04,6000.0
CUST-200836,PROS-102615,Technology,South,10-49 employees,77000.0,71.5,31,Yes,2025-06-07,23000.0
CUST-200837,PROS-101760,Construction,South,10-49 employees,379000.0,37.8,36,Yes,2025-02-20,17000.0
CUST-200838,PROS-105704,Construction,North,1-9 employees,426000.0,19.5,24,Yes,2025-07-07,4000.0
CUST-200839,PROS-104590,TECHNOLOGY,Central,1-9 employees,2227000.0,33.9,21,No,2025-11-30,75000.0
CUST-200840,PROS-105214,Wholesale Distribution,East,1-9 employees,1043000.0,35.7,4,Yes,2025-07-30,13000.0
CUST-200841,PROS-102935,Professional Services,West,1000+ employees,586000.0,64.9,36,Yes,2025-09-02,37000.0
CUST-200842,PROS-105369,Professional Services,East,50-249 employees,346000.0,75.4,14,Yes,2025-11-17,14000.0
CUST-200843,PROS-104811,Professional Services,West,10-49 employees,,45.8,30,No,2025-04-16,7000.0
CUST-200844,PROS-102542,Education,East,1-9 employees,2940000.0,64.2,36,Yes,2025-10-26,15000.0
CUST-200845,PROS-100135,Construction,North,1-9 employees,343000.0,23.5,4,No,2026-01-17,5000.0
CUST-200846,PROS-101612,Technology,East,50-249 employees,2354000.0,26.7,26,Yes,2025-03-20,12000.0
CUST-200847,PROS-103255,Retail Trade,South,1-9 employees,164000.0,55.3,10,Yes,2025-03-16,6000.0
CUST-200848,PROS-105016,Manufacturing,Central,10-49 employees,1446000.0,46.8,27,No,2026-01-27,11000.0
CUST-200849,PROS-105904,Retail Trade,East,1-9 employees,2475000.0,58.8,11,Yes,2026-01-24,15000.0
CUST-200850,PROS-103162,Retail Trade,West,50-249 employees,481000.0,56.1,21,Yes,2026-01-22,15000.0
CUST-200851,PROS-101034,Manufacturing,Central,1-9 employees,509000.0,45.9,11,Yes,2025-12-09,5000.0
CUST-200852,PROS-101634,Healthcare,North,1-9 employees,111000.0,,36,Yes,2025-04-22,9000.0
CUST-200853,PROS-100108,Healthcare,West,10-49 employees,419000.0,17.2,5,Yes,2025-08-13,4000.0
CUST-200854,PROS-105489,Construction,West,50-249 employees,2225000.0,42.7,30,No,2026-02-04,19000.0
CUST-200855,PROS-100715,Hospitality,East,50-249 employees,1378000.0,,3,Yes,2025-10-09,15000.0
CUST-200856,PROS-103467,Professional Services,South,10-49 employees,3132000.0,,21,Yes,2025-07-30,6000.0
CUST-200857,PROS-101646,Construction,East,1-9 employees,810000.0,36.7,22,No,2025-09-01,31000.0
CUST-200858,PROS-103327,Professional Services,North,1-9 employees,390000.0,70.8,15,Yes,2025-04-01,17000.0
CUST-200859,PROS-103922,Healthcare,West,10-49 employees,343000.0,47.8,26,Yes,2025-05-21,12000.0
CUST-200860,PROS-104986,Education,Central,1-9 employees,535000.0,53.3,5,No,2025-10-16,10000.0
CUST-200861,PROS-101247,Healthcare,Central,1-9 employees,1869000.0,69.9,27,Yes,2026-01-21,9000.0
CUST-200862,PROS-100066,Education,South,10-49 employees,1046000.0,19.6,34,Yes,2025-01-20,8000.0
CUST-200863,PROS-100822,Retail Trade,Central,10-49 employees,1890000.0,44.0,10,No,2025-06-15,27000.0
CUST-200864,PROS-105403,Transportation & Logistics,North,1-9 employees,957000.0,35.8,5,Yes,2025-10-03,15000.0
CUST-200865,PROS-105247,Education,West,10-49 employees,1043000.0,47.4,8,Yes,2025-07-05,7000.0
CUST-200866,PROS-103588,Technology,East,50-249 employees,201000.0,,39,Yes,2025-12-01,29000.0
CUST-200867,PROS-103607,Technology,East,10-49 employees,2590000.0,32.6,11,Yes,2025-09-16,12000.0
CUST-200868,PROS-101059,Construction,East,10-49 employees,1534000.0,52.6,32,Yes,2025-05-21,7000.0
CUST-200869,PROS-105490,Healthcare,East,1-9 employees,1068000.0,41.3,1,No,2025-11-02,43000.0
CUST-200870,PROS-102291,Construction,South,250-999 employees,1967000.0,33.7,10,Yes,2025-05-14,6000.0
CUST-200871,PROS-100291,Professional Services,West,250-999 employees,753000.0,51.7,17,No,2025-06-15,8000.0
CUST-200872,PROS-101003,Wholesale Distribution,East,10-49 employees,,39.4,33,Yes,2025-04-19,13000.0
CUST-200873,PROS-104443,Healthcare,East,10-49 employees,685000.0,32.3,6,No,2026-02-04,16000.0
CUST-200874,PROS-100515,Retail Trade,South,10-49 employees,,,32,No,2025-06-12,8000.0
CUST-200875,PROS-103623,HEALTHCARE,West,50-249 employees,152000.0,41.7,8,No,2026-01-17,3000.0
CUST-200876,PROS-101473,Professional Services,South,10-49 employees,722000.0,53.7,23,Yes,2025-08-18,13000.0
CUST-200877,PROS-102124,Hospitality,West,250-999 employees,173000.0,32.2,38,Yes,2025-02-20,7000.0
CUST-200878,PROS-104326,Wholesale Distribution,Central,1-9 employees,405000.0,44.4,32,Yes,2025-11-01,10000.0
CUST-200879,PROS-101777,Retail Trade,Central,250-999 employees,1303000.0,42.8,10,No,2025-03-20,8000.0
CUST-200880,PROS-103401,Education,Central,50-249 employees,,45.3,36,Yes,2025-12-21,6000.0
CUST-200881,PROS-102866,Construction,North,1-9 employees,,75.4,15,No,2026-01-21,11000.0
CUST-200882,PROS-104001,Wholesale Distribution,South,50-249 employees,1210000.0,23.4,24,No,2025-08-08,9000.0
CUST-200883,PROS-105628,Healthcare,East,1-9 employees,85000.0,20.5,20,Yes,2025-06-09,8000.0
CUST-200884,PROS-104415,Healthcare,Central,1000+ employees,301000.0,28.2,30,Yes,2025-07-09,23000.0
CUST-200885,PROS-101296,Professional Services,South,50-249 employees,456000.0,36.4,31,Yes,2025-11-07,7000.0
CUST-200886,PROS-100190,Technology,Central,50-249 employees,550000.0,30.5,1,Yes,2025-05-30,11000.0
CUST-200887,PROS-101577,Hospitality,South,1-9 employees,372000.0,25.3,11,Yes,2025-01-21,13000.0
CUST-200888,PROS-103572,Technology,North,10-49 employees,476000.0,55.0,36,Yes,2025-08-27,4000.0
CUST-200889,PROS-100317,Hospitality,Central,50-249 employees,583000.0,54.0,5,Yes,2025-10-23,6000.0
CUST-200890,PROS-102986,Hospitality,West,1-9 employees,,18.6,22,Yes,2025-02-27,13000.0
CUST-200891,PROS-103584,HOSPITALITY,West,50-249 employees,1335000.0,65.8,1,Yes,2025-05-24,12000.0
CUST-200892,PROS-102002,Construction,South,1-9 employees,925000.0,54.1,1,Yes,2025-07-06,8000.0
CUST-200893,PROS-100651,Technology,Central,1000+ employees,155000.0,36.4,36,Yes,2025-09-03,13000.0
CUST-200894,PROS-100469,Education,North,250-999 employees,1252000.0,22.9,17,Yes,2025-07-23,15000.0
CUST-200895,PROS-102980,Hospitality,Central,10-49 employees,1736000.0,18.9,36,Yes,2025-10-29,18000.0
CUST-200896,PROS-104149,Construction,Central,50-249 employees,432000.0,69.6,19,No,2025-09-09,19000.0
CUST-200897,PROS-102606,Transportation & Logistics,South,1-9 employees,1901000.0,31.9,29,Yes,2025-10-13,27000.0
CUST-200898,PROS-101479,Healthcare,East,250-999 employees,1392000.0,55.9,15,Yes,2025-01-28,14000.0
CUST-200899,PROS-104923,Technology,North,10-49 employees,825000.0,65.7,25,Yes,2026-01-03,5000.0
CUST-200900,PROS-104189,Education,Central,1-9 employees,2425000.0,26.7,26,Yes,2025-06-21,11000.0
CUST-200901,PROS-101633,Wholesale Distribution,East,10-49 employees,206000.0,73.4,23,Yes,2025-06-19,6000.0
CUST-200902,PROS-103544,Manufacturing,West,10-49 employees,749000.0,57.6,31,Yes,2025-11-01,22000.0
CUST-200903,PROS-102155,Healthcare,East,1000+ employees,776000.0,40.8,33,No,2025-06-16,30000.0
CUST-200904,PROS-100569,Transportation & Logistics,North,250-999 employees,491000.0,53.4,39,No,2025-11-10,13000.0
CUST-200905,PROS-105512,Education,South,10-49 employees,161000.0,47.6,12,No,2025-11-26,26000.0
CUST-200906,PROS-100821,Technology,West,250-999 employees,1149000.0,,31,Yes,2025-08-06,25000.0
CUST-200907,PROS-102679,Construction,Central,50-249 employees,252000.0,47.2,3,Yes,2025-08-15,16000.0
CUST-200908,PROS-101120,Manufacturing,East,10-49 employees,,48.9,12,No,2025-12-15,18000.0
CUST-200909,PROS-103256,Retail Trade,East,10-49 employees,494000.0,54.8,32,No,2025-10-26,23000.0
CUST-200910,PROS-105241,Wholesale Distribution,East,1-9 employees,293000.0,69.2,8,Yes,2025-10-29,5000.0
CUST-200911,PROS-104413,Hospitality,North,10-49 employees,158000.0,40.8,16,Yes,2025-10-07,15000.0
CUST-200912,PROS-104852,Retail Trade,Central,10-49 employees,553000.0,36.7,26,No,2025-11-15,18000.0
CUST-200913,PROS-104176,Construction,West,1-9 employees,210000.0,62.8,26,Yes,2025-11-04,5000.0
CUST-200914,PROS-101497,Hospitality,South,10-49 employees,2343000.0,40.9,18,Yes,2025-11-14,42000.0
CUST-200915,PROS-101331,Hospitality,East,250-999 employees,117000.0,37.9,24,Yes,2025-06-12,25000.0
CUST-200916,PROS-105923,Education,North,50-249 employees,149000.0,53.5,33,Yes,2025-10-19,25000.0
CUST-200917,PROS-105672,EDUCATION,Central,10-49 employees,,54.9,12,No,2025-07-26,17000.0
CUST-200918,PROS-104250,HEALTHCARE,East,50-249 employees,1050000.0,53.9,14,No,2025-12-09,7000.0
CUST-200919,PROS-105559,Retail Trade,North,10-49 employees,2486000.0,28.2,35,Yes,2025-07-17,6000.0
CUST-200920,PROS-101093,Construction,East,50-249 employees,,55.9,8,Yes,2025-02-08,12000.0
CUST-200921,PROS-103412,Professional Services,Central,1-9 employees,2355000.0,70.2,29,No,2025-11-22,20000.0
CUST-200922,PROS-105500,Education,South,10-49 employees,517000.0,37.9,4,Yes,2025-07-21,18000.0
CUST-200923,PROS-100207,Education,West,1-9 employees,625000.0,52.9,26,Yes,2025-01-17,37000.0
CUST-200924,PROS-104207,Education,West,1-9 employees,270000.0,43.9,21,No,2025-11-27,11000.0
CUST-200925,PROS-101778,Construction,East,1-9 employees,484000.0,28.2,29,Yes,2025-01-21,10000.0
CUST-200926,PROS-105554,Transportation & Logistics,West,50-249 employees,314000.0,54.7,35,Yes,2025-02-13,13000.0
CUST-200927,PROS-105832,Wholesale Distribution,West,10-49 employees,586000.0,64.8,18,Yes,2025-10-12,6000.0
CUST-200928,PROS-105673,Technology,Central,50-249 employees,421000.0,13.2,2,Yes,2025-03-04,32000.0
CUST-200929,PROS-105178,Manufacturing,Central,250-999 employees,658000.0,70.2,30,No,2025-04-18,11000.0
CUST-200930,PROS-105075,Construction,West,1-9 employees,165000.0,11.5,13,Yes,2025-06-10,15000.0
CUST-200931,PROS-101913,Hospitality,Central,250-999 employees,740000.0,28.5,6,No,2026-01-25,21000.0
CUST-200932,PROS-104981,Education,South,1-9 employees,457000.0,20.6,25,Yes,2025-08-14,8000.0
CUST-200933,PROS-100226,WHOLESALE DISTRIBUTION,East,10-49 employees,720000.0,,37,Yes,2026-01-24,15000.0
CUST-200934,PROS-103580,Wholesale Distribution,East,50-249 employees,2648000.0,,9,Yes,2025-10-17,13000.0
CUST-200935,PROS-101380,Education,West,10-49 employees,698000.0,74.5,25,No,2025-04-26,23000.0
CUST-200936,PROS-100731,Healthcare,South,10-49 employees,279000.0,65.1,31,No,2025-08-13,13000.0
CUST-200937,PROS-100478,Technology,West,1-9 employees,454000.0,41.7,16,Yes,2025-05-15,2000.0
CUST-200938,PROS-104200,Technology,South,50-249 employees,,25.4,27,Yes,2025-03-28,7000.0
CUST-200939,PROS-102034,Education,Central,1-9 employees,2883000.0,48.4,16,Yes,2025-08-02,5000.0
CUST-200940,PROS-104365,Wholesale Distribution,North,1-9 employees,1794000.0,50.4,25,No,2025-12-06,42000.0
CUST-200941,PROS-100408,Education,East,10-49 employees,853000.0,40.0,31,Yes,2025-11-12,31000.0
CUST-200942,PROS-101890,Retail Trade,South,10-49 employees,907000.0,41.1,13,Yes,2025-04-16,3000.0
CUST-200943,PROS-103243,Transportation & Logistics,Central,1-9 employees,4907000.0,40.4,4,Yes,2025-04-14,7000.0
CUST-200944,PROS-104761,Wholesale Distribution,South,50-249 employees,531000.0,58.8,24,No,2025-12-10,5000.0
CUST-200945,PROS-101911,Wholesale Distribution,East,1-9 employees,324000.0,22.7,15,Yes,2025-09-10,15000.0
CUST-200946,PROS-105319,Professional Services,West,1-9 employees,587000.0,20.8,28,Yes,2025-07-18,7000.0
CUST-200947,PROS-101395,Transportation & Logistics,North,250-999 employees,1341000.0,73.4,25,Yes,2025-11-26,11000.0
CUST-200948,PROS-100126,Manufacturing,North,1-9 employees,455000.0,27.1,38,No,2025-01-17,5000.0
CUST-200949,PROS-105251,Healthcare,West,50-249 employees,3026000.0,47.2,16,No,2025-10-29,17000.0
CUST-200950,PROS-103183,Manufacturing,East,1000+ employees,2482000.0,35.5,1,Yes,2025-07-11,4000.0
CUST-200951,PROS-105644,Technology,East,10-49 employees,1438000.0,15.5,17,No,2025-07-14,59000.0
CUST-200952,PROS-104804,Technology,West,10-49 employees,545000.0,76.6,35,Yes,2025-09-19,32000.0
CUST-200953,PROS-105988,Wholesale Distribution,Central,250-999 employees,6592000.0,43.3,33,Yes,2025-04-01,59000.0
CUST-200954,PROS-102096,Education,South,1-9 employees,265000.0,61.7,13,No,2025-12-18,19000.0
CUST-200955,PROS-104615,Healthcare,South,10-49 employees,916000.0,51.6,21,No,2025-02-03,34000.0
CUST-200956,PROS-102401,Transportation & Logistics,South,1-9 employees,170000.0,,32,Yes,2025-08-21,22000.0
CUST-200957,PROS-102888,Retail Trade,East,50-249 employees,2197000.0,83.3,31,Yes,2025-07-10,7000.0
CUST-200958,PROS-103772,Transportation & Logistics,Central,50-249 employees,494000.0,55.9,4,Yes,2026-02-01,10000.0
CUST-200959,PROS-105245,Professional Services,West,10-49 employees,321000.0,29.1,24,No,2025-09-18,17000.0
CUST-200960,PROS-105902,Manufacturing,South,10-49 employees,245000.0,16.6,15,Yes,2025-06-02,26000.0
CUST-200961,PROS-104622,Wholesale Distribution,Central,250-999 employees,541000.0,45.5,39,Yes,2025-06-18,13000.0
CUST-200962,PROS-102497,Wholesale Distribution,North,250-999 employees,510000.0,10.1,35,Yes,2025-04-09,18000.0
CUST-200963,PROS-104440,Construction,East,1-9 employees,1154000.0,63.9,9,No,2025-01-21,10000.0
CUST-200964,PROS-101431,Retail Trade,Central,10-49 employees,595000.0,36.2,15,No,2025-06-27,10000.0
CUST-200965,PROS-102115,Professional Services,Central,250-999 employees,7432000.0,,24,No,2025-01-09,5000.0
CUST-200966,PROS-101718,Healthcare,East,50-249 employees,920000.0,,15,Yes,2025-09-21,17000.0
CUST-200967,PROS-101772,Construction,East,1-9 employees,709000.0,25.5,3,No,2025-12-27,9000.0
CUST-200968,PROS-101399,Professional Services,East,50-249 employees,285000.0,39.5,15,No,2025-02-07,6000.0
CUST-200969,PROS-100258,Retail Trade,West,10-49 employees,1671000.0,68.6,24,Yes,2026-01-24,9000.0
CUST-200970,PROS-100104,Hospitality,Central,10-49 employees,3196000.0,54.3,22,Yes,2025-02-06,15000.0
CUST-200971,PROS-105924,Education,Central,1-9 employees,780000.0,85.1,13,No,2025-07-10,19000.0
CUST-200972,PROS-102559,Transportation & Logistics,West,250-999 employees,151000.0,8.3,23,Yes,2025-09-07,11000.0
CUST-200973,PROS-102297,Healthcare,East,1-9 employees,1821000.0,39.5,6,No,2025-09-14,25000.0
CUST-200974,PROS-104095,Transportation & Logistics,Central,50-249 employees,428000.0,15.1,30,Yes,2025-06-03,32000.0
CUST-200975,PROS-101315,Professional Services,East,1-9 employees,986000.0,48.2,10,Yes,2025-01-18,11000.0
CUST-200976,PROS-105714,Education,West,50-249 employees,4865000.0,34.6,32,Yes,2025-11-10,23000.0
CUST-200977,PROS-104732,Hospitality,South,50-249 employees,606000.0,69.0,17,No,2025-07-05,8000.0
CUST-200978,PROS-100554,Education,East,1-9 employees,2958000.0,12.6,17,Yes,2025-04-16,6000.0
CUST-200979,PROS-102496,Wholesale Distribution,Central,1-9 employees,565000.0,12.5,24,Yes,2025-06-30,7000.0
CUST-200980,PROS-105278,Construction,North,10-49 employees,4488000.0,28.7,13,Yes,2025-06-23,7000.0
CUST-200981,PROS-102805,Education,North,10-49 employees,647000.0,65.8,24,No,2025-08-27,10000.0
CUST-200982,PROS-101008,Hospitality,Central,1-9 employees,701000.0,66.1,38,Yes,2025-07-26,43000.0
CUST-200983,PROS-105947,Education,Central,10-49 employees,2786000.0,52.9,9,Yes,2025-08-28,9000.0
CUST-200984,PROS-101389,Education,West,1-9 employees,99000.0,65.5,27,Yes,2026-01-12,10000.0
CUST-200985,PROS-105665,Healthcare,South,50-249 employees,2298000.0,32.7,24,No,2026-01-04,14000.0
CUST-200986,PROS-103657,Education,West,1-9 employees,474000.0,55.9,10,No,2025-01-03,6000.0
CUST-200987,PROS-103085,Construction,Central,1-9 employees,470000.0,50.1,31,No,2025-09-15,14000.0
CUST-200988,PROS-101384,Construction,West,1-9 employees,753000.0,60.9,9,Yes,2025-03-28,19000.0
CUST-200989,PROS-101065,Construction,East,50-249 employees,125000.0,,21,Yes,2025-01-28,32000.0
CUST-200990,PROS-101327,Manufacturing,West,10-49 employees,3768000.0,26.4,37,Yes,2025-02-06,29000.0
CUST-200991,PROS-104692,Education,West,1-9 employees,1677000.0,26.0,35,Yes,2025-09-13,16000.0
CUST-200992,PROS-102093,Retail Trade,South,1000+ employees,1366000.0,,39,Yes,2026-02-01,11000.0
CUST-200993,PROS-100358,Manufacturing,North,10-49 employees,897000.0,52.0,21,Yes,2025-11-09,12000.0
CUST-200994,PROS-105307,Hospitality,South,250-999 employees,53000.0,68.3,31,No,2025-02-22,17000.0
CUST-200995,PROS-105574,Hospitality,Central,50-249 employees,5615000.0,23.7,15,Yes,2025-03-26,12000.0
CUST-200996,PROS-105969,Manufacturing,West,1-9 employees,1055000.0,32.4,33,Yes,2025-11-26,12000.0
CUST-200997,PROS-101048,Technology,West,10-49 employees,7960000.0,44.6,4,No,2025-08-31,7000.0
CUST-200998,PROS-102370,Manufacturing,Central,10-49 employees,5747000.0,64.7,26,Yes,2025-07-28,19000.0
CUST-200999,PROS-104561,Healthcare,Central,10-49 employees,628000.0,40.3,28,Yes,2025-03-15,15000.0
CUST-201000,PROS-100920,Wholesale Distribution,South,50-249 employees,462000.0,83.0,15,No,2025-11-09,8000.0
CUST-201001,PROS-104903,Hospitality,East,10-49 employees,4080000.0,55.3,10,Yes,2025-11-30,32000.0
CUST-201002,PROS-101345,Education,South,10-49 employees,304000.0,43.2,8,Yes,2025-05-01,15000.0
CUST-201003,PROS-103227,Construction,East,50-249 employees,262000.0,,25,Yes,2026-02-04,5000.0
CUST-201004,PROS-103560,Manufacturing,East,50-249 employees,,19.4,26,Yes,2025-07-10,23000.0
CUST-201005,PROS-103488,Healthcare,East,1000+ employees,730000.0,75.5,11,Yes,2025-01-16,8000.0
CUST-201006,PROS-101598,Wholesale Distribution,North,10-49 employees,656000.0,50.7,21,No,2026-01-27,10000.0
CUST-201007,PROS-100778,Professional Services,North,10-49 employees,492000.0,33.8,35,Yes,2025-03-19,11000.0
CUST-201008,PROS-105336,Hospitality,South,1-9 employees,1086000.0,47.9,2,Yes,2025-02-08,22000.0
CUST-201009,PROS-105747,Professional Services,North,1-9 employees,1745000.0,56.2,7,Yes,2025-07-01,12000.0
CUST-201010,PROS-103946,Manufacturing,West,50-249 employees,1730000.0,57.2,2,Yes,2025-09-06,19000.0
CUST-201011,PROS-103310,Transportation & Logistics,West,1-9 employees,913000.0,59.7,7,No,2025-09-09,5000.0
CUST-201012,PROS-100540,HOSPITALITY,Central,250-999 employees,485000.0,56.4,37,No,2026-01-19,6000.0
CUST-201013,PROS-102436,Technology,North,10-49 employees,6285000.0,36.9,17,Yes,2025-07-04,13000.0
CUST-201014,PROS-102229,Education,West,50-249 employees,860000.0,32.3,30,Yes,2025-02-20,8000.0
CUST-201015,PROS-101565,Healthcare,Central,250-999 employees,661000.0,44.8,19,Yes,2025-07-01,11000.0
CUST-201016,PROS-104356,Education,North,10-49 employees,755000.0,80.4,18,No,2025-12-03,20000.0
CUST-201017,PROS-102982,Wholesale Distribution,Central,10-49 employees,1336000.0,42.2,39,Yes,2025-01-05,8000.0
CUST-201018,PROS-100506,Transportation & Logistics,Central,250-999 employees,76000.0,33.5,6,Yes,2025-04-21,8000.0
CUST-201019,PROS-101325,Retail Trade,Central,1-9 employees,293000.0,48.8,27,Yes,2025-09-28,14000.0
CUST-201020,PROS-104118,Professional Services,East,10-49 employees,3711000.0,57.6,34,No,2025-03-22,3000.0
CUST-201021,PROS-100474,Technology,South,1-9 employees,1768000.0,41.1,25,Yes,2025-07-14,24000.0
CUST-201022,PROS-102977,Wholesale Distribution,South,250-999 employees,2965000.0,51.3,11,No,2025-03-08,14000.0
CUST-201023,PROS-102892,Construction,West,50-249 employees,2229000.0,89.6,9,Yes,2025-02-20,14000.0
CUST-201024,PROS-104953,Retail Trade,South,50-249 employees,,72.8,14,Yes,2025-10-22,9000.0
CUST-201025,PROS-102081,Manufacturing,East,10-49 employees,65000.0,33.5,4,Yes,2025-11-08,20000.0
CUST-201026,PROS-104086,PROFESSIONAL SERVICES,East,50-249 employees,2244000.0,37.1,2,No,2025-01-15,12000.0
CUST-201027,PROS-103397,Education,East,250-999 employees,1109000.0,51.2,22,No,2025-08-03,27000.0
CUST-201028,PROS-101606,Retail Trade,East,50-249 employees,93000.0,74.2,24,Yes,2025-06-18,4000.0
CUST-201029,PROS-105275,Professional Services,West,10-49 employees,2237000.0,34.3,2,Yes,2025-05-28,13000.0
CUST-201030,PROS-104798,Construction,North,250-999 employees,407000.0,39.0,35,Yes,2025-10-06,13000.0
CUST-201031,PROS-105109,Professional Services,West,10-49 employees,53000.0,,38,No,2025-09-13,16000.0
CUST-201032,PROS-105207,Hospitality,Central,10-49 employees,984000.0,22.2,17,No,2025-02-25,31000.0
CUST-201033,PROS-104264,Transportation & Logistics,West,1-9 employees,1034000.0,28.8,5,No,2026-01-24,5000.0
CUST-201034,PROS-105030,Construction,South,10-49 employees,2106000.0,12.1,26,Yes,2025-03-31,5000.0
CUST-201035,PROS-104208,Professional Services,West,1-9 employees,1054000.0,38.6,9,Yes,2025-08-07,10000.0
CUST-201036,PROS-104099,Construction,Central,1-9 employees,,72.0,31,Yes,2025-03-02,4000.0
CUST-201037,PROS-103721,Transportation & Logistics,East,1000+ employees,157000.0,26.7,17,No,2025-08-29,53000.0
CUST-201038,PROS-104531,Retail Trade,North,1-9 employees,8861000.0,38.1,35,Yes,2025-01-11,23000.0
CUST-201039,PROS-100951,Construction,East,1000+ employees,300000.0,29.2,11,Yes,2025-04-18,18000.0
CUST-201040,PROS-105288,Professional Services,South,10-49 employees,1001000.0,11.6,16,Yes,2025-07-02,21000.0
CUST-201041,PROS-105235,Wholesale Distribution,Central,10-49 employees,2434000.0,85.6,24,No,2025-02-09,28000.0
CUST-201042,PROS-100177,Retail Trade,East,10-49 employees,420000.0,25.2,12,Yes,2025-07-18,9000.0
CUST-201043,PROS-104961,Transportation & Logistics,North,1-9 employees,,43.4,19,No,2025-08-21,10000.0
CUST-201044,PROS-102007,Retail Trade,South,50-249 employees,5663000.0,59.5,20,No,2026-01-14,16000.0
CUST-201045,PROS-104476,Education,West,10-49 employees,,60.0,34,Yes,2025-05-30,9000.0
CUST-201046,PROS-105000,Retail Trade,Central,50-249 employees,1621000.0,59.2,14,No,2025-10-19,7000.0
CUST-201047,PROS-103051,Retail Trade,East,10-49 employees,734000.0,25.3,31,Yes,2025-04-16,9000.0
CUST-201048,PROS-100037,Wholesale Distribution,South,1-9 employees,1185000.0,43.7,22,Yes,2026-01-24,16000.0
CUST-201049,PROS-101716,Technology,West,10-49 employees,108000.0,38.3,2,No,2026-01-21,23000.0
CUST-201050,PROS-103710,Construction,North,50-249 employees,3791000.0,73.7,27,No,2025-10-30,6000.0
CUST-201051,PROS-105886,Education,South,1000+ employees,119000.0,,38,Yes,2025-03-27,11000.0
CUST-201052,PROS-103810,Professional Services,Central,1-9 employees,596000.0,8.2,36,Yes,2026-01-27,12000.0
CUST-201053,PROS-103247,Manufacturing,Central,10-49 employees,147000.0,70.3,26,Yes,2025-06-09,5000.0
CUST-201054,PROS-100653,Wholesale Distribution,East,10-49 employees,1313000.0,21.9,2,Yes,2025-04-10,17000.0
CUST-201055,PROS-104576,Manufacturing,Central,50-249 employees,347000.0,18.4,22,Yes,2025-06-10,12000.0
CUST-201056,PROS-103254,Professional Services,Central,50-249 employees,1267000.0,69.7,16,Yes,2025-03-09,7000.0
CUST-201057,PROS-102045,Education,South,1-9 employees,1718000.0,45.0,30,No,2025-05-24,10000.0
CUST-201058,PROS-103803,Manufacturing,South,50-249 employees,,41.9,36,Yes,2025-06-06,18000.0
CUST-201059,PROS-105598,Hospitality,East,50-249 employees,327000.0,,15,Yes,2026-02-03,24000.0
CUST-201060,PROS-100627,Construction,West,10-49 employees,869000.0,55.0,22,Yes,2025-07-16,16000.0
CUST-201061,PROS-105631,Transportation & Logistics,West,10-49 employees,455000.0,,32,Yes,2025-10-24,41000.0
CUST-201062,PROS-104146,Healthcare,Central,1-9 employees,4522000.0,30.5,32,Yes,2025-11-26,26000.0
CUST-201063,PROS-100424,Healthcare,Central,1-9 employees,1708000.0,60.8,11,Yes,2026-01-13,18000.0
CUST-201064,PROS-101802,Healthcare,West,10-49 employees,3046000.0,19.0,14,No,2025-08-05,8000.0
CUST-201065,PROS-100422,Hospitality,North,50-249 employees,833000.0,65.0,37,Yes,2025-08-22,26000.0
CUST-201066,PROS-103500,Manufacturing,Central,50-249 employees,5151000.0,50.7,25,Yes,2026-01-16,8000.0
CUST-201067,PROS-102068,Construction,Central,1-9 employees,982000.0,46.1,31,Yes,2025-09-30,20000.0
CUST-201068,PROS-103737,Transportation & Logistics,East,1-9 employees,1165000.0,13.5,24,Yes,2025-04-26,3000.0
CUST-201069,PROS-100281,Healthcare,South,1-9 employees,519000.0,21.7,20,Yes,2025-08-26,9000.0
CUST-201070,PROS-105843,Manufacturing,North,10-49 employees,1186000.0,86.7,20,Yes,2025-08-20,5000.0
CUST-201071,PROS-105820,Technology,West,50-249 employees,561000.0,68.1,3,Yes,2025-08-23,11000.0
CUST-201072,PROS-104512,Retail Trade,Central,1-9 employees,453000.0,46.6,20,Yes,2025-09-18,5000.0
CUST-201073,PROS-100781,Technology,North,10-49 employees,1961000.0,52.8,31,Yes,2025-06-22,13000.0
CUST-201074,PROS-100149,Manufacturing,Central,50-249 employees,957000.0,58.9,11,Yes,2025-03-04,17000.0
CUST-201075,PROS-100132,Manufacturing,Central,50-249 employees,345000.0,38.3,19,Yes,2025-05-26,9000.0
CUST-201076,PROS-102941,Education,Central,1-9 employees,1196000.0,32.7,23,Yes,2025-11-11,11000.0
CUST-201077,PROS-104634,Retail Trade,North,10-49 employees,291000.0,72.0,9,No,2026-02-04,15000.0
CUST-201078,PROS-105982,Education,East,10-49 employees,6998000.0,53.9,13,No,2025-09-13,12000.0
CUST-201079,PROS-102548,Healthcare,North,50-249 employees,147000.0,35.9,33,Yes,2025-11-08,29000.0
CUST-201080,PROS-102708,Hospitality,East,1-9 employees,322000.0,74.2,3,Yes,2025-03-18,8000.0
CUST-201081,PROS-104183,Wholesale Distribution,West,1-9 employees,337000.0,63.0,34,Yes,2025-11-10,18000.0
CUST-201082,PROS-101328,Technology,South,1-9 employees,558000.0,74.0,23,Yes,2025-06-15,15000.0
CUST-201083,PROS-100512,Wholesale Distribution,North,1-9 employees,2173000.0,,34,Yes,2025-10-09,5000.0
CUST-201084,PROS-104100,Manufacturing,Central,1000+ employees,99000.0,72.0,5,No,2025-09-14,14000.0
CUST-201085,PROS-103941,Construction,West,1-9 employees,1968000.0,81.5,6,Yes,2025-11-01,12000.0
CUST-201086,PROS-101640,Hospitality,West,1-9 employees,556000.0,42.0,38,Yes,2025-10-21,9000.0
CUST-201087,PROS-105720,Education,East,1-9 employees,450000.0,,31,No,2025-09-16,38000.0
CUST-201088,PROS-100902,Professional Services,Central,50-249 employees,309000.0,4.2,34,Yes,2025-06-16,28000.0
CUST-201089,PROS-102589,Construction,Central,10-49 employees,4352000.0,43.4,37,No,2025-11-22,8000.0
CUST-201090,PROS-105668,Hospitality,West,10-49 employees,47000.0,44.5,5,Yes,2025-10-16,19000.0
CUST-201091,PROS-102510,Retail Trade,West,1-9 employees,,42.2,25,Yes,2025-02-25,20000.0
CUST-201092,PROS-103836,Retail Trade,East,1-9 employees,991000.0,61.2,30,Yes,2025-04-15,14000.0
CUST-201093,PROS-102377,Retail Trade,North,50-249 employees,107000.0,60.8,39,Yes,2025-04-18,6000.0
CUST-201094,PROS-101647,Technology,North,10-49 employees,1701000.0,15.6,14,Yes,2025-05-03,7000.0
CUST-201095,PROS-105901,Retail Trade,South,10-49 employees,597000.0,66.9,24,Yes,2025-10-09,18000.0
CUST-201096,PROS-105367,Transportation & Logistics,East,50-249 employees,1894000.0,31.1,29,Yes,2025-01-05,18000.0
CUST-201097,PROS-103923,Healthcare,North,1-9 employees,,72.7,38,No,2025-04-15,11000.0
CUST-201098,PROS-102203,Construction,West,10-49 employees,1086000.0,,1,Yes,2025-07-15,29000.0
CUST-201099,PROS-105192,Healthcare,West,50-249 employees,1844000.0,,2,Yes,2025-03-13,32000.0
CUST-201100,PROS-102847,Construction,South,10-49 employees,1458000.0,42.2,30,No,2025-03-17,32000.0
CUST-201101,PROS-105817,Education,South,1-9 employees,203000.0,28.8,10,Yes,2025-06-22,32000.0
CUST-201102,PROS-101123,Professional Services,East,250-999 employees,885000.0,65.9,17,Yes,2025-08-29,13000.0
CUST-201103,PROS-105076,Construction,East,1-9 employees,553000.0,38.7,8,No,2025-05-14,5000.0
CUST-201104,PROS-103767,Hospitality,South,50-249 employees,3227000.0,63.3,23,No,2026-01-22,11000.0
CUST-201105,PROS-100787,Technology,North,50-249 employees,427000.0,56.8,3,Yes,2025-06-17,12000.0
CUST-201106,PROS-100199,Education,North,1000+ employees,308000.0,14.2,1,Yes,2026-02-04,9000.0
CUST-201107,PROS-103707,Hospitality,North,250-999 employees,954000.0,32.6,39,No,2025-08-14,10000.0
CUST-201108,PROS-104792,Education,South,10-49 employees,300000.0,38.0,29,No,2025-05-30,6000.0
CUST-201109,PROS-102895,Transportation & Logistics,East,1-9 employees,1414000.0,80.7,23,Yes,2025-02-15,20000.0
CUST-201110,PROS-100712,Hospitality,East,1-9 employees,600000.0,13.3,23,Yes,2025-10-21,35000.0
CUST-201111,PROS-100754,Transportation & Logistics,West,10-49 employees,1710000.0,,8,Yes,2025-08-04,55000.0
CUST-201112,PROS-104132,Hospitality,Central,10-49 employees,189000.0,67.7,4,Yes,2026-01-20,15000.0
CUST-201113,PROS-102577,Healthcare,Central,1-9 employees,408000.0,71.3,17,Yes,2026-01-22,12000.0
CUST-201114,PROS-101211,Hospitality,North,50-249 employees,175000.0,53.5,14,No,2025-07-29,13000.0
CUST-201115,PROS-100401,Hospitality,West,1-9 employees,1136000.0,21.6,27,No,2025-04-09,30000.0
CUST-201116,PROS-103498,Retail Trade,Central,1000+ employees,484000.0,68.2,2,No,2025-05-14,29000.0
CUST-201117,PROS-101615,Retail Trade,West,50-249 employees,4880000.0,34.7,32,Yes,2025-01-29,11000.0
CUST-201118,PROS-104799,Transportation & Logistics,North,250-999 employees,247000.0,67.4,7,Yes,2025-03-04,27000.0
CUST-201119,PROS-101861,Professional Services,East,1-9 employees,1431000.0,,13,No,2025-06-15,14000.0
CUST-201120,PROS-102730,Education,East,1-9 employees,640000.0,53.6,35,Yes,2025-03-12,8000.0
CUST-201121,PROS-100069,Healthcare,Central,1-9 employees,1285000.0,70.9,35,No,2025-12-09,12000.0
CUST-201122,PROS-100452,Healthcare,Central,10-49 employees,117000.0,57.8,13,No,2025-12-08,37000.0
CUST-201123,PROS-102889,Retail Trade,North,1-9 employees,1051000.0,,30,Yes,2025-03-12,20000.0
CUST-201124,PROS-103604,Education,East,1-9 employees,2843000.0,67.5,31,Yes,2025-04-14,9000.0
CUST-201125,PROS-101744,Professional Services,North,50-249 employees,947000.0,50.4,2,Yes,2025-11-27,23000.0
CUST-201126,PROS-104191,Construction,East,1-9 employees,3007000.0,75.8,36,No,2025-04-19,20000.0
CUST-201127,PROS-105165,Manufacturing,South,10-49 employees,958000.0,62.7,11,Yes,2025-04-15,11000.0
CUST-201128,PROS-100243,Technology,South,50-249 employees,3066000.0,34.3,31,Yes,2025-10-26,8000.0
CUST-201129,PROS-102891,Transportation & Logistics,East,50-249 employees,537000.0,67.3,4,No,2025-06-10,6000.0
CUST-201130,PROS-100640,Technology,South,1-9 employees,500000.0,53.0,4,Yes,2025-12-01,4000.0
CUST-201131,PROS-100853,Professional Services,North,10-49 employees,968000.0,29.5,7,No,2025-07-31,9000.0
CUST-201132,PROS-102999,Technology,West,10-49 employees,2263000.0,30.1,14,Yes,2025-03-25,12000.0
CUST-201133,PROS-100059,Technology,South,250-999 employees,775000.0,34.1,4,No,2025-03-03,28000.0
CUST-201134,PROS-101958,Technology,Central,1-9 employees,333000.0,21.4,25,Yes,2025-10-03,21000.0
CUST-201135,PROS-103114,Construction,East,10-49 employees,201000.0,38.9,23,Yes,2025-06-29,15000.0
CUST-201136,PROS-100546,Healthcare,West,1-9 employees,1055000.0,28.1,12,No,2025-06-28,4000.0
CUST-201137,PROS-100202,Healthcare,South,10-49 employees,271000.0,84.4,27,Yes,2025-09-30,15000.0
CUST-201138,PROS-100488,Hospitality,North,1-9 employees,604000.0,47.1,21,Yes,2025-04-21,4000.0
CUST-201139,PROS-102374,Technology,Central,10-49 employees,733000.0,60.6,18,No,2026-02-04,22000.0
CUST-201140,PROS-100796,Education,North,50-249 employees,1781000.0,71.9,29,Yes,2025-07-28,22000.0
CUST-201141,PROS-103409,Healthcare,North,10-49 employees,1148000.0,23.0,9,No,2025-12-11,13000.0
CUST-201142,PROS-104158,Retail Trade,Central,1-9 employees,1478000.0,35.9,23,No,2025-11-07,21000.0
CUST-201143,PROS-104817,Construction,South,50-249 employees,162000.0,48.6,15,Yes,2025-09-01,24000.0
CUST-201144,PROS-101207,Hospitality,South,1-9 employees,56000.0,,23,Yes,2025-02-09,14000.0
CUST-201145,PROS-101010,Professional Services,North,1-9 employees,385000.0,56.3,12,No,2025-10-22,12000.0
CUST-201146,PROS-100639,Education,South,10-49 employees,1264000.0,45.0,28,Yes,2025-01-29,6000.0
CUST-201147,PROS-104255,Construction,South,1-9 employees,725000.0,54.3,1,Yes,2025-10-22,10000.0
CUST-201148,PROS-100192,Technology,South,1-9 employees,673000.0,37.3,11,No,2025-12-31,7000.0
CUST-201149,PROS-105624,Professional Services,West,50-249 employees,1660000.0,,36,Yes,2025-08-02,7000.0
CUST-201150,PROS-100320,Construction,West,1-9 employees,967000.0,24.7,29,Yes,2026-01-21,8000.0
CUST-201151,PROS-104269,Transportation & Logistics,Central,1-9 employees,116000.0,67.6,27,Yes,2025-09-08,4000.0
CUST-201152,PROS-105228,Manufacturing,East,50-249 employees,1199000.0,,10,No,2025-07-31,24000.0
CUST-201153,PROS-104296,HEALTHCARE,East,50-249 employees,1959000.0,8.7,3,Yes,2025-08-01,15000.0
CUST-201154,PROS-104823,Education,West,10-49 employees,517000.0,69.6,23,Yes,2025-02-27,26000.0
CUST-201155,PROS-102031,RETAIL TRADE,East,10-49 employees,1004000.0,69.5,30,No,2025-01-27,21000.0
CUST-201156,PROS-104895,Healthcare,South,1000+ employees,88000.0,59.0,24,Yes,2025-02-01,18000.0
CUST-201157,PROS-103291,Healthcare,Central,250-999 employees,235000.0,48.2,10,No,2025-12-25,21000.0
CUST-201158,PROS-103869,Hospitality,West,250-999 employees,312000.0,,12,Yes,2025-03-04,14000.0
CUST-201159,PROS-103166,Hospitality,West,10-49 employees,2303000.0,,23,No,2025-09-12,29000.0
CUST-201160,PROS-104410,Retail Trade,West,10-49 employees,164000.0,43.5,20,Yes,2025-04-24,9000.0
CUST-201161,PROS-100376,Hospitality,North,1-9 employees,3367000.0,17.3,35,No,2025-06-03,13000.0
CUST-201162,PROS-101483,Retail Trade,North,50-249 employees,478000.0,31.4,6,No,2025-10-01,11000.0
CUST-201163,PROS-100958,Education,South,10-49 employees,115000.0,11.0,25,Yes,2025-12-15,44000.0
CUST-201164,PROS-105234,Construction,North,50-249 employees,177000.0,3.8,37,Yes,2025-02-14,9000.0
CUST-201165,PROS-101320,Retail Trade,South,1-9 employees,8774000.0,38.3,36,Yes,2025-07-29,28000.0
CUST-201166,PROS-102017,Hospitality,North,50-249 employees,185000.0,42.8,24,Yes,2025-02-24,5000.0
CUST-201167,PROS-101101,Healthcare,Central,1-9 employees,131000.0,17.0,1,No,2025-03-22,14000.0
CUST-201168,PROS-104755,TECHNOLOGY,West,10-49 employees,1902000.0,46.6,31,Yes,2025-10-13,11000.0
CUST-201169,PROS-104327,Healthcare,East,1-9 employees,477000.0,86.4,31,Yes,2025-01-12,7000.0
CUST-201170,PROS-101369,Technology,North,250-999 employees,124000.0,55.5,12,No,2025-04-13,8000.0
CUST-201171,PROS-105978,Professional Services,Central,1-9 employees,334000.0,48.7,31,No,2025-08-12,18000.0
CUST-201172,PROS-105852,Professional Services,East,10-49 employees,305000.0,56.0,11,Yes,2025-03-28,10000.0
CUST-201173,PROS-103914,Hospitality,East,1-9 employees,5784000.0,43.0,8,Yes,2025-06-04,7000.0
CUST-201174,PROS-101204,Technology,North,10-49 employees,2334000.0,32.8,31,Yes,2025-08-22,22000.0
CUST-201175,PROS-100449,Professional Services,North,50-249 employees,307000.0,23.6,23,No,2025-12-27,13000.0
CUST-201176,PROS-100187,Construction,Central,1-9 employees,503000.0,79.5,28,No,2025-02-01,16000.0
CUST-201177,PROS-101553,Technology,West,1-9 employees,893000.0,19.0,35,Yes,2025-07-23,25000.0
CUST-201178,PROS-105213,Technology,North,1-9 employees,736000.0,62.4,32,No,2025-09-09,33000.0
CUST-201179,PROS-104381,Retail Trade,West,10-49 employees,758000.0,39.0,31,No,2025-07-11,3000.0
CUST-201180,PROS-104473,Retail Trade,North,50-249 employees,838000.0,65.9,15,Yes,2025-01-08,12000.0
CUST-201181,PROS-102220,Education,South,1-9 employees,635000.0,81.4,9,No,2025-11-01,4000.0
CUST-201182,PROS-100246,Hospitality,West,250-999 employees,1056000.0,35.4,6,Yes,2025-04-04,68000.0
CUST-201183,PROS-103479,Hospitality,West,50-249 employees,1453000.0,74.4,24,No,2025-02-09,14000.0
CUST-201184,PROS-102628,Technology,South,10-49 employees,1033000.0,64.7,35,Yes,2025-06-30,23000.0
CUST-201185,PROS-104367,Retail Trade,West,10-49 employees,1546000.0,46.5,32,Yes,2025-03-18,9000.0
CUST-201186,PROS-102931,Technology,North,1-9 employees,1283000.0,44.3,33,Yes,2025-09-10,10000.0
CUST-201187,PROS-105242,Education,South,10-49 employees,1428000.0,66.2,21,Yes,2025-08-04,25000.0
CUST-201188,PROS-105406,Hospitality,Central,50-249 employees,9715000.0,49.8,38,Yes,2025-03-23,18000.0
CUST-201189,PROS-102521,Manufacturing,Central,10-49 employees,425000.0,28.7,23,Yes,2026-01-03,36000.0
CUST-201190,PROS-101661,Technology,East,1000+ employees,905000.0,24.9,11,No,2025-12-18,8000.0
CUST-201191,PROS-105478,Manufacturing,North,50-249 employees,1014000.0,91.2,22,Yes,2025-05-06,11000.0
CUST-201192,PROS-101271,Retail Trade,North,250-999 employees,1045000.0,44.6,39,No,2026-01-03,18000.0
CUST-201193,PROS-103797,Manufacturing,Central,1-9 employees,629000.0,24.7,22,No,2025-05-11,19000.0
CUST-201194,PROS-104417,Retail Trade,North,1-9 employees,996000.0,45.5,11,Yes,2025-07-12,17000.0
CUST-201195,PROS-100788,Transportation & Logistics,South,50-249 employees,,43.5,17,Yes,2025-08-15,6000.0
CUST-201196,PROS-104310,Transportation & Logistics,South,1-9 employees,404000.0,11.3,29,Yes,2025-04-19,7000.0
CUST-201197,PROS-105456,Retail Trade,East,1-9 employees,150000.0,14.2,26,No,2025-08-29,16000.0
CUST-201198,PROS-101087,Education,South,1-9 employees,382000.0,34.5,13,Yes,2025-02-14,5000.0
CUST-201199,PROS-105833,Professional Services,West,10-49 employees,4020000.0,69.3,32,Yes,2025-08-31,7000.0
CUST-201200,PROS-101095,Manufacturing,Central,1-9 employees,1135000.0,55.1,2,Yes,2026-01-11,13000.0
CUST-201201,PROS-105131,Construction,South,1-9 employees,140000.0,30.7,33,No,2025-05-10,8000.0
CUST-201202,PROS-102961,Healthcare,East,10-49 employees,,,37,Yes,2025-02-23,15000.0
CUST-201203,PROS-105227,Hospitality,West,50-249 employees,545000.0,48.1,36,Yes,2025-08-20,12000.0
CUST-201204,PROS-102677,Wholesale Distribution,East,50-249 employees,263000.0,81.3,5,Yes,2025-04-30,8000.0
CUST-201205,PROS-103097,Construction,West,10-49 employees,1144000.0,6.8,24,No,2025-10-25,8000.0
CUST-201206,PROS-102145,Healthcare,East,10-49 employees,784000.0,34.3,22,Yes,2025-05-12,28000.0
CUST-201207,PROS-100985,Technology,Central,10-49 employees,293000.0,13.1,15,No,2025-01-26,16000.0
CUST-201208,PROS-102339,Manufacturing,East,50-249 employees,648000.0,87.1,1,Yes,2025-04-18,15000.0
CUST-201209,PROS-101556,Wholesale Distribution,Central,1-9 employees,531000.0,,39,No,2025-11-27,13000.0
CUST-201210,PROS-103956,Transportation & Logistics,West,50-249 employees,,36.1,2,Yes,2025-01-01,7000.0
CUST-201211,PROS-104655,Retail Trade,Central,1-9 employees,576000.0,27.8,8,Yes,2025-12-21,9000.0
CUST-201212,PROS-100786,Manufacturing,West,10-49 employees,366000.0,60.1,14,Yes,2025-03-24,3000.0
CUST-201213,PROS-102721,Technology,South,10-49 employees,271000.0,34.1,17,No,2025-04-20,9000.0
CUST-201214,PROS-101413,Hospitality,South,10-49 employees,1569000.0,30.3,12,Yes,2025-10-27,9000.0
CUST-201215,PROS-100458,Wholesale Distribution,South,10-49 employees,191000.0,35.2,32,Yes,2026-01-09,18000.0
CUST-201216,PROS-101025,Manufacturing,Central,10-49 employees,506000.0,61.0,18,Yes,2025-03-24,9000.0
CUST-201217,PROS-103127,Education,Central,10-49 employees,366000.0,80.3,36,Yes,2025-12-31,21000.0
CUST-201218,PROS-102018,Hospitality,South,1-9 employees,270000.0,46.5,25,No,2025-11-02,11000.0
CUST-201219,PROS-102579,Transportation & Logistics,West,1-9 employees,630000.0,54.7,23,Yes,2025-01-11,14000.0
CUST-201220,PROS-101492,Manufacturing,South,50-249 employees,443000.0,37.9,1,Yes,2025-06-16,13000.0
CUST-201221,PROS-103711,Education,Central,10-49 employees,388000.0,,20,Yes,2025-04-12,20000.0
CUST-201222,PROS-101012,Professional Services,West,1-9 employees,142000.0,40.5,10,Yes,2025-02-02,27000.0
CUST-201223,PROS-104434,Transportation & Logistics,West,1-9 employees,2768000.0,60.8,22,Yes,2026-01-05,7000.0
CUST-201224,PROS-104003,Healthcare,West,1-9 employees,266000.0,48.5,34,Yes,2025-11-27,38000.0
CUST-201225,PROS-102857,Hospitality,South,1000+ employees,1041000.0,,3,Yes,2025-12-16,7000.0
CUST-201226,PROS-105072,Retail Trade,East,250-999 employees,1019000.0,26.0,21,No,2025-09-12,11000.0
CUST-201227,PROS-104846,Wholesale Distribution,North,50-249 employees,582000.0,34.6,7,Yes,2025-10-19,9000.0
CUST-201228,PROS-103514,Professional Services,West,1-9 employees,495000.0,36.8,6,No,2025-09-02,33000.0
CUST-201229,PROS-101243,Healthcare,South,50-249 employees,1021000.0,25.1,28,Yes,2025-01-19,7000.0
CUST-201230,PROS-101619,Education,West,50-249 employees,1462000.0,29.7,30,No,2025-03-02,20000.0
CUST-201231,PROS-100355,EDUCATION,South,10-49 employees,1728000.0,29.8,20,Yes,2025-12-22,3000.0
CUST-201232,PROS-103194,Hospitality,South,10-49 employees,2221000.0,36.2,28,Yes,2025-09-07,21000.0
CUST-201233,PROS-105626,Healthcare,East,1-9 employees,627000.0,,24,Yes,2025-05-10,11000.0
CUST-201234,PROS-102712,Education,Central,50-249 employees,633000.0,54.2,28,Yes,2025-11-15,10000.0
CUST-201235,PROS-105612,Technology,Central,1-9 employees,533000.0,44.8,29,Yes,2025-07-31,8000.0
CUST-201236,PROS-101895,Wholesale Distribution,North,50-249 employees,217000.0,46.2,34,No,2026-02-03,12000.0
CUST-201237,PROS-103050,Wholesale Distribution,North,1-9 employees,1246000.0,39.8,32,No,2025-07-19,10000.0
CUST-201238,PROS-100255,Retail Trade,North,250-999 employees,776000.0,47.2,2,Yes,2025-09-26,5000.0
CUST-201239,PROS-100889,Professional Services,Central,10-49 employees,235000.0,77.5,25,Yes,2026-01-29,8000.0
CUST-201240,PROS-105725,Construction,West,1-9 employees,213000.0,36.2,9,Yes,2025-06-22,21000.0
CUST-201241,PROS-103838,Education,North,250-999 employees,984000.0,34.0,18,Yes,2026-01-07,10000.0
CUST-201242,PROS-105211,Retail Trade,East,50-249 employees,382000.0,29.7,29,Yes,2025-11-24,8000.0
CUST-201243,PROS-102727,Manufacturing,Central,10-49 employees,292000.0,59.8,8,Yes,2025-01-15,13000.0
CUST-201244,PROS-103100,Construction,South,1-9 employees,392000.0,45.6,32,Yes,2025-01-21,17000.0
CUST-201245,PROS-102942,Hospitality,Central,1-9 employees,632000.0,66.8,21,No,2025-02-06,19000.0
CUST-201246,PROS-104019,Technology,East,50-249 employees,326000.0,20.1,4,Yes,2025-06-17,16000.0
CUST-201247,PROS-100836,Wholesale Distribution,West,1-9 employees,2508000.0,19.3,9,Yes,2025-11-21,27000.0
CUST-201248,PROS-100182,Healthcare,North,50-249 employees,816000.0,10.4,20,No,2025-10-20,13000.0
CUST-201249,PROS-101844,Hospitality,North,1-9 employees,670000.0,52.9,27,No,2025-10-23,11000.0
CUST-201250,PROS-104243,MANUFACTURING,South,1-9 employees,1103000.0,33.6,38,Yes,2025-05-24,22000.0
CUST-201251,PROS-101221,Transportation & Logistics,West,1-9 employees,777000.0,79.7,32,No,2025-01-18,8000.0
CUST-201252,PROS-104061,Manufacturing,North,10-49 employees,3375000.0,40.2,21,Yes,2025-01-24,10000.0
CUST-201253,PROS-100580,Manufacturing,East,50-249 employees,1093000.0,58.5,3,Yes,2025-02-25,5000.0
CUST-201254,PROS-104056,Wholesale Distribution,West,1-9 employees,24000.0,34.9,13,No,2025-02-14,39000.0
CUST-201255,PROS-102665,Transportation & Logistics,North,50-249 employees,75000.0,87.3,13,No,2026-01-14,46000.0
CUST-201256,PROS-105212,Healthcare,North,1-9 employees,856000.0,61.2,20,No,2025-03-08,12000.0
CUST-201257,PROS-104178,HEALTHCARE,Central,1-9 employees,313000.0,16.4,31,Yes,2025-05-08,21000.0
CUST-201258,PROS-105037,Transportation & Logistics,North,10-49 employees,1508000.0,56.7,17,Yes,2025-11-29,20000.0
CUST-201259,PROS-105677,Construction,East,250-999 employees,1632000.0,10.5,25,No,2025-03-25,14000.0
CUST-201260,PROS-102990,Healthcare,North,250-999 employees,510000.0,40.6,19,No,2025-10-16,27000.0
CUST-201261,PROS-103716,Construction,West,1-9 employees,1607000.0,13.6,9,Yes,2025-07-06,6000.0
CUST-201262,PROS-105217,Technology,East,10-49 employees,810000.0,72.0,33,Yes,2025-11-02,11000.0
CUST-201263,PROS-103433,Construction,South,10-49 employees,1435000.0,,18,No,2025-05-01,3000.0
CUST-201264,PROS-100185,Healthcare,Central,50-249 employees,656000.0,50.0,24,No,2025-12-30,7000.0
CUST-201265,PROS-105592,Transportation & Logistics,West,250-999 employees,1064000.0,29.4,26,Yes,2025-10-20,5000.0
CUST-201266,PROS-104159,Manufacturing,West,50-249 employees,5004000.0,29.6,18,No,2025-05-02,4000.0
CUST-201267,PROS-104077,Technology,Central,1-9 employees,265000.0,53.1,24,Yes,2025-09-24,9000.0
CUST-201268,PROS-101299,Manufacturing,Central,10-49 employees,799000.0,62.6,38,Yes,2025-10-25,16000.0
CUST-201269,PROS-102356,Healthcare,Central,50-249 employees,507000.0,28.5,27,Yes,2026-01-30,8000.0
CUST-201270,PROS-103921,Technology,North,10-49 employees,370000.0,96.2,36,No,2025-05-26,9000.0
CUST-201271,PROS-103964,Retail Trade,West,1-9 employees,6153000.0,16.9,14,No,2026-01-26,8000.0
CUST-201272,PROS-105997,Education,Central,10-49 employees,899000.0,55.9,38,Yes,2025-11-11,14000.0
CUST-201273,PROS-100298,Professional Services,South,1-9 employees,102000.0,24.5,31,Yes,2025-06-24,9000.0
CUST-201274,PROS-105864,Education,Central,10-49 employees,3099000.0,70.6,5,No,2025-10-06,7000.0
CUST-201275,PROS-102427,Construction,North,1-9 employees,870000.0,41.2,20,Yes,2025-08-15,23000.0
CUST-201276,PROS-104706,Healthcare,West,1000+ employees,294000.0,28.4,3,Yes,2026-01-31,7000.0
CUST-201277,PROS-103404,Construction,West,50-249 employees,3395000.0,28.7,7,Yes,2025-01-25,6000.0
CUST-201278,PROS-104446,Construction,East,50-249 employees,594000.0,41.8,5,No,2025-10-30,20000.0
CUST-201279,PROS-102412,Education,South,10-49 employees,596000.0,56.9,18,No,2025-11-30,4000.0
CUST-201280,PROS-101962,Retail Trade,East,50-249 employees,1645000.0,39.0,36,Yes,2025-01-03,27000.0
CUST-201281,PROS-104859,Hospitality,West,10-49 employees,,40.1,17,No,2025-07-23,7000.0
CUST-201282,PROS-102611,Education,North,50-249 employees,3377000.0,14.9,36,No,2025-10-07,14000.0
CUST-201283,PROS-104914,Hospitality,North,250-999 employees,418000.0,5.3,2,No,2025-12-06,7000.0
CUST-201284,PROS-100729,Technology,South,10-49 employees,935000.0,54.4,32,Yes,2025-02-10,13000.0
CUST-201285,PROS-103273,Healthcare,South,10-49 employees,1403000.0,73.1,20,No,2025-04-22,9000.0
CUST-201286,PROS-100032,Manufacturing,West,1-9 employees,849000.0,69.6,19,Yes,2025-08-07,7000.0
CUST-201287,PROS-101944,Construction,Central,10-49 employees,808000.0,28.9,1,No,2025-09-15,5000.0
CUST-201288,PROS-104195,Healthcare,West,250-999 employees,558000.0,19.7,27,Yes,2025-03-04,9000.0
CUST-201289,PROS-102320,Manufacturing,West,1-9 employees,339000.0,75.8,11,Yes,2025-11-26,17000.0
CUST-201290,PROS-102692,Education,Central,1-9 employees,2732000.0,40.5,34,Yes,2025-07-17,20000.0
CUST-201291,PROS-102233,Retail Trade,East,10-49 employees,1205000.0,38.3,30,Yes,2025-06-10,8000.0
CUST-201292,PROS-101363,Professional Services,North,50-249 employees,968000.0,35.3,5,Yes,2025-11-14,8000.0
CUST-201293,PROS-100457,Technology,West,50-249 employees,400000.0,5.0,12,Yes,2025-07-25,12000.0
CUST-201294,PROS-103625,Hospitality,East,50-249 employees,272000.0,53.6,19,No,2025-04-26,13000.0
CUST-201295,PROS-104026,Professional Services,Central,250-999 employees,2766000.0,22.8,15,No,2025-06-24,13000.0
CUST-201296,PROS-103727,Transportation & Logistics,West,1-9 employees,216000.0,55.3,1,No,2025-03-03,10000.0
CUST-201297,PROS-102781,Education,South,1-9 employees,264000.0,35.1,14,Yes,2025-12-04,10000.0
CUST-201298,PROS-105186,Wholesale Distribution,East,250-999 employees,110000.0,38.4,30,No,2025-05-06,11000.0
CUST-201299,PROS-103124,Healthcare,North,250-999 employees,9092000.0,68.7,32,No,2025-05-20,3000.0
CUST-201300,PROS-102886,Education,West,1-9 employees,352000.0,60.9,11,Yes,2025-03-11,10000.0
CUST-201301,PROS-100155,Technology,West,1-9 employees,1908000.0,83.2,20,No,2025-05-30,21000.0
CUST-201302,PROS-102041,Wholesale Distribution,South,10-49 employees,972000.0,30.7,34,No,2025-03-15,30000.0
CUST-201303,PROS-102274,Retail Trade,North,1-9 employees,240000.0,62.1,21,No,2025-01-19,27000.0
CUST-201304,PROS-103206,Education,South,10-49 employees,4044000.0,37.0,19,Yes,2025-10-06,14000.0
CUST-201305,PROS-103658,Construction,West,250-999 employees,356000.0,,6,Yes,2025-05-31,6000.0
CUST-201306,PROS-104600,Education,West,50-249 employees,6779000.0,34.6,3,No,2025-10-09,9000.0
CUST-201307,PROS-104320,Technology,Central,50-249 employees,2247000.0,61.9,1,Yes,2025-03-31,8000.0
CUST-201308,PROS-105746,Healthcare,East,1-9 employees,777000.0,38.2,9,No,2025-07-31,5000.0
CUST-201309,PROS-100045,Education,East,10-49 employees,354000.0,39.9,11,Yes,2025-03-25,7000.0
CUST-201310,PROS-103895,Education,West,50-249 employees,345000.0,38.4,28,No,2025-04-11,8000.0
CUST-201311,PROS-101461,Construction,Central,10-49 employees,308000.0,9.5,35,Yes,2026-01-23,5000.0
CUST-201312,PROS-105569,Professional Services,South,10-49 employees,848000.0,12.4,25,Yes,2025-07-31,23000.0
CUST-201313,PROS-100375,Manufacturing,Central,1-9 employees,1118000.0,,6,No,2025-01-03,19000.0
CUST-201314,PROS-105615,Hospitality,Central,1-9 employees,1806000.0,39.2,19,Yes,2026-01-15,12000.0
CUST-201315,PROS-102100,Education,East,1-9 employees,282000.0,55.5,26,Yes,2025-11-25,16000.0
CUST-201316,PROS-102926,Technology,South,50-249 employees,1058000.0,21.0,9,No,2025-06-03,16000.0
CUST-201317,PROS-101545,Transportation & Logistics,West,1-9 employees,583000.0,73.3,1,No,2025-04-07,8000.0
CUST-201318,PROS-101839,Transportation & Logistics,East,1-9 employees,84000.0,52.2,30,Yes,2025-06-19,39000.0
CUST-201319,PROS-104830,Construction,South,50-249 employees,1089000.0,80.0,13,Yes,2025-11-06,8000.0
CUST-201320,PROS-103241,Professional Services,South,10-49 employees,189000.0,35.3,4,Yes,2025-07-17,4000.0
CUST-201321,PROS-101867,Hospitality,North,1-9 employees,382000.0,48.9,34,Yes,2025-03-11,14000.0
CUST-201322,PROS-103671,Manufacturing,Central,1000+ employees,2202000.0,31.1,9,Yes,2025-03-13,18000.0
CUST-201323,PROS-104312,Construction,East,10-49 employees,751000.0,39.7,20,Yes,2026-02-02,11000.0
CUST-201324,PROS-101635,TRANSPORTATION & LOGISTICS,South,1-9 employees,150000.0,30.1,17,Yes,2025-04-08,28000.0
CUST-201325,PROS-102468,Manufacturing,West,10-49 employees,367000.0,17.1,31,Yes,2025-08-20,14000.0
CUST-201326,PROS-100738,Hospitality,South,50-249 employees,1468000.0,42.9,18,No,2025-10-04,8000.0
CUST-201327,PROS-104103,Manufacturing,East,50-249 employees,739000.0,43.2,14,No,2025-03-03,9000.0
CUST-201328,PROS-103160,Retail Trade,West,1-9 employees,,38.3,30,Yes,2025-03-06,14000.0
CUST-201329,PROS-103407,Technology,South,1-9 employees,276000.0,,30,No,2025-05-05,14000.0
CUST-201330,PROS-101544,Professional Services,East,10-49 employees,870000.0,8.2,33,Yes,2025-08-30,27000.0
CUST-201331,PROS-105789,Education,North,1-9 employees,227000.0,46.3,15,No,2025-12-05,22000.0
CUST-201332,PROS-102910,Retail Trade,South,10-49 employees,128000.0,35.8,36,Yes,2025-06-04,5000.0
CUST-201333,PROS-104849,Education,Central,10-49 employees,931000.0,17.0,5,Yes,2025-04-25,12000.0
CUST-201334,PROS-103305,Professional Services,North,10-49 employees,1504000.0,42.6,23,No,2025-05-03,6000.0
CUST-201335,PROS-100265,Transportation & Logistics,North,50-249 employees,470000.0,,25,No,2025-11-06,32000.0
CUST-201336,PROS-103806,Retail Trade,Central,50-249 employees,2226000.0,15.5,30,Yes,2025-08-08,7000.0
CUST-201337,PROS-105723,TRANSPORTATION & LOGISTICS,North,1-9 employees,763000.0,81.6,21,Yes,2025-09-05,15000.0
CUST-201338,PROS-103614,Hospitality,West,1-9 employees,158000.0,48.8,22,Yes,2025-04-01,8000.0
CUST-201339,PROS-105310,Education,Central,10-49 employees,2701000.0,90.6,21,Yes,2025-09-14,4000.0
CUST-201340,PROS-101279,Wholesale Distribution,East,50-249 employees,584000.0,42.6,1,Yes,2025-05-04,6000.0
CUST-201341,PROS-103675,Healthcare,North,1-9 employees,6280000.0,22.6,17,Yes,2025-12-21,11000.0
CUST-201342,PROS-102453,Healthcare,West,1000+ employees,251000.0,62.9,31,Yes,2025-07-29,18000.0
CUST-201343,PROS-105048,Professional Services,North,10-49 employees,1461000.0,74.5,9,Yes,2025-03-04,18000.0
CUST-201344,PROS-101419,Healthcare,West,1-9 employees,,,12,Yes,2025-09-20,6000.0
CUST-201345,PROS-104698,Construction,West,250-999 employees,529000.0,72.2,36,Yes,2025-01-11,16000.0
CUST-201346,PROS-101651,Manufacturing,East,1-9 employees,289000.0,19.3,10,No,2025-12-01,23000.0
CUST-201347,PROS-102535,Education,Central,1-9 employees,,15.4,5,Yes,2025-06-12,18000.0
CUST-201348,PROS-100592,Professional Services,South,10-49 employees,1106000.0,,36,Yes,2025-11-26,10000.0
CUST-201349,PROS-103754,Manufacturing,East,10-49 employees,238000.0,,20,Yes,2026-01-11,13000.0
CUST-201350,PROS-102711,Manufacturing,West,1-9 employees,1781000.0,36.2,29,Yes,2025-07-19,14000.0
CUST-201351,PROS-103523,Retail Trade,East,10-49 employees,556000.0,31.5,10,Yes,2025-02-14,30000.0
CUST-201352,PROS-101014,Transportation & Logistics,East,1-9 employees,110000.0,36.8,26,Yes,2025-01-30,37000.0
CUST-201353,PROS-104436,Technology,South,1-9 employees,127000.0,43.7,18,Yes,2025-05-08,19000.0
CUST-201354,PROS-105183,Wholesale Distribution,West,250-999 employees,7130000.0,62.1,17,Yes,2025-03-17,13000.0
CUST-201355,PROS-101305,Technology,South,10-49 employees,647000.0,64.0,33,No,2025-10-13,13000.0
CUST-201356,PROS-100593,Education,West,50-249 employees,2792000.0,34.8,17,Yes,2025-01-01,13000.0
CUST-201357,PROS-100142,PROFESSIONAL SERVICES,East,1-9 employees,1122000.0,54.4,35,No,2025-10-13,15000.0
CUST-201358,PROS-103653,Transportation & Logistics,North,50-249 employees,608000.0,30.6,7,No,2025-03-16,9000.0
CUST-201359,PROS-101391,Transportation & Logistics,East,1-9 employees,280000.0,79.1,22,No,2025-02-20,43000.0
CUST-201360,PROS-102338,Manufacturing,West,10-49 employees,1584000.0,59.5,3,No,2025-01-13,8000.0
CUST-201361,PROS-103569,Professional Services,Central,10-49 employees,107000.0,57.9,28,No,2025-11-19,29000.0
CUST-201362,PROS-102988,Education,North,1-9 employees,918000.0,33.8,30,Yes,2025-10-13,3000.0
CUST-201363,PROS-100817,Retail Trade,East,1-9 employees,399000.0,18.2,15,No,2025-12-25,11000.0
CUST-201364,PROS-104192,Hospitality,North,1-9 employees,1560000.0,16.8,30,No,2025-08-07,10000.0
CUST-201365,PROS-102413,Technology,North,1-9 employees,397000.0,33.3,6,Yes,2025-08-27,15000.0
CUST-201366,PROS-104319,Manufacturing,South,10-49 employees,394000.0,83.5,35,Yes,2025-01-15,10000.0
CUST-201367,PROS-104177,Hospitality,Central,50-249 employees,594000.0,45.4,38,Yes,2025-01-09,30000.0
CUST-201368,PROS-105948,Education,North,10-49 employees,3399000.0,61.4,13,Yes,2025-09-05,11000.0
CUST-201369,PROS-100772,Manufacturing,Central,10-49 employees,348000.0,41.1,3,Yes,2025-07-24,7000.0
CUST-201370,PROS-104362,Healthcare,East,1-9 employees,3448000.0,91.4,3,No,2025-11-22,7000.0
CUST-201371,PROS-103478,Healthcare,South,1-9 employees,1132000.0,65.2,35,No,2025-08-09,10000.0
CUST-201372,PROS-100493,Technology,South,1-9 employees,246000.0,,21,No,2025-01-12,20000.0
CUST-201373,PROS-100533,Professional Services,North,1-9 employees,1803000.0,57.8,3,Yes,2025-09-16,23000.0
CUST-201374,PROS-101160,Transportation & Logistics,North,10-49 employees,905000.0,51.5,9,Yes,2025-02-20,6000.0
CUST-201375,PROS-101938,Education,North,1-9 employees,93000.0,14.8,24,Yes,2025-12-21,8000.0
CUST-201376,PROS-102118,Transportation & Logistics,East,10-49 employees,122000.0,24.5,19,Yes,2025-07-08,7000.0
CUST-201377,PROS-100433,Retail Trade,South,250-999 employees,634000.0,34.7,10,Yes,2025-06-26,11000.0
CUST-201378,PROS-100423,Transportation & Logistics,West,50-249 employees,245000.0,41.7,25,Yes,2025-01-17,23000.0
CUST-201379,PROS-104815,Professional Services,North,1-9 employees,3875000.0,43.3,28,No,2025-05-03,14000.0
CUST-201380,PROS-101400,Wholesale Distribution,West,10-49 employees,178000.0,22.5,33,Yes,2025-01-09,18000.0
CUST-201381,PROS-105284,Education,West,250-999 employees,2199000.0,70.7,29,No,2025-02-13,20000.0
CUST-201382,PROS-103919,Technology,West,250-999 employees,6686000.0,19.0,17,Yes,2025-08-21,9000.0
CUST-201383,PROS-103203,Retail Trade,Central,10-49 employees,1079000.0,50.7,20,Yes,2025-07-14,6000.0
CUST-201384,PROS-101943,Manufacturing,North,10-49 employees,5608000.0,44.1,15,Yes,2025-08-14,9000.0
CUST-201385,PROS-101995,Manufacturing,East,1-9 employees,316000.0,34.9,36,Yes,2025-11-19,21000.0
CUST-201386,PROS-104035,Manufacturing,East,250-999 employees,185000.0,16.1,12,Yes,2025-11-19,19000.0
CUST-201387,PROS-105964,Hospitality,South,1-9 employees,,89.1,7,Yes,2025-12-19,14000.0
CUST-201388,PROS-103989,Healthcare,East,1-9 employees,2713000.0,86.1,29,No,2025-02-01,23000.0
CUST-201389,PROS-103348,Retail Trade,North,50-249 employees,542000.0,55.2,9,Yes,2025-01-30,14000.0
CUST-201390,PROS-104403,Education,North,10-49 employees,1213000.0,11.5,21,No,2025-12-25,10000.0
CUST-201391,PROS-102792,Hospitality,West,1-9 employees,316000.0,22.4,16,No,2025-12-15,5000.0
CUST-201392,PROS-100374,Wholesale Distribution,North,1-9 employees,436000.0,58.2,1,Yes,2025-01-08,28000.0
CUST-201393,PROS-103376,Transportation & Logistics,East,1000+ employees,397000.0,63.8,11,Yes,2025-01-12,12000.0
CUST-201394,PROS-105759,Manufacturing,South,10-49 employees,383000.0,25.1,9,Yes,2025-05-01,10000.0
CUST-201395,PROS-104163,Professional Services,East,10-49 employees,1381000.0,48.6,13,No,2025-08-08,12000.0
CUST-201396,PROS-101214,Manufacturing,South,50-249 employees,196000.0,51.0,31,No,2025-01-20,32000.0
CUST-201397,PROS-100597,Hospitality,East,1-9 employees,699000.0,67.5,12,Yes,2025-06-29,24000.0
CUST-201398,PROS-102701,Hospitality,North,10-49 employees,2334000.0,50.0,6,No,2025-04-08,10000.0
CUST-201399,PROS-104549,Wholesale Distribution,South,10-49 employees,112000.0,61.1,39,Yes,2026-01-04,17000.0
CUST-201400,PROS-102079,Retail Trade,Central,1000+ employees,22092000.0,12.3,6,No,2025-11-23,27000.0
CUST-201401,PROS-104010,Construction,West,50-249 employees,819000.0,58.5,9,No,2025-07-29,16000.0
CUST-201402,PROS-104785,Construction,Central,250-999 employees,4074000.0,52.0,34,No,2025-02-20,14000.0
CUST-201403,PROS-105570,Hospitality,North,50-249 employees,175000.0,38.2,4,No,2025-04-16,3000.0
CUST-201404,PROS-101405,Retail Trade,East,1-9 employees,1760000.0,33.6,16,Yes,2025-03-22,28000.0
CUST-201405,PROS-102386,Education,West,1000+ employees,107000.0,53.5,37,No,2025-12-10,7000.0
CUST-201406,PROS-105954,Technology,South,50-249 employees,313000.0,21.9,10,Yes,2025-09-02,4000.0
CUST-201407,PROS-105568,Construction,East,10-49 employees,1141000.0,21.2,19,Yes,2025-05-18,4000.0
CUST-201408,PROS-103135,Manufacturing,North,50-249 employees,722000.0,63.5,12,Yes,2025-01-09,7000.0
CUST-201409,PROS-103752,Education,West,1-9 employees,1134000.0,11.2,2,Yes,2025-11-29,17000.0
CUST-201410,PROS-100552,WHOLESALE DISTRIBUTION,North,50-249 employees,3185000.0,75.1,37,Yes,2025-08-29,26000.0
CUST-201411,PROS-104544,Healthcare,East,1-9 employees,2579000.0,33.7,11,Yes,2025-04-07,16000.0
CUST-201412,PROS-100768,Retail Trade,East,50-249 employees,183000.0,,10,Yes,2025-12-24,37000.0
CUST-201413,PROS-104963,Professional Services,North,50-249 employees,1903000.0,57.4,38,Yes,2025-10-30,10000.0
CUST-201414,PROS-104705,Professional Services,West,10-49 employees,599000.0,54.9,14,Yes,2025-01-28,11000.0
CUST-201415,PROS-104267,Education,East,1-9 employees,225000.0,78.6,24,Yes,2025-01-04,4000.0
CUST-201416,PROS-100220,Retail Trade,South,10-49 employees,4060000.0,69.3,15,Yes,2025-01-03,9000.0
CUST-201417,PROS-101814,Wholesale Distribution,East,10-49 employees,13112000.0,73.7,21,No,2025-04-19,3000.0
CUST-201418,PROS-101581,Professional Services,South,50-249 employees,18890000.0,17.5,29,No,2025-06-12,5000.0
CUST-201419,PROS-100544,Wholesale Distribution,North,1-9 employees,608000.0,35.9,2,No,2026-01-07,19000.0
CUST-201420,PROS-105629,Manufacturing,East,50-249 employees,3497000.0,16.9,11,Yes,2025-12-06,4000.0
CUST-201421,PROS-101828,Technology,East,50-249 employees,465000.0,42.2,9,Yes,2026-02-04,5000.0
CUST-201422,PROS-102684,Transportation & Logistics,West,1-9 employees,1123000.0,60.8,1,Yes,2026-01-10,4000.0
CUST-201423,PROS-103101,Retail Trade,North,10-49 employees,142000.0,35.9,13,No,2025-01-02,21000.0
CUST-201424,PROS-105526,Transportation & Logistics,South,1-9 employees,230000.0,,7,No,2025-11-17,35000.0
CUST-201425,PROS-102989,Healthcare,South,10-49 employees,,24.0,7,Yes,2026-01-05,12000.0
CUST-201426,PROS-105952,Retail Trade,West,1-9 employees,5564000.0,24.6,38,Yes,2025-09-17,23000.0
CUST-201427,PROS-105114,Professional Services,East,50-249 employees,1406000.0,11.1,37,Yes,2026-01-21,6000.0
CUST-201428,PROS-101259,Wholesale Distribution,North,1-9 employees,268000.0,82.7,9,No,2025-06-20,27000.0
CUST-201429,PROS-105589,Wholesale Distribution,West,1-9 employees,644000.0,34.5,34,No,2025-11-12,8000.0
CUST-201430,PROS-100707,Transportation & Logistics,South,10-49 employees,227000.0,9.7,15,Yes,2025-11-12,19000.0
CUST-201431,PROS-102276,Professional Services,West,10-49 employees,1275000.0,34.1,25,No,2025-04-01,13000.0
CUST-201432,PROS-105270,Retail Trade,East,1-9 employees,150000.0,,7,Yes,2025-10-30,4000.0
CUST-201433,PROS-104756,Transportation & Logistics,North,50-249 employees,5019000.0,87.5,28,No,2025-07-10,7000.0
CUST-201434,PROS-101822,Construction,North,1-9 employees,1058000.0,27.2,14,Yes,2025-03-15,14000.0
CUST-201435,PROS-100504,Professional Services,East,50-249 employees,,36.2,25,No,2025-02-12,4000.0
CUST-201436,PROS-102406,Construction,North,1-9 employees,488000.0,36.1,17,No,2025-10-14,15000.0
CUST-201437,PROS-101045,Retail Trade,North,1000+ employees,411000.0,65.6,22,No,2025-11-22,5000.0
CUST-201438,PROS-102069,Healthcare,North,1000+ employees,1122000.0,33.9,24,Yes,2025-11-14,18000.0
CUST-201439,PROS-105856,Healthcare,West,1-9 employees,590000.0,32.4,7,Yes,2026-01-24,5000.0
CUST-201440,PROS-100794,Healthcare,West,10-49 employees,150000.0,83.4,36,No,2025-12-27,17000.0
CUST-201441,PROS-105544,Professional Services,Central,10-49 employees,462000.0,61.0,2,No,2025-03-16,21000.0
CUST-201442,PROS-102933,Healthcare,North,1000+ employees,602000.0,60.0,3,No,2025-10-19,12000.0
CUST-201443,PROS-104599,Hospitality,North,250-999 employees,705000.0,31.5,23,Yes,2025-03-30,12000.0
CUST-201444,PROS-101055,Education,North,10-49 employees,418000.0,30.4,13,No,2025-10-20,32000.0
CUST-201445,PROS-103022,Construction,West,250-999 employees,222000.0,56.8,4,No,2025-06-22,8000.0
CUST-201446,PROS-102383,Construction,West,1-9 employees,295000.0,20.2,38,Yes,2025-12-27,9000.0
CUST-201447,PROS-100877,Hospitality,North,1-9 employees,599000.0,57.1,24,Yes,2025-02-19,19000.0
CUST-201448,PROS-102197,Wholesale Distribution,West,1-9 employees,259000.0,48.4,15,Yes,2025-03-19,17000.0
CUST-201449,PROS-100425,Retail Trade,West,1-9 employees,157000.0,34.3,9,Yes,2025-09-06,11000.0
CUST-201450,PROS-100156,Retail Trade,North,10-49 employees,3975000.0,49.0,26,Yes,2025-08-09,6000.0
CUST-201451,PROS-100811,Wholesale Distribution,Central,1-9 employees,3432000.0,48.2,19,Yes,2025-12-10,23000.0
CUST-201452,PROS-105805,Retail Trade,North,50-249 employees,,27.8,18,Yes,2025-12-24,6000.0
CUST-201453,PROS-102590,Manufacturing,East,10-49 employees,738000.0,80.2,26,No,2025-04-15,52000.0
CUST-201454,PROS-103042,Construction,East,10-49 employees,143000.0,24.1,20,No,2025-09-10,6000.0
CUST-201455,PROS-102636,Construction,North,1-9 employees,,20.5,32,Yes,2025-10-31,6000.0
CUST-201456,PROS-100644,Hospitality,West,10-49 employees,1485000.0,53.9,13,No,2026-01-08,16000.0
CUST-201457,PROS-103851,Manufacturing,South,50-249 employees,1422000.0,10.6,20,Yes,2025-05-22,18000.0
CUST-201458,PROS-101301,Healthcare,South,50-249 employees,296000.0,33.6,10,Yes,2025-01-21,7000.0
CUST-201459,PROS-103728,Construction,Central,10-49 employees,3714000.0,29.3,2,Yes,2025-05-21,36000.0
CUST-201460,PROS-103913,Transportation & Logistics,Central,1-9 employees,,41.8,16,No,2025-03-27,16000.0
CUST-201461,PROS-100909,Manufacturing,Central,10-49 employees,1874000.0,38.7,25,Yes,2025-01-20,11000.0
CUST-201462,PROS-100384,Manufacturing,South,1-9 employees,878000.0,43.6,21,No,2025-03-30,16000.0
CUST-201463,PROS-102757,Technology,Central,1-9 employees,1308000.0,63.1,33,No,2025-03-19,27000.0
CUST-201464,PROS-100361,Wholesale Distribution,Central,10-49 employees,486000.0,25.7,13,Yes,2025-02-01,35000.0
CUST-201465,PROS-105900,Education,Central,1-9 employees,,36.6,14,Yes,2025-11-04,14000.0
CUST-201466,PROS-101434,Construction,East,1-9 employees,745000.0,54.7,31,No,2025-09-07,6000.0
CUST-201467,PROS-100850,Education,South,1000+ employees,542000.0,86.1,36,No,2025-03-03,6000.0
CUST-201468,PROS-100736,Hospitality,South,1-9 employees,249000.0,84.0,14,Yes,2025-06-10,5000.0
CUST-201469,PROS-101815,Retail Trade,Central,1-9 employees,413000.0,65.6,36,No,2025-12-02,9000.0
CUST-201470,PROS-100619,Retail Trade,North,1-9 employees,474000.0,14.9,21,Yes,2025-04-07,13000.0
CUST-201471,PROS-100389,Retail Trade,West,1-9 employees,3335000.0,78.3,1,Yes,2025-04-05,15000.0
CUST-201472,PROS-103063,Retail Trade,South,50-249 employees,349000.0,72.5,26,Yes,2025-10-19,26000.0
CUST-201473,PROS-104890,Wholesale Distribution,East,1-9 employees,1056000.0,46.7,8,Yes,2025-06-09,3000.0
CUST-201474,PROS-103698,Professional Services,West,1-9 employees,224000.0,82.5,3,Yes,2025-09-28,13000.0
CUST-201475,PROS-101833,Manufacturing,East,50-249 employees,1989000.0,19.8,23,No,2025-03-19,17000.0
CUST-201476,PROS-103171,Education,West,50-249 employees,12073000.0,39.6,35,Yes,2025-01-16,2000.0
CUST-201477,PROS-102546,Hospitality,West,50-249 employees,396000.0,69.0,29,Yes,2025-08-03,17000.0
CUST-201478,PROS-100784,Healthcare,South,50-249 employees,1381000.0,43.1,32,No,2025-06-25,68000.0
CUST-201479,PROS-105323,Construction,North,250-999 employees,493000.0,65.8,20,Yes,2025-12-05,21000.0
CUST-201480,PROS-102698,Retail Trade,East,1-9 employees,387000.0,72.6,3,Yes,2025-10-16,16000.0
CUST-201481,PROS-101176,Construction,West,1-9 employees,656000.0,39.3,35,Yes,2025-05-15,11000.0
CUST-201482,PROS-102471,Manufacturing,North,50-249 employees,506000.0,44.3,6,No,2025-02-11,15000.0
CUST-201483,PROS-104971,Construction,Central,250-999 employees,154000.0,,30,Yes,2025-08-05,33000.0
CUST-201484,PROS-104419,Retail Trade,North,50-249 employees,1283000.0,,30,Yes,2025-11-14,10000.0
CUST-201485,PROS-102486,Professional Services,East,250-999 employees,1534000.0,35.7,33,Yes,2025-05-01,27000.0
CUST-201486,PROS-100115,Transportation & Logistics,North,50-249 employees,508000.0,52.7,34,Yes,2025-09-04,17000.0
CUST-201487,PROS-104573,WHOLESALE DISTRIBUTION,West,10-49 employees,1271000.0,49.9,26,Yes,2025-01-14,35000.0
CUST-201488,PROS-100824,Technology,East,10-49 employees,29000.0,37.9,5,No,2025-10-15,25000.0
CUST-201489,PROS-103217,Healthcare,North,1000+ employees,569000.0,67.1,19,No,2025-12-01,14000.0
CUST-201490,PROS-101298,Transportation & Logistics,East,250-999 employees,327000.0,70.7,10,Yes,2025-04-11,14000.0
CUST-201491,PROS-101446,Education,North,10-49 employees,306000.0,46.9,5,Yes,2025-09-25,11000.0
CUST-201492,PROS-104822,Education,North,1-9 employees,2833000.0,44.9,4,No,2025-10-27,24000.0
CUST-201493,PROS-105769,Transportation & Logistics,East,1-9 employees,196000.0,60.7,33,No,2025-04-06,9000.0
CUST-201494,PROS-102937,Hospitality,Central,1-9 employees,5547000.0,69.6,31,No,2025-03-11,14000.0
CUST-201495,PROS-100670,Education,North,10-49 employees,336000.0,47.3,33,No,2025-06-03,11000.0
CUST-201496,PROS-103293,Professional Services,Central,1-9 employees,4500000.0,23.4,38,Yes,2025-12-11,5000.0
CUST-201497,PROS-102725,Technology,West,250-999 employees,1264000.0,71.1,1,No,2025-05-28,15000.0
CUST-201498,PROS-105073,Hospitality,South,1-9 employees,978000.0,49.3,32,Yes,2025-03-24,5000.0
CUST-201499,PROS-100604,Wholesale Distribution,East,50-249 employees,1488000.0,67.2,12,Yes,2025-04-25,10000.0
CUST-201500,PROS-102939,Retail Trade,South,250-999 employees,70000.0,59.6,29,Yes,2025-04-18,19000.0
CUST-201501,PROS-100897,Manufacturing,South,1-9 employees,4347000.0,47.3,12,No,2025-08-01,14000.0
CUST-201502,PROS-101945,Retail Trade,East,1-9 employees,2238000.0,70.9,30,Yes,2025-09-26,14000.0
CUST-201503,PROS-104438,Construction,North,250-999 employees,150000.0,52.2,28,Yes,2025-04-20,7000.0
CUST-201504,PROS-102252,Professional Services,North,50-249 employees,4250000.0,32.0,18,Yes,2025-05-14,25000.0
CUST-201505,PROS-102360,Technology,North,1-9 employees,126000.0,66.8,39,Yes,2025-07-15,7000.0
CUST-201506,PROS-102755,Wholesale Distribution,North,1-9 employees,2787000.0,56.9,29,Yes,2025-05-04,20000.0
CUST-201507,PROS-104724,Professional Services,Central,1000+ employees,334000.0,9.6,16,Yes,2025-07-01,29000.0
CUST-201508,PROS-105744,Manufacturing,East,10-49 employees,786000.0,32.4,8,Yes,2025-01-26,5000.0
CUST-201509,PROS-104735,Healthcare,West,10-49 employees,483000.0,13.5,1,Yes,2025-06-02,10000.0
CUST-201510,PROS-104148,Wholesale Distribution,East,10-49 employees,2857000.0,42.1,38,Yes,2025-11-25,9000.0
CUST-201511,PROS-102622,Retail Trade,Central,1-9 employees,426000.0,4.2,14,Yes,2025-06-25,15000.0
CUST-201512,PROS-101533,Retail Trade,East,1-9 employees,345000.0,26.3,11,No,2025-07-03,7000.0
CUST-201513,PROS-105053,Education,South,10-49 employees,,72.2,18,Yes,2025-08-29,6000.0
CUST-201514,PROS-100237,Healthcare,South,50-249 employees,873000.0,16.3,10,Yes,2025-06-07,12000.0
CUST-201515,PROS-105413,Wholesale Distribution,Central,10-49 employees,911000.0,10.0,19,No,2025-06-18,9000.0
CUST-201516,PROS-102769,Education,Central,1-9 employees,400000.0,42.0,38,No,2025-04-09,12000.0
CUST-201517,PROS-103828,Technology,Central,10-49 employees,2778000.0,69.5,29,Yes,2025-10-31,22000.0
CUST-201518,PROS-103973,Professional Services,West,1-9 employees,347000.0,63.4,9,No,2025-08-11,5000.0
CUST-201519,PROS-103827,Transportation & Logistics,Central,10-49 employees,644000.0,84.8,10,Yes,2025-01-07,12000.0
CUST-201520,PROS-103693,Construction,North,1-9 employees,296000.0,24.4,33,Yes,2025-08-12,9000.0
CUST-201521,PROS-100417,Retail Trade,North,1-9 employees,821000.0,6.4,10,Yes,2025-05-25,13000.0
CUST-201522,PROS-103082,Professional Services,North,1-9 employees,148000.0,41.0,32,No,2025-01-01,9000.0
CUST-201523,PROS-104313,Manufacturing,South,1000+ employees,1091000.0,43.9,34,Yes,2025-07-23,6000.0
CUST-201524,PROS-100448,Transportation & Logistics,North,50-249 employees,945000.0,37.6,32,No,2025-02-04,16000.0
CUST-201525,PROS-100442,Retail Trade,East,50-249 employees,845000.0,53.4,30,No,2025-03-19,70000.0
CUST-201526,PROS-105750,Wholesale Distribution,North,250-999 employees,766000.0,60.9,14,No,2025-09-03,12000.0
CUST-201527,PROS-102108,Professional Services,West,10-49 employees,2134000.0,70.2,35,Yes,2025-07-25,8000.0
CUST-201528,PROS-101774,Hospitality,North,50-249 employees,896000.0,57.7,3,Yes,2025-04-24,8000.0
CUST-201529,PROS-102090,Wholesale Distribution,East,1-9 employees,1845000.0,26.0,34,Yes,2025-12-13,23000.0
CUST-201530,PROS-104663,Construction,West,50-249 employees,436000.0,38.6,29,Yes,2026-01-29,7000.0
CUST-201531,PROS-103987,Manufacturing,South,50-249 employees,755000.0,46.3,7,Yes,2025-02-07,29000.0
CUST-201532,PROS-101121,Manufacturing,West,1-9 employees,200000.0,40.7,13,No,2025-04-10,5000.0
CUST-201533,PROS-101051,Construction,East,1-9 employees,2622000.0,32.9,12,No,2025-01-02,14000.0
CUST-201534,PROS-100605,Transportation & Logistics,South,1-9 employees,1347000.0,66.6,14,Yes,2025-03-02,19000.0
CUST-201535,PROS-103981,Manufacturing,North,1-9 employees,728000.0,62.2,38,Yes,2025-05-26,21000.0
CUST-201536,PROS-104596,Wholesale Distribution,South,1-9 employees,1148000.0,29.4,14,Yes,2025-01-18,20000.0
CUST-201537,PROS-100124,Wholesale Distribution,North,1-9 employees,3601000.0,48.5,7,Yes,2026-01-03,15000.0
CUST-201538,PROS-100511,Hospitality,Central,1-9 employees,465000.0,52.8,5,Yes,2025-10-02,26000.0
CUST-201539,PROS-105816,HEALTHCARE,East,10-49 employees,,45.0,16,Yes,2025-02-03,7000.0
CUST-201540,PROS-101766,Transportation & Logistics,Central,50-249 employees,2061000.0,49.8,32,Yes,2025-04-27,9000.0
CUST-201541,PROS-104626,Manufacturing,South,1-9 employees,145000.0,43.8,14,Yes,2025-10-13,10000.0
CUST-201542,PROS-103758,Manufacturing,Central,1-9 employees,792000.0,56.8,10,No,2025-04-20,32000.0
CUST-201543,PROS-102283,Hospitality,East,10-49 employees,8464000.0,47.4,39,Yes,2025-07-10,17000.0
CUST-201544,PROS-101242,Education,South,50-249 employees,436000.0,20.2,28,Yes,2025-02-14,20000.0
CUST-201545,PROS-103871,Retail Trade,North,50-249 employees,149000.0,15.5,19,No,2025-12-12,11000.0
CUST-201546,PROS-103190,Manufacturing,North,10-49 employees,2080000.0,34.6,18,No,2025-01-21,21000.0
CUST-201547,PROS-100257,Retail Trade,West,1-9 employees,622000.0,83.6,15,No,2025-02-08,5000.0
CUST-201548,PROS-105818,Construction,West,1-9 employees,530000.0,66.5,31,Yes,2025-04-03,10000.0
CUST-201549,PROS-101751,Wholesale Distribution,East,1-9 employees,839000.0,49.0,25,No,2025-05-27,11000.0
CUST-201550,PROS-103615,Healthcare,East,10-49 employees,6020000.0,36.4,20,Yes,2025-06-08,10000.0
CUST-201551,PROS-103501,Technology,North,10-49 employees,120000.0,87.7,15,Yes,2025-10-04,11000.0
CUST-201552,PROS-104503,Hospitality,North,10-49 employees,1169000.0,30.4,30,Yes,2025-09-22,18000.0
CUST-201553,PROS-104879,Hospitality,North,50-249 employees,613000.0,41.5,8,Yes,2025-01-02,15000.0
CUST-201554,PROS-103954,TRANSPORTATION & LOGISTICS,East,50-249 employees,2939000.0,40.9,22,No,2025-02-10,27000.0
CUST-201555,PROS-102025,Healthcare,Central,10-49 employees,5594000.0,42.5,36,Yes,2025-05-08,3000.0
CUST-201556,PROS-105576,Transportation & Logistics,West,1-9 employees,254000.0,46.0,26,No,2025-05-27,32000.0
CUST-201557,PROS-102227,Education,East,1-9 employees,506000.0,81.4,12,No,2025-11-05,9000.0
CUST-201558,PROS-102587,Construction,East,10-49 employees,4116000.0,13.3,11,Yes,2026-02-01,29000.0
CUST-201559,PROS-103688,Education,South,1-9 employees,903000.0,64.3,29,Yes,2025-04-11,10000.0
CUST-201560,PROS-105667,Wholesale Distribution,West,250-999 employees,1099000.0,87.9,19,Yes,2025-09-30,16000.0
CUST-201561,PROS-101443,Healthcare,East,1-9 employees,573000.0,38.2,13,No,2025-04-20,7000.0
CUST-201562,PROS-101192,Retail Trade,East,10-49 employees,556000.0,26.6,20,Yes,2026-02-04,6000.0
CUST-201563,PROS-105324,Education,South,1-9 employees,261000.0,37.4,17,Yes,2025-09-07,18000.0
CUST-201564,PROS-103884,Retail Trade,South,1-9 employees,2841000.0,32.1,26,No,2025-02-01,2000.0
CUST-201565,PROS-105174,Professional Services,North,10-49 employees,4461000.0,9.3,29,No,2025-02-07,6000.0
CUST-201566,PROS-105523,EDUCATION,Central,1-9 employees,13569000.0,70.0,2,No,2025-06-11,21000.0
CUST-201567,PROS-101515,Education,South,10-49 employees,1336000.0,48.2,39,No,2025-06-27,10000.0
CUST-201568,PROS-102761,Healthcare,East,1-9 employees,3206000.0,33.0,1,No,2025-04-03,7000.0
CUST-201569,PROS-104389,Transportation & Logistics,Central,1-9 employees,8722000.0,47.4,5,Yes,2025-02-02,33000.0
CUST-201570,PROS-103951,Professional Services,East,1000+ employees,701000.0,17.1,36,Yes,2026-01-12,41000.0
CUST-201571,PROS-103276,Manufacturing,North,250-999 employees,1157000.0,24.1,24,No,2025-10-02,13000.0
CUST-201572,PROS-105905,Retail Trade,East,50-249 employees,1145000.0,19.6,8,No,2025-12-29,28000.0
CUST-201573,PROS-105632,Transportation & Logistics,South,1-9 employees,348000.0,23.1,37,Yes,2025-04-25,33000.0
CUST-201574,PROS-100994,Transportation & Logistics,West,50-249 employees,9279000.0,35.1,33,Yes,2025-08-16,13000.0
CUST-201575,PROS-100789,Manufacturing,West,50-249 employees,544000.0,19.6,10,Yes,2025-09-12,9000.0
CUST-201576,PROS-104913,Technology,North,50-249 employees,182000.0,26.6,31,Yes,2025-05-03,14000.0
CUST-201577,PROS-101286,Education,West,50-249 employees,,34.3,19,No,2025-09-15,5000.0
CUST-201578,PROS-103040,Construction,West,1-9 employees,1009000.0,43.4,39,Yes,2025-08-06,18000.0
CUST-201579,PROS-105051,Retail Trade,Central,10-49 employees,1463000.0,65.4,15,Yes,2025-12-09,10000.0
CUST-201580,PROS-104416,Healthcare,North,10-49 employees,360000.0,51.5,18,Yes,2025-12-15,13000.0
CUST-201581,PROS-103259,Healthcare,South,10-49 employees,1062000.0,,18,No,2026-01-07,13000.0
CUST-201582,PROS-103546,Healthcare,North,50-249 employees,615000.0,19.0,23,Yes,2025-08-18,8000.0
CUST-201583,PROS-103057,Retail Trade,South,1000+ employees,955000.0,43.8,20,Yes,2025-01-23,13000.0
CUST-201584,PROS-101780,MANUFACTURING,East,50-249 employees,1239000.0,46.6,26,No,2025-11-03,5000.0
CUST-201585,PROS-104153,Education,East,1-9 employees,422000.0,23.8,5,Yes,2025-06-15,10000.0
CUST-201586,PROS-103825,EDUCATION,South,1-9 employees,642000.0,44.7,21,No,2025-10-03,6000.0
CUST-201587,PROS-104577,Retail Trade,South,10-49 employees,429000.0,11.6,30,No,2025-09-24,7000.0
CUST-201588,PROS-100962,Wholesale Distribution,South,10-49 employees,483000.0,37.8,8,Yes,2025-02-09,3000.0
CUST-201589,PROS-100056,Transportation & Logistics,North,1-9 employees,,38.7,21,Yes,2025-03-18,10000.0
CUST-201590,PROS-101481,Manufacturing,South,250-999 employees,133000.0,27.0,28,Yes,2025-10-31,17000.0
CUST-201591,PROS-104376,Construction,East,10-49 employees,78000.0,41.6,24,No,2025-08-11,14000.0
CUST-201592,PROS-105950,Healthcare,West,250-999 employees,1503000.0,52.5,3,No,2025-03-25,25000.0
CUST-201593,PROS-100608,Education,North,1-9 employees,6084000.0,43.6,28,Yes,2025-12-07,7000.0
CUST-201594,PROS-102399,Hospitality,North,50-249 employees,384000.0,21.9,6,Yes,2025-12-15,10000.0
CUST-201595,PROS-104814,Hospitality,North,1-9 employees,1401000.0,49.6,14,Yes,2025-03-31,23000.0
CUST-201596,PROS-101233,Hospitality,South,10-49 employees,313000.0,65.1,16,Yes,2025-05-04,12000.0
CUST-201597,PROS-103332,Professional Services,West,10-49 employees,285000.0,20.2,20,Yes,2025-03-19,14000.0
CUST-201598,PROS-103703,Education,West,1-9 employees,324000.0,33.8,32,No,2025-08-14,47000.0
CUST-201599,PROS-101137,Construction,Central,1-9 employees,1613000.0,41.4,4,Yes,2025-11-04,11000.0
CUST-201600,PROS-102121,EDUCATION,Central,10-49 employees,3959000.0,18.0,9,Yes,2025-04-25,9000.0
CUST-201601,PROS-104714,Manufacturing,South,10-49 employees,1147000.0,52.3,36,No,2025-01-08,7000.0
CUST-201602,PROS-100028,Transportation & Logistics,East,250-999 employees,122000.0,79.6,20,Yes,2025-01-04,11000.0
CUST-201603,PROS-100215,Professional Services,West,1-9 employees,247000.0,54.0,3,Yes,2025-04-16,24000.0
CUST-201604,PROS-104489,Construction,East,10-49 employees,1856000.0,22.4,28,No,2025-11-09,18000.0
CUST-201605,PROS-101223,Technology,South,1-9 employees,663000.0,43.2,38,Yes,2025-05-25,31000.0
CUST-201606,PROS-105761,Retail Trade,South,10-49 employees,125000.0,26.0,19,Yes,2025-10-13,16000.0
CUST-201607,PROS-100891,Hospitality,South,1-9 employees,814000.0,54.3,17,Yes,2025-12-29,3000.0
CUST-201608,PROS-102202,Manufacturing,East,1-9 employees,3346000.0,25.7,16,Yes,2026-01-05,19000.0
CUST-201609,PROS-104345,Transportation & Logistics,Central,50-249 employees,340000.0,48.0,25,Yes,2025-05-05,14000.0
CUST-201610,PROS-105320,Construction,West,10-49 employees,87000.0,45.9,11,Yes,2025-08-18,13000.0
CUST-201611,PROS-102341,Construction,Central,10-49 employees,770000.0,18.8,23,Yes,2025-10-19,27000.0
CUST-201612,PROS-104196,Transportation & Logistics,West,1-9 employees,67000.0,25.8,10,No,2025-03-17,11000.0
CUST-201613,PROS-100017,Retail Trade,North,50-249 employees,1656000.0,39.1,35,Yes,2025-10-06,18000.0
CUST-201614,PROS-102122,Transportation & Logistics,West,50-249 employees,894000.0,26.6,25,No,2025-03-10,7000.0
CUST-201615,PROS-104778,Retail Trade,South,50-249 employees,821000.0,22.7,18,No,2025-08-15,5000.0
CUST-201616,PROS-100575,Construction,East,10-49 employees,,63.9,28,Yes,2025-06-05,9000.0
CUST-201617,PROS-103532,Manufacturing,East,1000+ employees,958000.0,33.6,29,Yes,2025-06-03,11000.0
CUST-201618,PROS-102893,Education,South,1-9 employees,,,19,Yes,2025-05-13,18000.0
CUST-201619,PROS-100405,Transportation & Logistics,Central,50-249 employees,539000.0,29.0,22,No,2025-07-15,6000.0
CUST-201620,PROS-103372,Construction,North,50-249 employees,690000.0,33.9,10,Yes,2025-06-13,32000.0
CUST-201621,PROS-103367,Professional Services,West,50-249 employees,1422000.0,14.9,5,Yes,2025-04-15,7000.0
CUST-201622,PROS-104841,Retail Trade,South,10-49 employees,17394000.0,47.0,21,Yes,2025-03-31,12000.0
CUST-201623,PROS-101620,Professional Services,Central,1-9 employees,340000.0,88.5,2,Yes,2025-07-14,13000.0
CUST-201624,PROS-104956,RETAIL TRADE,East,250-999 employees,271000.0,88.4,2,Yes,2026-01-31,15000.0
CUST-201625,PROS-100363,Wholesale Distribution,South,1-9 employees,461000.0,17.3,12,No,2025-09-18,17000.0
CUST-201626,PROS-104723,Manufacturing,North,1-9 employees,698000.0,21.3,8,No,2025-02-04,51000.0
CUST-201627,PROS-104260,Professional Services,North,50-249 employees,655000.0,79.2,33,No,2025-01-29,9000.0
CUST-201628,PROS-104746,Hospitality,East,10-49 employees,587000.0,32.0,18,Yes,2025-10-23,16000.0
CUST-201629,PROS-103112,Manufacturing,Central,10-49 employees,622000.0,44.4,11,No,2025-08-07,12000.0
CUST-201630,PROS-100884,Wholesale Distribution,North,250-999 employees,1756000.0,47.0,15,Yes,2025-08-16,24000.0
CUST-201631,PROS-101970,Wholesale Distribution,South,10-49 employees,320000.0,66.2,31,Yes,2025-05-29,17000.0
CUST-201632,PROS-102602,Hospitality,South,1-9 employees,1588000.0,8.8,34,No,2025-08-11,15000.0
CUST-201633,PROS-103592,Education,Central,250-999 employees,1102000.0,7.4,27,Yes,2025-08-23,5000.0
CUST-201634,PROS-104431,Manufacturing,East,10-49 employees,229000.0,49.5,39,Yes,2025-09-03,10000.0
CUST-201635,PROS-105991,Healthcare,South,1-9 employees,4281000.0,15.4,21,Yes,2026-01-13,7000.0
CUST-201636,PROS-105606,Healthcare,West,10-49 employees,1345000.0,32.1,6,No,2025-12-28,10000.0
CUST-201637,PROS-103863,Technology,West,250-999 employees,512000.0,49.0,23,No,2025-12-01,8000.0
CUST-201638,PROS-102518,Retail Trade,Central,10-49 employees,508000.0,,20,No,2025-09-28,9000.0
CUST-201639,PROS-103824,Transportation & Logistics,North,10-49 employees,1208000.0,54.9,30,Yes,2025-10-02,10000.0
CUST-201640,PROS-104729,Technology,Central,250-999 employees,1753000.0,77.6,12,No,2025-04-19,10000.0
CUST-201641,PROS-100720,Retail Trade,Central,10-49 employees,3896000.0,87.1,37,No,2025-12-12,11000.0
CUST-201642,PROS-102446,Hospitality,East,10-49 employees,498000.0,,18,Yes,2025-04-18,7000.0
CUST-201643,PROS-105047,Technology,West,10-49 employees,262000.0,25.8,6,Yes,2025-02-19,13000.0
CUST-201644,PROS-103441,Manufacturing,East,250-999 employees,2398000.0,44.7,7,Yes,2025-11-28,7000.0
CUST-201645,PROS-103529,Retail Trade,East,1-9 employees,3560000.0,,37,Yes,2025-06-15,9000.0
CUST-201646,PROS-102165,Education,West,50-249 employees,916000.0,27.5,11,No,2025-07-11,12000.0
CUST-201647,PROS-102003,Healthcare,South,1-9 employees,2924000.0,48.5,11,No,2025-09-10,2000.0
CUST-201648,PROS-100158,Transportation & Logistics,West,1-9 employees,153000.0,41.8,22,Yes,2025-10-09,59000.0
CUST-201649,PROS-100146,MANUFACTURING,East,50-249 employees,584000.0,70.6,28,No,2025-02-01,18000.0
CUST-201650,PROS-104998,Technology,East,10-49 employees,1536000.0,28.9,23,Yes,2025-05-31,16000.0
CUST-201651,PROS-101639,Professional Services,Central,10-49 employees,895000.0,26.4,7,Yes,2025-11-11,9000.0
CUST-201652,PROS-103117,Technology,North,10-49 employees,464000.0,6.3,19,Yes,2025-10-23,14000.0
CUST-201653,PROS-101789,HOSPITALITY,Central,1-9 employees,,52.6,24,Yes,2025-09-09,6000.0
CUST-201654,PROS-105653,Healthcare,West,10-49 employees,743000.0,39.2,15,Yes,2025-06-19,17000.0
CUST-201655,PROS-102574,Hospitality,Central,1000+ employees,,42.1,24,Yes,2025-05-22,4000.0
CUST-201656,PROS-105240,Construction,West,50-249 employees,5601000.0,42.4,18,Yes,2025-07-17,6000.0
CUST-201657,PROS-101126,Wholesale Distribution,Central,1-9 employees,601000.0,51.5,3,Yes,2025-03-14,8000.0
CUST-201658,PROS-104828,Education,West,10-49 employees,275000.0,79.2,34,No,2026-01-07,33000.0
CUST-201659,PROS-102905,Wholesale Distribution,West,1-9 employees,,47.9,27,Yes,2025-03-17,6000.0
CUST-201660,PROS-100799,Healthcare,West,1-9 employees,,33.7,32,No,2025-07-17,16000.0
CUST-201661,PROS-100502,Education,East,10-49 employees,2360000.0,27.4,29,Yes,2025-10-30,3000.0
CUST-201662,PROS-104386,Professional Services,North,10-49 employees,4245000.0,71.7,35,No,2025-03-31,13000.0
CUST-201663,PROS-102618,Technology,North,1-9 employees,2488000.0,60.4,3,Yes,2026-01-31,37000.0
CUST-201664,PROS-104603,Hospitality,West,50-249 employees,823000.0,67.1,18,Yes,2025-08-01,18000.0
CUST-201665,PROS-100953,HEALTHCARE,Central,10-49 employees,1036000.0,36.5,23,No,2025-03-05,3000.0
CUST-201666,PROS-103670,Retail Trade,West,1-9 employees,1559000.0,42.5,13,Yes,2025-01-04,13000.0
CUST-201667,PROS-104524,Wholesale Distribution,East,250-999 employees,215000.0,30.7,9,No,2025-05-05,10000.0
CUST-201668,PROS-103958,Manufacturing,South,10-49 employees,2002000.0,50.4,19,No,2025-04-22,27000.0
CUST-201669,PROS-105751,Professional Services,East,1-9 employees,112000.0,46.7,9,No,2025-01-20,12000.0
CUST-201670,PROS-100431,Hospitality,West,10-49 employees,395000.0,57.5,7,Yes,2025-08-30,5000.0
CUST-201671,PROS-101690,Hospitality,Central,1-9 employees,1803000.0,47.8,3,Yes,2025-07-26,12000.0
CUST-201672,PROS-101574,Retail Trade,East,1-9 employees,2392000.0,77.2,38,Yes,2025-01-29,8000.0
CUST-201673,PROS-101482,Professional Services,East,10-49 employees,268000.0,66.2,20,Yes,2025-11-28,3000.0
CUST-201674,PROS-105440,Transportation & Logistics,West,1-9 employees,2641000.0,57.1,15,Yes,2025-07-02,12000.0
CUST-201675,PROS-101496,Transportation & Logistics,West,1-9 employees,2297000.0,23.6,35,No,2025-08-24,13000.0
CUST-201676,PROS-101632,Manufacturing,Central,250-999 employees,325000.0,,36,Yes,2025-08-28,16000.0
CUST-201677,PROS-104568,Construction,Central,1-9 employees,,33.2,34,Yes,2025-12-02,24000.0
CUST-201678,PROS-104673,Wholesale Distribution,West,50-249 employees,1763000.0,,35,Yes,2025-04-01,11000.0
CUST-201679,PROS-100392,Construction,South,1-9 employees,200000.0,85.5,23,Yes,2025-01-17,5000.0
CUST-201680,PROS-100834,Wholesale Distribution,North,10-49 employees,6807000.0,32.6,18,Yes,2025-03-29,8000.0
CUST-201681,PROS-102076,Healthcare,East,1-9 employees,4114000.0,12.4,32,Yes,2025-09-30,13000.0
CUST-201682,PROS-105401,Technology,Central,10-49 employees,382000.0,72.0,10,No,2025-09-25,27000.0
CUST-201683,PROS-100130,Transportation & Logistics,North,1-9 employees,324000.0,14.4,28,Yes,2025-05-05,13000.0
CUST-201684,PROS-105791,Manufacturing,West,10-49 employees,2155000.0,18.0,4,Yes,2026-01-25,12000.0
CUST-201685,PROS-103363,Wholesale Distribution,North,10-49 employees,1906000.0,26.4,38,No,2025-10-04,11000.0
CUST-201686,PROS-100322,Technology,North,250-999 employees,1369000.0,27.0,33,No,2025-05-03,13000.0
CUST-201687,PROS-101567,Technology,South,10-49 employees,802000.0,74.1,32,Yes,2026-01-29,42000.0
CUST-201688,PROS-103939,Transportation & Logistics,West,50-249 employees,1016000.0,50.9,3,No,2025-03-25,12000.0
CUST-201689,PROS-101196,Hospitality,South,1-9 employees,54000.0,5.3,25,No,2025-01-13,11000.0
CUST-201690,PROS-103394,Construction,North,50-249 employees,133000.0,41.7,18,No,2026-01-29,13000.0
CUST-201691,PROS-102785,Retail Trade,East,1-9 employees,248000.0,57.5,4,Yes,2025-06-24,8000.0
CUST-201692,PROS-105837,Manufacturing,Central,250-999 employees,238000.0,74.9,12,No,2025-11-30,5000.0
CUST-201693,PROS-103663,Education,South,50-249 employees,1058000.0,68.4,25,Yes,2025-12-10,4000.0
CUST-201694,PROS-102089,Manufacturing,East,1-9 employees,585000.0,45.0,24,Yes,2026-01-10,8000.0
CUST-201695,PROS-100691,Hospitality,West,1-9 employees,2683000.0,47.8,5,Yes,2025-10-31,27000.0
CUST-201696,PROS-100905,Hospitality,North,50-249 employees,4814000.0,14.5,2,Yes,2025-01-19,26000.0
CUST-201697,PROS-101355,Healthcare,East,10-49 employees,381000.0,53.2,31,No,2025-08-06,6000.0
CUST-201698,PROS-101508,Wholesale Distribution,West,10-49 employees,2209000.0,53.7,19,Yes,2026-01-09,12000.0
CUST-201699,PROS-103148,Education,East,10-49 employees,5190000.0,58.2,9,No,2025-11-03,14000.0
CUST-201700,PROS-104350,Technology,Central,1-9 employees,,23.2,29,Yes,2025-12-02,8000.0
CUST-201701,PROS-104262,Professional Services,Central,1-9 employees,936000.0,51.0,37,Yes,2025-11-11,29000.0
CUST-201702,PROS-102918,Wholesale Distribution,West,250-999 employees,1794000.0,50.9,37,Yes,2025-04-30,21000.0
CUST-201703,PROS-101000,Wholesale Distribution,Central,50-249 employees,428000.0,60.8,37,Yes,2025-11-07,16000.0
CUST-201704,PROS-105683,Healthcare,South,1000+ employees,493000.0,37.0,14,Yes,2025-09-07,13000.0
CUST-201705,PROS-105104,Retail Trade,South,250-999 employees,157000.0,13.7,6,Yes,2025-08-21,5000.0
CUST-201706,PROS-104033,Professional Services,East,1-9 employees,145000.0,62.4,9,Yes,2025-03-10,30000.0
CUST-201707,PROS-102774,Transportation & Logistics,East,50-249 employees,75000.0,26.9,1,Yes,2025-02-13,18000.0
CUST-201708,PROS-103279,Hospitality,South,250-999 employees,246000.0,37.0,2,Yes,2025-06-17,17000.0
CUST-201709,PROS-103084,Construction,East,1-9 employees,1242000.0,9.7,31,Yes,2025-04-09,8000.0
CUST-201710,PROS-104851,Hospitality,West,10-49 employees,6747000.0,61.5,24,Yes,2025-08-29,9000.0
CUST-201711,PROS-101217,Hospitality,North,50-249 employees,1369000.0,,16,Yes,2025-05-07,17000.0
CUST-201712,PROS-101559,Wholesale Distribution,Central,250-999 employees,2363000.0,60.5,24,No,2025-02-14,25000.0
CUST-201713,PROS-101982,Manufacturing,East,250-999 employees,160000.0,36.8,28,Yes,2025-01-14,37000.0
CUST-201714,PROS-104551,Manufacturing,West,1-9 employees,6714000.0,51.7,22,Yes,2026-01-22,8000.0
CUST-201715,PROS-103126,Wholesale Distribution,Central,1-9 employees,784000.0,83.6,16,Yes,2025-02-13,12000.0
CUST-201716,PROS-105269,Transportation & Logistics,North,1-9 employees,119000.0,,8,Yes,2026-01-07,3000.0
CUST-201717,PROS-105280,Hospitality,North,1-9 employees,314000.0,55.4,37,Yes,2025-08-13,3000.0
CUST-201718,PROS-105226,Construction,Central,1-9 employees,1204000.0,68.9,38,No,2025-12-13,18000.0
CUST-201719,PROS-105907,Education,North,50-249 employees,818000.0,17.7,30,Yes,2025-12-31,8000.0
CUST-201720,PROS-100164,Healthcare,South,250-999 employees,7800000.0,39.5,2,No,2025-02-21,4000.0
CUST-201721,PROS-100407,Retail Trade,West,1-9 employees,4963000.0,16.6,32,Yes,2025-08-05,6000.0
CUST-201722,PROS-105457,Construction,Central,1-9 employees,829000.0,50.4,35,Yes,2025-09-25,16000.0
CUST-201723,PROS-103239,Manufacturing,East,1000+ employees,691000.0,54.1,36,No,2025-09-10,16000.0
CUST-201724,PROS-102994,Hospitality,North,10-49 employees,106000.0,73.5,39,Yes,2025-12-23,5000.0
CUST-201725,PROS-100643,Healthcare,East,1-9 employees,50000.0,47.6,13,Yes,2025-03-09,28000.0
CUST-201726,PROS-103957,Hospitality,Central,1-9 employees,1153000.0,20.4,35,No,2025-02-25,8000.0
CUST-201727,PROS-104940,Hospitality,South,50-249 employees,4292000.0,40.4,25,Yes,2025-11-30,15000.0
CUST-201728,PROS-102275,Healthcare,Central,10-49 employees,1235000.0,83.9,8,No,2025-09-16,13000.0
CUST-201729,PROS-105798,Transportation & Logistics,Central,1-9 employees,1200000.0,48.1,33,Yes,2026-01-03,13000.0
CUST-201730,PROS-101232,Education,East,1-9 employees,460000.0,34.8,29,Yes,2025-03-23,7000.0
CUST-201731,PROS-101717,Construction,West,50-249 employees,980000.0,24.2,15,Yes,2025-01-23,13000.0
CUST-201732,PROS-104772,Retail Trade,West,10-49 employees,859000.0,53.6,6,Yes,2025-10-03,15000.0
CUST-201733,PROS-103473,Wholesale Distribution,West,1-9 employees,741000.0,56.9,14,No,2025-10-31,11000.0
CUST-201734,PROS-103814,Construction,East,1000+ employees,91000.0,53.8,14,No,2025-09-17,14000.0
CUST-201735,PROS-104800,Technology,East,1-9 employees,2939000.0,51.3,38,No,2025-01-20,25000.0
CUST-201736,PROS-102368,Retail Trade,East,1-9 employees,461000.0,48.7,16,Yes,2025-12-15,10000.0
CUST-201737,PROS-105496,Hospitality,East,1-9 employees,327000.0,52.9,7,No,2025-04-12,19000.0
CUST-201738,PROS-100948,Education,South,50-249 employees,240000.0,56.8,34,Yes,2025-07-14,11000.0
CUST-201739,PROS-104773,Education,North,10-49 employees,950000.0,32.3,31,Yes,2025-01-10,31000.0
CUST-201740,PROS-101898,Hospitality,Central,1000+ employees,420000.0,69.1,14,No,2025-10-31,5000.0
CUST-201741,PROS-105150,Retail Trade,North,1-9 employees,2104000.0,29.8,39,Yes,2025-11-23,29000.0
CUST-201742,PROS-105899,Wholesale Distribution,West,1000+ employees,2428000.0,69.5,4,No,2025-03-18,9000.0
CUST-201743,PROS-100843,Manufacturing,South,1-9 employees,2420000.0,13.3,3,Yes,2025-02-01,47000.0
CUST-201744,PROS-101222,Education,South,10-49 employees,543000.0,66.0,8,Yes,2025-09-15,17000.0
CUST-201745,PROS-101113,Professional Services,East,10-49 employees,320000.0,41.3,7,No,2025-08-10,22000.0
CUST-201746,PROS-102644,Healthcare,North,1-9 employees,395000.0,30.2,11,Yes,2025-12-17,12000.0
CUST-201747,PROS-100519,Transportation & Logistics,North,1-9 employees,808000.0,,22,Yes,2025-04-28,20000.0
CUST-201748,PROS-105299,Wholesale Distribution,North,10-49 employees,1182000.0,73.5,19,Yes,2025-10-17,20000.0
CUST-201749,PROS-105810,Technology,South,1000+ employees,715000.0,54.4,8,Yes,2025-12-06,12000.0
CUST-201750,PROS-104024,Healthcare,North,1-9 employees,1141000.0,38.0,21,No,2025-12-18,21000.0
CUST-201751,PROS-101002,Transportation & Logistics,Central,10-49 employees,211000.0,31.6,20,Yes,2025-02-03,1000.0
CUST-201752,PROS-105295,Hospitality,North,250-999 employees,1608000.0,28.9,8,Yes,2025-09-09,9000.0
CUST-201753,PROS-102557,WHOLESALE DISTRIBUTION,South,50-249 employees,848000.0,46.5,19,Yes,2025-05-18,13000.0
CUST-201754,PROS-100977,Transportation & Logistics,South,1-9 employees,317000.0,61.2,27,Yes,2025-08-09,18000.0
CUST-201755,PROS-100074,Technology,Central,50-249 employees,429000.0,69.0,35,No,2025-09-26,23000.0
CUST-201756,PROS-103360,Education,West,1-9 employees,383000.0,4.1,22,Yes,2026-01-02,11000.0
CUST-201757,PROS-103172,Healthcare,North,1-9 employees,839000.0,59.2,8,Yes,2025-07-07,10000.0
CUST-201758,PROS-104409,Construction,North,1-9 employees,2315000.0,84.4,20,Yes,2025-05-10,22000.0
CUST-201759,PROS-101134,Technology,North,1-9 employees,1275000.0,61.9,24,No,2025-03-18,26000.0
CUST-201760,PROS-105156,Education,South,250-999 employees,403000.0,35.5,35,Yes,2025-10-27,20000.0
CUST-201761,PROS-103251,Hospitality,West,1-9 employees,569000.0,39.5,10,Yes,2025-05-17,12000.0
CUST-201762,PROS-104276,Manufacturing,Central,50-249 employees,,23.8,3,Yes,2025-10-05,61000.0
CUST-201763,PROS-102832,Construction,Central,1-9 employees,1063000.0,38.9,36,Yes,2025-04-17,14000.0
CUST-201764,PROS-104937,Transportation & Logistics,East,10-49 employees,701000.0,53.8,30,Yes,2025-11-22,15000.0
CUST-201765,PROS-102138,Transportation & Logistics,Central,50-249 employees,168000.0,47.3,11,Yes,2025-09-25,35000.0
CUST-201766,PROS-102973,EDUCATION,West,1-9 employees,1836000.0,21.7,18,No,2025-07-19,33000.0
CUST-201767,PROS-104976,Transportation & Logistics,West,10-49 employees,,23.1,36,Yes,2026-01-31,20000.0
CUST-201768,PROS-101047,Technology,South,1-9 employees,1206000.0,37.6,36,No,2025-07-17,7000.0
CUST-201769,PROS-104962,Education,North,1000+ employees,1258000.0,30.0,7,No,2025-08-05,14000.0
CUST-201770,PROS-100617,Professional Services,East,250-999 employees,957000.0,32.7,28,Yes,2025-01-14,18000.0
CUST-201771,PROS-101439,Education,East,250-999 employees,801000.0,17.3,29,Yes,2025-09-17,43000.0
CUST-201772,PROS-100849,Technology,North,1000+ employees,966000.0,66.5,10,Yes,2026-01-08,78000.0
CUST-201773,PROS-102082,CONSTRUCTION,East,1-9 employees,724000.0,67.7,11,Yes,2025-08-21,9000.0
CUST-201774,PROS-104507,Transportation & Logistics,Central,1-9 employees,785000.0,83.1,7,No,2025-06-04,22000.0
CUST-201775,PROS-102104,Wholesale Distribution,North,50-249 employees,3745000.0,15.7,4,Yes,2025-09-16,8000.0
CUST-201776,PROS-105055,Education,North,50-249 employees,438000.0,28.3,18,Yes,2025-08-09,12000.0
CUST-201777,PROS-105873,Construction,South,1-9 employees,764000.0,71.9,28,Yes,2025-03-26,7000.0
CUST-201778,PROS-103811,Healthcare,East,10-49 employees,1238000.0,22.9,19,No,2025-03-21,36000.0
CUST-201779,PROS-100761,Transportation & Logistics,South,10-49 employees,1183000.0,50.0,38,Yes,2025-12-25,15000.0
CUST-201780,PROS-104075,Manufacturing,North,50-249 employees,928000.0,77.4,7,No,2025-09-04,15000.0
CUST-201781,PROS-101946,Retail Trade,West,250-999 employees,1131000.0,45.9,30,Yes,2025-12-21,13000.0
CUST-201782,PROS-104137,Professional Services,South,50-249 employees,1514000.0,38.8,30,Yes,2025-05-19,16000.0
CUST-201783,PROS-100434,Healthcare,West,10-49 employees,428000.0,,7,Yes,2026-01-18,17000.0
CUST-201784,PROS-101056,Healthcare,South,250-999 employees,1614000.0,5.2,14,No,2025-08-23,8000.0
CUST-201785,PROS-105141,Manufacturing,North,1-9 employees,377000.0,33.2,21,Yes,2025-12-13,4000.0
CUST-201786,PROS-105031,Wholesale Distribution,Central,1-9 employees,50000.0,16.8,34,Yes,2025-10-22,6000.0
CUST-201787,PROS-101677,Healthcare,West,1000+ employees,63000.0,67.7,24,Yes,2026-01-07,5000.0
CUST-201788,PROS-103865,Hospitality,West,10-49 employees,476000.0,64.4,4,No,2025-09-01,15000.0
CUST-201789,PROS-104185,Transportation & Logistics,South,1-9 employees,645000.0,65.4,28,No,2025-11-05,8000.0
CUST-201790,PROS-101827,Education,South,1-9 employees,1085000.0,43.2,2,No,2025-01-13,24000.0
CUST-201791,PROS-101282,Construction,West,1-9 employees,837000.0,82.6,25,Yes,2025-08-03,15000.0
CUST-201792,PROS-101818,Retail Trade,West,1000+ employees,338000.0,67.2,38,No,2025-11-19,4000.0
CUST-201793,PROS-103933,Hospitality,South,1-9 employees,1986000.0,20.9,17,No,2025-11-24,10000.0
CUST-201794,PROS-105637,Healthcare,South,50-249 employees,622000.0,39.4,5,Yes,2025-08-13,3000.0
CUST-201795,PROS-105230,Retail Trade,Central,1-9 employees,306000.0,32.2,17,Yes,2026-01-14,6000.0
CUST-201796,PROS-104609,Healthcare,North,50-249 employees,747000.0,50.8,32,No,2025-04-06,9000.0
CUST-201797,PROS-104744,Technology,Central,50-249 employees,202000.0,78.6,24,Yes,2025-11-14,7000.0
CUST-201798,PROS-105447,Healthcare,Central,1-9 employees,2627000.0,76.1,17,No,2025-05-10,41000.0
CUST-201799,PROS-104042,Hospitality,South,10-49 employees,735000.0,67.8,32,Yes,2025-04-14,20000.0
CUST-201800,PROS-103365,Hospitality,West,1-9 employees,1975000.0,25.9,25,No,2025-11-21,10000.0
CUST-201801,PROS-100676,Transportation & Logistics,Central,10-49 employees,271000.0,62.8,9,No,2025-11-19,31000.0
CUST-201802,PROS-102759,Healthcare,North,1-9 employees,613000.0,66.2,32,Yes,2026-01-10,7000.0
CUST-201803,PROS-105193,Manufacturing,Central,10-49 employees,766000.0,57.0,31,No,2025-06-21,10000.0
CUST-201804,PROS-105863,Professional Services,South,50-249 employees,1460000.0,72.0,27,Yes,2025-11-22,22000.0
CUST-201805,PROS-100692,Education,Central,250-999 employees,336000.0,31.4,3,Yes,2025-11-04,6000.0
CUST-201806,PROS-102533,Retail Trade,East,250-999 employees,302000.0,33.3,9,Yes,2025-12-21,20000.0
CUST-201807,PROS-100262,Professional Services,South,1-9 employees,3883000.0,38.9,38,Yes,2025-05-06,15000.0
CUST-201808,PROS-104455,Manufacturing,North,50-249 employees,1039000.0,58.9,27,Yes,2025-07-15,19000.0
CUST-201809,PROS-105509,Wholesale Distribution,North,1-9 employees,4492000.0,27.7,19,Yes,2025-10-11,39000.0
CUST-201810,PROS-101719,Transportation & Logistics,North,10-49 employees,1088000.0,,39,No,2025-06-16,17000.0
CUST-201811,PROS-105144,Technology,West,1-9 employees,1189000.0,21.4,32,No,2026-02-04,14000.0
CUST-201812,PROS-101788,Healthcare,Central,10-49 employees,511000.0,31.7,12,No,2025-11-24,5000.0
CUST-201813,PROS-105467,Construction,Central,10-49 employees,391000.0,36.0,9,Yes,2025-01-09,15000.0
CUST-201814,PROS-104533,Hospitality,South,50-249 employees,1069000.0,90.5,14,Yes,2025-06-07,10000.0
CUST-201815,PROS-104844,Hospitality,West,1-9 employees,983000.0,22.5,22,Yes,2025-08-03,12000.0
CUST-201816,PROS-100097,Technology,Central,10-49 employees,246000.0,62.4,28,Yes,2025-10-10,10000.0
CUST-201817,PROS-105775,Education,North,1-9 employees,1061000.0,55.8,24,Yes,2025-08-04,17000.0
CUST-201818,PROS-104366,Retail Trade,South,50-249 employees,432000.0,62.0,9,Yes,2025-09-03,7000.0
CUST-201819,PROS-101855,Wholesale Distribution,Central,50-249 employees,436000.0,49.2,33,No,2025-08-22,15000.0
CUST-201820,PROS-104994,Technology,South,50-249 employees,1119000.0,31.4,5,Yes,2025-03-03,7000.0
CUST-201821,PROS-101724,Transportation & Logistics,Central,250-999 employees,2579000.0,34.5,29,Yes,2025-05-23,4000.0
CUST-201822,PROS-105237,WHOLESALE DISTRIBUTION,West,50-249 employees,1652000.0,71.8,1,No,2025-05-04,10000.0
CUST-201823,PROS-100702,Retail Trade,East,1000+ employees,1181000.0,79.6,25,No,2025-05-29,17000.0
CUST-201824,PROS-104229,Manufacturing,North,10-49 employees,2423000.0,25.1,24,Yes,2025-03-26,8000.0
CUST-201825,PROS-103249,Construction,North,50-249 employees,445000.0,39.9,12,Yes,2026-01-18,14000.0
CUST-201826,PROS-100611,Healthcare,North,1-9 employees,1564000.0,70.0,29,Yes,2025-02-20,10000.0
CUST-201827,PROS-101510,Construction,South,10-49 employees,588000.0,46.8,23,Yes,2025-05-14,7000.0
CUST-201828,PROS-100065,Construction,South,250-999 employees,439000.0,10.3,25,Yes,2025-06-18,18000.0
CUST-201829,PROS-102819,Hospitality,North,250-999 employees,6030000.0,,12,Yes,2025-09-06,9000.0
CUST-201830,PROS-101836,Education,South,1-9 employees,453000.0,49.1,11,Yes,2025-03-21,16000.0
CUST-201831,PROS-103582,Professional Services,Central,1-9 employees,1524000.0,,37,No,2025-10-11,5000.0
CUST-201832,PROS-101810,Professional Services,East,1-9 employees,414000.0,80.7,26,Yes,2025-01-29,14000.0
CUST-201833,PROS-101829,Education,South,1-9 employees,380000.0,55.4,11,Yes,2025-01-24,19000.0
CUST-201834,PROS-104470,Healthcare,East,1-9 employees,,28.7,1,Yes,2025-03-24,16000.0
CUST-201835,PROS-100300,Construction,South,1-9 employees,212000.0,44.6,29,Yes,2025-03-30,22000.0
CUST-201836,PROS-105423,Professional Services,East,1-9 employees,170000.0,40.4,30,Yes,2025-09-05,19000.0
CUST-201837,PROS-105111,Technology,Central,10-49 employees,958000.0,56.4,29,No,2025-11-19,15000.0
CUST-201838,PROS-104020,Retail Trade,South,1-9 employees,,30.9,39,No,2025-11-20,22000.0
CUST-201839,PROS-103547,Wholesale Distribution,East,50-249 employees,722000.0,23.7,32,Yes,2025-03-14,10000.0
CUST-201840,PROS-105356,Technology,South,10-49 employees,456000.0,,2,Yes,2025-07-05,18000.0
CUST-201841,PROS-101170,Technology,Central,10-49 employees,5991000.0,29.4,15,Yes,2025-03-11,13000.0
CUST-201842,PROS-100495,Healthcare,Central,1-9 employees,307000.0,78.8,34,No,2025-09-01,40000.0
CUST-201843,PROS-101491,Healthcare,West,1000+ employees,1573000.0,31.4,6,Yes,2025-04-11,15000.0
CUST-201844,PROS-104771,Hospitality,West,1-9 employees,7157000.0,43.7,6,Yes,2025-09-18,6000.0
CUST-201845,PROS-100212,Hospitality,East,10-49 employees,343000.0,60.9,35,Yes,2025-11-06,15000.0
CUST-201846,PROS-103485,Manufacturing,West,1-9 employees,89000.0,19.8,11,Yes,2025-09-18,7000.0
CUST-201847,PROS-105973,Manufacturing,North,1-9 employees,362000.0,39.0,4,Yes,2025-01-04,20000.0
CUST-201848,PROS-105128,Technology,Central,1-9 employees,265000.0,22.1,30,Yes,2026-01-30,20000.0
CUST-201849,PROS-103136,Transportation & Logistics,West,10-49 employees,941000.0,69.0,35,Yes,2025-07-01,9000.0
CUST-201850,PROS-100386,Manufacturing,East,1-9 employees,1343000.0,17.4,12,Yes,2025-09-01,7000.0
CUST-201851,PROS-105005,EDUCATION,North,1-9 employees,168000.0,34.5,17,Yes,2025-10-02,14000.0
CUST-201852,PROS-103586,Healthcare,Central,1-9 employees,1118000.0,23.3,32,No,2025-08-07,7000.0
CUST-201853,PROS-100723,Retail Trade,South,1-9 employees,4899000.0,57.8,10,No,2026-01-18,8000.0
CUST-201854,PROS-100595,Wholesale Distribution,East,1-9 employees,295000.0,54.5,33,Yes,2025-12-13,9000.0
CUST-201855,PROS-105461,Manufacturing,South,10-49 employees,257000.0,40.1,25,Yes,2025-09-20,19000.0
CUST-201856,PROS-104032,Professional Services,Central,50-249 employees,,24.7,33,Yes,2025-09-06,5000.0
CUST-201857,PROS-105279,Retail Trade,East,1-9 employees,556000.0,51.3,29,Yes,2025-05-20,8000.0
CUST-201858,PROS-103421,Hospitality,West,1-9 employees,217000.0,47.6,22,No,2025-07-03,56000.0
CUST-201859,PROS-103103,Healthcare,West,50-249 employees,518000.0,49.5,14,No,2025-01-03,43000.0
CUST-201860,PROS-102584,CONSTRUCTION,North,50-249 employees,102000.0,19.1,24,No,2025-10-24,27000.0
CUST-201861,PROS-101919,Transportation & Logistics,South,10-49 employees,232000.0,47.0,39,No,2025-02-22,13000.0
CUST-201862,PROS-102610,Education,South,1-9 employees,642000.0,62.6,23,No,2025-03-31,20000.0
CUST-201863,PROS-104653,Professional Services,West,1-9 employees,874000.0,38.6,11,No,2025-08-19,10000.0
CUST-201864,PROS-103605,Retail Trade,North,250-999 employees,,48.4,32,Yes,2025-09-27,2000.0
CUST-201865,PROS-105358,Manufacturing,South,1-9 employees,2480000.0,52.6,36,No,2025-01-14,9000.0
CUST-201866,PROS-102669,Education,Central,250-999 employees,158000.0,32.2,3,Yes,2025-11-03,10000.0
CUST-201867,PROS-103633,Hospitality,South,1-9 employees,528000.0,38.1,12,Yes,2025-02-25,13000.0
CUST-201868,PROS-103785,Transportation & Logistics,East,10-49 employees,1902000.0,46.7,15,Yes,2025-09-13,17000.0
CUST-201869,PROS-103537,Retail Trade,South,1-9 employees,1647000.0,51.9,9,No,2025-11-08,35000.0
CUST-201870,PROS-104224,Hospitality,West,50-249 employees,3088000.0,44.3,12,Yes,2025-03-17,13000.0
CUST-201871,PROS-101475,Construction,West,10-49 employees,340000.0,57.5,4,No,2025-06-09,7000.0
CUST-201872,PROS-103076,Retail Trade,West,50-249 employees,366000.0,28.8,2,Yes,2025-07-26,11000.0
CUST-201873,PROS-100660,Retail Trade,North,1-9 employees,565000.0,77.5,28,No,2025-08-09,19000.0
CUST-201874,PROS-102313,Manufacturing,Central,1-9 employees,141000.0,22.4,28,Yes,2025-11-20,12000.0
CUST-201875,PROS-102927,Construction,Central,1000+ employees,,24.6,16,Yes,2026-01-17,8000.0
CUST-201876,PROS-103924,Technology,North,1-9 employees,1909000.0,41.4,33,No,2025-06-11,18000.0
CUST-201877,PROS-105705,Wholesale Distribution,North,10-49 employees,5369000.0,63.0,7,No,2025-08-27,6000.0
CUST-201878,PROS-103599,Technology,West,10-49 employees,158000.0,42.9,31,Yes,2026-01-07,7000.0
CUST-201879,PROS-104474,Wholesale Distribution,South,10-49 employees,127000.0,50.8,13,Yes,2025-08-31,17000.0
CUST-201880,PROS-103036,Wholesale Distribution,West,250-999 employees,182000.0,67.8,2,Yes,2025-01-20,8000.0
CUST-201881,PROS-103798,Manufacturing,West,1-9 employees,289000.0,67.8,25,No,2025-05-04,10000.0
CUST-201882,PROS-100440,Education,Central,10-49 employees,1703000.0,65.0,3,No,2025-09-24,13000.0
CUST-201883,PROS-101578,Retail Trade,West,1-9 employees,85000.0,52.5,34,No,2026-01-30,13000.0
CUST-201884,PROS-102186,Construction,East,10-49 employees,876000.0,43.8,29,Yes,2025-04-04,7000.0
CUST-201885,PROS-102837,Wholesale Distribution,North,50-249 employees,391000.0,28.5,24,No,2025-03-28,16000.0
CUST-201886,PROS-100285,Education,Central,10-49 employees,891000.0,52.4,11,No,2025-09-17,7000.0
CUST-201887,PROS-100874,Technology,East,1-9 employees,221000.0,65.0,10,No,2025-02-16,35000.0
CUST-201888,PROS-101699,Education,South,10-49 employees,10568000.0,53.6,25,No,2026-01-15,10000.0
CUST-201889,PROS-105834,Professional Services,Central,1-9 employees,141000.0,18.7,14,Yes,2025-12-31,19000.0
CUST-201890,PROS-102001,Manufacturing,West,250-999 employees,406000.0,12.3,18,Yes,2025-08-18,20000.0
CUST-201891,PROS-102890,Retail Trade,Central,50-249 employees,407000.0,80.5,34,Yes,2025-05-16,10000.0
CUST-201892,PROS-101234,Technology,South,10-49 employees,,28.5,21,Yes,2025-06-24,7000.0
CUST-201893,PROS-103661,Healthcare,East,50-249 employees,609000.0,21.5,34,Yes,2025-08-10,20000.0
CUST-201894,PROS-101721,Hospitality,East,250-999 employees,3781000.0,17.1,34,Yes,2025-12-10,5000.0
CUST-201895,PROS-101295,Transportation & Logistics,South,1000+ employees,185000.0,17.3,16,Yes,2025-10-16,6000.0
CUST-201896,PROS-103099,Professional Services,South,1000+ employees,2552000.0,74.6,12,Yes,2025-07-05,19000.0
CUST-201897,PROS-100021,Construction,South,250-999 employees,4103000.0,52.8,37,Yes,2025-09-12,11000.0
CUST-201898,PROS-100038,Professional Services,East,1-9 employees,196000.0,18.4,28,Yes,2025-08-14,8000.0
CUST-201899,PROS-101361,Manufacturing,West,50-249 employees,8874000.0,32.4,11,Yes,2025-02-17,9000.0
CUST-201900,PROS-100229,Retail Trade,East,10-49 employees,358000.0,29.6,8,No,2025-05-03,8000.0
CUST-201901,PROS-100678,Transportation & Logistics,Central,1-9 employees,452000.0,58.3,25,Yes,2025-03-23,49000.0
CUST-201902,PROS-102048,Hospitality,West,10-49 employees,2605000.0,27.9,14,Yes,2025-08-08,24000.0
CUST-201903,PROS-104833,Professional Services,North,50-249 employees,1121000.0,33.8,11,No,2026-01-24,8000.0
CUST-201904,PROS-103422,Technology,East,10-49 employees,739000.0,32.0,33,No,2025-10-14,11000.0
CUST-201905,PROS-103078,Professional Services,North,1-9 employees,788000.0,73.5,3,Yes,2025-09-22,19000.0
CUST-201906,PROS-101794,Healthcare,North,10-49 employees,782000.0,25.6,3,Yes,2025-07-23,7000.0
CUST-201907,PROS-105581,Wholesale Distribution,Central,50-249 employees,23524000.0,70.0,13,Yes,2025-05-22,9000.0
CUST-201908,PROS-102396,Education,West,10-49 employees,1135000.0,35.8,24,No,2025-03-26,11000.0
CUST-201909,PROS-100553,Construction,East,1-9 employees,97000.0,36.9,22,Yes,2025-12-30,7000.0
CUST-201910,PROS-103696,Construction,East,10-49 employees,1320000.0,60.1,16,Yes,2025-01-08,25000.0
CUST-201911,PROS-100714,Education,Central,10-49 employees,189000.0,64.4,38,No,2025-12-31,8000.0
CUST-201912,PROS-102084,Retail Trade,West,1-9 employees,671000.0,58.7,20,Yes,2025-03-29,12000.0
CUST-201913,PROS-103047,Hospitality,Central,10-49 employees,2038000.0,46.9,31,No,2025-11-18,14000.0
CUST-201914,PROS-105252,Hospitality,South,1-9 employees,1284000.0,46.8,29,No,2025-12-07,34000.0
CUST-201915,PROS-102956,Manufacturing,West,50-249 employees,115000.0,,30,Yes,2026-01-02,12000.0
CUST-201916,PROS-104222,Wholesale Distribution,East,50-249 employees,2245000.0,73.8,23,No,2026-01-19,48000.0
CUST-201917,PROS-105958,Technology,North,50-249 employees,695000.0,29.5,29,Yes,2025-07-21,10000.0
CUST-201918,PROS-100823,Technology,North,1-9 employees,711000.0,26.1,10,No,2025-08-13,11000.0
CUST-201919,PROS-101691,Wholesale Distribution,East,10-49 employees,2109000.0,30.3,29,Yes,2025-01-13,23000.0
CUST-201920,PROS-102379,Technology,East,10-49 employees,394000.0,20.8,20,No,2025-11-28,42000.0
CUST-201921,PROS-102530,Education,West,10-49 employees,102000.0,22.2,17,Yes,2025-08-21,11000.0
CUST-201922,PROS-102466,Construction,South,10-49 employees,4199000.0,53.4,9,No,2025-01-19,28000.0
CUST-201923,PROS-105450,Professional Services,West,50-249 employees,541000.0,74.9,30,No,2025-05-19,22000.0
CUST-201924,PROS-104290,Manufacturing,South,1-9 employees,386000.0,41.4,19,Yes,2025-12-08,8000.0
CUST-201925,PROS-103637,Healthcare,East,50-249 employees,4621000.0,31.3,29,Yes,2025-06-03,13000.0
CUST-201926,PROS-101879,Retail Trade,North,250-999 employees,2838000.0,18.3,15,No,2025-04-25,13000.0
CUST-201927,PROS-104960,Construction,West,1-9 employees,1020000.0,29.8,36,No,2025-04-19,7000.0
CUST-201928,PROS-105734,Technology,East,50-249 employees,132000.0,63.4,6,No,2025-03-12,14000.0
CUST-201929,PROS-104946,Construction,West,1000+ employees,1194000.0,59.0,37,No,2025-08-05,14000.0
CUST-201930,PROS-100005,Wholesale Distribution,South,10-49 employees,758000.0,58.6,17,Yes,2025-04-21,16000.0
CUST-201931,PROS-103816,Healthcare,South,1-9 employees,1059000.0,4.8,5,Yes,2025-08-22,13000.0
CUST-201932,PROS-100312,Retail Trade,North,1000+ employees,1669000.0,17.4,28,No,2025-07-19,8000.0
CUST-201933,PROS-101593,Manufacturing,West,50-249 employees,200000.0,16.3,9,Yes,2025-09-18,57000.0
CUST-201934,PROS-100356,Retail Trade,West,1-9 employees,8923000.0,62.5,27,No,2025-08-24,15000.0
CUST-201935,PROS-103617,Healthcare,East,1-9 employees,81000.0,11.2,36,Yes,2025-01-24,29000.0
CUST-201936,PROS-104127,Manufacturing,North,1000+ employees,178000.0,23.3,8,Yes,2025-01-03,17000.0
CUST-201937,PROS-100719,Transportation & Logistics,West,10-49 employees,391000.0,42.4,21,No,2025-05-02,32000.0
CUST-201938,PROS-102309,Transportation & Logistics,East,1000+ employees,,54.8,3,Yes,2025-05-18,8000.0
CUST-201939,PROS-102745,Healthcare,East,10-49 employees,227000.0,32.2,15,No,2025-06-30,12000.0
CUST-201940,PROS-102228,Professional Services,South,250-999 employees,150000.0,14.1,14,Yes,2025-10-09,10000.0
CUST-201941,PROS-100755,Healthcare,Central,1-9 employees,1010000.0,20.7,30,Yes,2026-01-24,9000.0
CUST-201942,PROS-102514,Retail Trade,East,10-49 employees,458000.0,47.0,38,Yes,2025-10-28,15000.0
CUST-201943,PROS-104515,HOSPITALITY,East,1-9 employees,,75.2,8,No,2025-05-27,11000.0
CUST-201944,PROS-100505,Healthcare,South,1-9 employees,637000.0,,38,No,2025-04-04,5000.0
CUST-201945,PROS-102146,Retail Trade,Central,1-9 employees,206000.0,39.6,16,Yes,2025-05-23,11000.0
CUST-201946,PROS-105647,Education,North,1-9 employees,77000.0,73.6,9,No,2025-04-09,10000.0
CUST-201947,PROS-104023,Professional Services,East,1000+ employees,1501000.0,40.2,19,Yes,2025-08-13,22000.0
CUST-201948,PROS-104081,Professional Services,South,1-9 employees,376000.0,23.8,4,No,2025-09-29,5000.0
CUST-201949,PROS-103553,Hospitality,East,1-9 employees,5792000.0,75.2,25,No,2025-04-15,9000.0
CUST-201950,PROS-100052,Construction,South,50-249 employees,2328000.0,35.2,34,Yes,2025-09-01,8000.0
CUST-201951,PROS-103815,Manufacturing,North,1-9 employees,564000.0,71.6,39,No,2025-05-28,20000.0
CUST-201952,PROS-105480,Education,South,10-49 employees,254000.0,24.4,20,Yes,2025-07-18,9000.0
CUST-201953,PROS-103669,Professional Services,South,250-999 employees,736000.0,27.7,11,Yes,2025-04-06,25000.0
CUST-201954,PROS-105249,Transportation & Logistics,North,10-49 employees,1338000.0,81.8,21,Yes,2025-08-07,12000.0
CUST-201955,PROS-104343,Professional Services,West,1000+ employees,971000.0,13.8,16,No,2025-02-06,17000.0
CUST-201956,PROS-100753,Education,North,250-999 employees,747000.0,80.4,19,Yes,2025-07-19,25000.0
CUST-201957,PROS-105422,Manufacturing,Central,50-249 employees,2396000.0,71.4,6,Yes,2025-06-28,6000.0
CUST-201958,PROS-100403,Education,Central,10-49 employees,1138000.0,70.0,20,No,2025-06-12,11000.0
CUST-201959,PROS-103209,Professional Services,West,50-249 employees,1265000.0,73.3,9,Yes,2025-12-27,17000.0
CUST-201960,PROS-100887,Retail Trade,South,1-9 employees,988000.0,20.0,18,Yes,2025-11-12,15000.0
CUST-201961,PROS-100061,Hospitality,West,10-49 employees,3157000.0,28.9,36,Yes,2025-08-18,6000.0
CUST-201962,PROS-102531,Wholesale Distribution,East,1-9 employees,5250000.0,55.7,32,Yes,2025-12-22,20000.0
CUST-201963,PROS-101800,MANUFACTURING,East,1-9 employees,4051000.0,69.5,35,Yes,2025-09-21,13000.0
CUST-201964,PROS-102916,Technology,South,10-49 employees,1014000.0,32.1,35,No,2025-09-13,14000.0
CUST-201965,PROS-103454,Wholesale Distribution,South,10-49 employees,694000.0,17.1,8,No,2025-07-12,11000.0
CUST-201966,PROS-100271,Manufacturing,West,1-9 employees,622000.0,18.4,11,Yes,2025-04-18,1000.0
CUST-201967,PROS-100763,Education,Central,50-249 employees,1720000.0,7.6,8,Yes,2025-04-30,18000.0
CUST-201968,PROS-103346,Technology,Central,10-49 employees,2593000.0,59.6,5,Yes,2026-01-25,19000.0
CUST-201969,PROS-102066,Hospitality,South,1-9 employees,508000.0,63.6,15,Yes,2025-09-29,10000.0
CUST-201970,PROS-104385,Hospitality,North,1-9 employees,776000.0,41.5,29,Yes,2025-02-05,5000.0
CUST-201971,PROS-105083,Healthcare,East,50-249 employees,782000.0,29.0,18,Yes,2025-04-05,9000.0
CUST-201972,PROS-104161,Construction,North,10-49 employees,15883000.0,42.5,20,No,2026-01-16,24000.0
CUST-201973,PROS-102581,Healthcare,North,10-49 employees,272000.0,24.9,11,Yes,2025-03-25,10000.0
CUST-201974,PROS-104057,Transportation & Logistics,East,10-49 employees,286000.0,32.7,16,No,2025-08-11,13000.0
CUST-201975,PROS-101694,Retail Trade,West,1-9 employees,317000.0,74.8,16,No,2025-05-22,10000.0
CUST-201976,PROS-101863,Construction,East,10-49 employees,216000.0,71.5,14,Yes,2025-10-12,16000.0
CUST-201977,PROS-104736,Manufacturing,North,10-49 employees,233000.0,29.5,9,Yes,2025-12-11,6000.0
CUST-201978,PROS-102681,Retail Trade,North,10-49 employees,3667000.0,79.7,22,No,2025-06-19,11000.0
CUST-201979,PROS-104795,Retail Trade,South,10-49 employees,746000.0,46.5,35,No,2025-01-05,25000.0
CUST-201980,PROS-104951,Manufacturing,North,250-999 employees,200000.0,66.5,39,Yes,2025-05-23,7000.0
CUST-201981,PROS-105137,Technology,North,250-999 employees,584000.0,56.9,18,Yes,2025-01-09,11000.0
CUST-201982,PROS-105503,Hospitality,South,10-49 employees,,7.6,35,Yes,2025-03-31,25000.0
CUST-201983,PROS-102592,Transportation & Logistics,South,250-999 employees,185000.0,,24,No,2025-06-04,20000.0
CUST-201984,PROS-101928,Retail Trade,Central,1-9 employees,2482000.0,80.1,4,No,2025-02-14,17000.0
CUST-201985,PROS-103483,Professional Services,South,10-49 employees,120000.0,52.7,34,Yes,2025-01-15,16000.0
CUST-201986,PROS-102245,WHOLESALE DISTRIBUTION,Central,1-9 employees,1163000.0,,10,Yes,2025-05-06,16000.0
CUST-201987,PROS-103601,Technology,East,1-9 employees,,38.1,4,Yes,2025-01-11,11000.0
CUST-201988,PROS-104238,Hospitality,East,10-49 employees,1002000.0,71.2,17,Yes,2025-04-12,25000.0
CUST-201989,PROS-104135,Education,South,1-9 employees,1725000.0,48.1,32,Yes,2025-02-16,10000.0
CUST-201990,PROS-102266,Technology,North,250-999 employees,184000.0,67.4,31,Yes,2025-08-02,7000.0
CUST-201991,PROS-101062,Retail Trade,Central,1-9 employees,792000.0,47.2,36,Yes,2025-11-16,5000.0
CUST-201992,PROS-102585,Transportation & Logistics,North,10-49 employees,104000.0,56.0,38,No,2025-12-09,9000.0
CUST-201993,PROS-100892,Transportation & Logistics,North,1-9 employees,335000.0,57.2,14,Yes,2025-09-06,9000.0
CUST-201994,PROS-105344,Professional Services,West,50-249 employees,55000.0,87.8,22,No,2025-02-03,8000.0
CUST-201995,PROS-102091,Construction,South,1-9 employees,427000.0,,20,Yes,2025-01-30,6000.0
CUST-201996,PROS-100976,Manufacturing,West,50-249 employees,841000.0,47.8,26,Yes,2025-10-26,16000.0
CUST-201997,PROS-100145,Wholesale Distribution,Central,50-249 employees,1420000.0,36.1,12,Yes,2025-10-27,7000.0
CUST-201998,PROS-103879,Manufacturing,North,10-49 employees,632000.0,10.8,12,No,2025-04-18,18000.0
CUST-201999,PROS-103820,Retail Trade,West,50-249 employees,1771000.0,26.2,4,Yes,2026-02-01,20000.0
CUST-202000,PROS-102055,Construction,West,10-49 employees,367000.0,41.6,29,Yes,2025-09-14,62000.0
CUST-202001,PROS-100445,Technology,West,1-9 employees,217000.0,36.6,32,Yes,2025-06-25,10000.0
CUST-202002,PROS-102460,CONSTRUCTION,West,250-999 employees,1290000.0,67.1,21,Yes,2025-09-08,12000.0
CUST-202003,PROS-101888,Manufacturing,Central,50-249 employees,2085000.0,85.9,38,Yes,2025-01-08,8000.0
CUST-202004,PROS-104073,Education,Central,50-249 employees,350000.0,41.3,32,Yes,2025-10-23,6000.0
CUST-202005,PROS-103627,Professional Services,Central,10-49 employees,274000.0,,6,No,2025-03-30,10000.0
CUST-202006,PROS-102200,Construction,East,1-9 employees,401000.0,16.4,34,No,2025-01-07,8000.0
CUST-202007,PROS-101357,Retail Trade,South,1-9 employees,230000.0,37.4,34,Yes,2025-09-08,6000.0
CUST-202008,PROS-105929,Professional Services,West,50-249 employees,726000.0,29.2,30,No,2025-01-01,15000.0
CUST-202009,PROS-102733,Professional Services,East,10-49 employees,846000.0,20.1,4,No,2025-01-11,7000.0
CUST-202010,PROS-100878,Transportation & Logistics,East,50-249 employees,297000.0,35.2,17,No,2025-03-09,18000.0
CUST-202011,PROS-102914,Healthcare,West,10-49 employees,1172000.0,52.2,10,Yes,2026-01-17,22000.0
CUST-202012,PROS-100166,Construction,South,10-49 employees,2407000.0,37.4,26,Yes,2026-01-28,7000.0
CUST-202013,PROS-103034,Manufacturing,Central,10-49 employees,413000.0,55.4,4,Yes,2025-06-18,30000.0
CUST-202014,PROS-105781,Retail Trade,Central,10-49 employees,409000.0,,34,Yes,2025-05-17,16000.0
CUST-202015,PROS-102311,Manufacturing,North,1-9 employees,1706000.0,30.0,16,No,2025-06-20,12000.0
CUST-202016,PROS-100240,Retail Trade,West,10-49 employees,866000.0,69.1,25,No,2025-09-08,4000.0
CUST-202017,PROS-100183,Technology,Central,50-249 employees,9424000.0,49.4,31,No,2025-08-19,4000.0
CUST-202018,PROS-102332,PROFESSIONAL SERVICES,West,1-9 employees,413000.0,49.8,29,No,2025-05-04,34000.0
CUST-202019,PROS-101018,Manufacturing,East,1-9 employees,327000.0,51.7,25,No,2025-04-11,29000.0
CUST-202020,PROS-100133,Transportation & Logistics,East,1-9 employees,271000.0,17.9,32,Yes,2025-07-15,34000.0
CUST-202021,PROS-104546,Transportation & Logistics,Central,10-49 employees,581000.0,16.8,28,Yes,2025-04-26,40000.0
CUST-202022,PROS-102756,Wholesale Distribution,West,1-9 employees,1974000.0,59.9,37,Yes,2025-06-25,30000.0
CUST-202023,PROS-101767,Healthcare,East,10-49 employees,271000.0,,7,Yes,2025-01-12,15000.0
CUST-202024,PROS-105409,Hospitality,East,1-9 employees,1608000.0,67.9,16,No,2025-03-17,18000.0
CUST-202025,PROS-100734,Professional Services,South,1-9 employees,6473000.0,,23,Yes,2026-01-23,8000.0
CUST-202026,PROS-105739,Manufacturing,North,50-249 employees,488000.0,36.6,23,Yes,2025-05-24,15000.0
CUST-202027,PROS-101900,Transportation & Logistics,North,10-49 employees,2745000.0,28.4,14,Yes,2025-06-23,20000.0
CUST-202028,PROS-105334,Technology,East,1-9 employees,11459000.0,52.8,13,No,2025-03-18,21000.0
CUST-202029,PROS-103610,Transportation & Logistics,Central,250-999 employees,743000.0,70.7,5,No,2025-12-16,12000.0
CUST-202030,PROS-104979,Technology,West,10-49 employees,71000.0,30.4,5,No,2025-04-22,3000.0
CUST-202031,PROS-105893,Construction,North,50-249 employees,2115000.0,70.1,15,No,2025-04-28,5000.0
CUST-202032,PROS-101763,Technology,Central,1-9 employees,1038000.0,27.0,22,Yes,2025-06-16,17000.0
CUST-202033,PROS-105767,Construction,Central,50-249 employees,580000.0,88.6,8,Yes,2025-11-20,9000.0
CUST-202034,PROS-102343,Hospitality,West,10-49 employees,3036000.0,16.3,19,Yes,2025-11-15,19000.0
CUST-202035,PROS-102316,Manufacturing,West,250-999 employees,,84.0,25,Yes,2025-03-15,6000.0
CUST-202036,PROS-102054,Hospitality,West,250-999 employees,2440000.0,57.2,37,No,2025-03-20,30000.0
CUST-202037,PROS-103258,Transportation & Logistics,North,10-49 employees,309000.0,73.6,36,No,2025-04-13,7000.0
CUST-202038,PROS-100975,Professional Services,West,1-9 employees,385000.0,,37,Yes,2025-03-20,32000.0
CUST-202039,PROS-103321,Retail Trade,West,1-9 employees,1875000.0,79.2,18,Yes,2025-07-20,5000.0
CUST-202040,PROS-103260,Healthcare,South,1000+ employees,137000.0,61.7,1,Yes,2025-04-09,19000.0
CUST-202041,PROS-104578,Professional Services,East,1-9 employees,269000.0,29.8,10,Yes,2025-01-30,7000.0
CUST-202042,PROS-105013,Education,North,1-9 employees,23000.0,77.4,6,Yes,2025-11-12,13000.0
CUST-202043,PROS-102654,Wholesale Distribution,North,1-9 employees,295000.0,13.3,9,Yes,2025-05-17,25000.0
CUST-202044,PROS-101842,Wholesale Distribution,Central,1-9 employees,914000.0,29.2,32,No,2025-04-09,22000.0
CUST-202045,PROS-101601,Hospitality,North,1000+ employees,518000.0,18.5,24,Yes,2025-02-27,8000.0
CUST-202046,PROS-101227,Education,Central,1-9 employees,2618000.0,63.6,17,Yes,2025-11-24,9000.0
CUST-202047,PROS-100347,Education,Central,50-249 employees,133000.0,65.6,22,Yes,2025-08-29,5000.0
CUST-202048,PROS-102063,Hospitality,South,50-249 employees,544000.0,78.9,9,No,2025-05-10,4000.0
CUST-202049,PROS-101667,Technology,East,10-49 employees,378000.0,52.3,22,No,2025-11-28,8000.0
CUST-202050,PROS-105797,Technology,East,1-9 employees,787000.0,45.5,4,No,2025-05-02,7000.0
CUST-202051,PROS-103342,Manufacturing,East,50-249 employees,811000.0,22.3,4,Yes,2025-04-10,5000.0
CUST-202052,PROS-102101,Technology,Central,1-9 employees,3198000.0,40.5,11,Yes,2025-06-01,11000.0
CUST-202053,PROS-103471,Hospitality,West,1-9 employees,173000.0,22.4,30,Yes,2025-01-16,13000.0
CUST-202054,PROS-100872,Retail Trade,Central,10-49 employees,1847000.0,58.2,27,Yes,2025-06-29,13000.0
CUST-202055,PROS-102672,Wholesale Distribution,South,1000+ employees,379000.0,3.7,20,No,2025-10-28,8000.0
CUST-202056,PROS-103757,Transportation & Logistics,South,10-49 employees,115000.0,40.5,17,Yes,2025-06-17,9000.0
CUST-202057,PROS-102932,Retail Trade,East,1-9 employees,297000.0,17.4,24,Yes,2025-08-21,11000.0
CUST-202058,PROS-102418,Professional Services,West,1-9 employees,1644000.0,74.8,33,Yes,2025-06-07,21000.0
CUST-202059,PROS-105965,Manufacturing,Central,1-9 employees,658000.0,11.5,33,Yes,2025-11-26,8000.0
CUST-202060,PROS-105287,Wholesale Distribution,South,250-999 employees,1101000.0,40.7,24,Yes,2026-02-04,4000.0
CUST-202061,PROS-103740,Professional Services,South,10-49 employees,163000.0,,16,Yes,2025-08-05,11000.0
CUST-202062,PROS-103406,Construction,Central,10-49 employees,348000.0,,30,Yes,2025-10-05,10000.0
CUST-202063,PROS-103723,Education,Central,10-49 employees,155000.0,53.9,38,No,2025-09-01,5000.0
CUST-202064,PROS-101263,Wholesale Distribution,Central,1-9 employees,,13.9,14,Yes,2025-12-19,10000.0
CUST-202065,PROS-102387,Education,Central,10-49 employees,3495000.0,17.6,18,Yes,2025-12-29,7000.0
CUST-202066,PROS-100244,Technology,Central,1-9 employees,496000.0,39.7,23,No,2025-12-24,12000.0
CUST-202067,PROS-102859,Healthcare,North,1-9 employees,610000.0,52.4,28,Yes,2025-01-28,17000.0
CUST-202068,PROS-103268,Retail Trade,West,250-999 employees,5525000.0,32.9,7,No,2025-06-20,9000.0
CUST-202069,PROS-101415,Hospitality,West,50-249 employees,2432000.0,30.0,29,No,2025-07-20,18000.0
CUST-202070,PROS-104334,Education,South,1-9 employees,722000.0,31.1,10,Yes,2025-11-07,11000.0
CUST-202071,PROS-103204,Professional Services,West,1-9 employees,2688000.0,,20,Yes,2025-08-14,11000.0
CUST-202072,PROS-105210,Retail Trade,East,10-49 employees,1357000.0,36.4,35,No,2025-07-08,11000.0
CUST-202073,PROS-100815,Wholesale Distribution,South,1-9 employees,2386000.0,48.2,14,Yes,2025-08-02,11000.0
CUST-202074,PROS-104743,Construction,Central,50-249 employees,596000.0,53.5,36,Yes,2025-08-26,5000.0
CUST-202075,PROS-100777,Retail Trade,East,10-49 employees,446000.0,53.5,30,Yes,2025-08-30,4000.0
CUST-202076,PROS-104769,Manufacturing,South,50-249 employees,2476000.0,,25,Yes,2025-10-21,26000.0
CUST-202077,PROS-101695,Technology,West,10-49 employees,655000.0,79.3,28,Yes,2025-06-10,15000.0
CUST-202078,PROS-105264,Wholesale Distribution,Central,1-9 employees,5270000.0,,2,Yes,2025-08-21,9000.0
CUST-202079,PROS-105661,Professional Services,West,10-49 employees,163000.0,30.8,15,Yes,2025-02-18,25000.0
CUST-202080,PROS-100938,Healthcare,West,1-9 employees,248000.0,59.0,19,No,2025-07-22,74000.0
CUST-202081,PROS-102788,Manufacturing,North,1-9 employees,477000.0,34.6,24,No,2025-05-30,5000.0
CUST-202082,PROS-105879,Manufacturing,Central,10-49 employees,893000.0,32.1,17,Yes,2025-01-05,13000.0
CUST-202083,PROS-102901,Wholesale Distribution,Central,250-999 employees,369000.0,48.3,10,No,2025-03-24,19000.0
CUST-202084,PROS-105169,Manufacturing,West,50-249 employees,1103000.0,45.1,35,Yes,2026-01-23,5000.0
CUST-202085,PROS-103519,Education,Central,1-9 employees,205000.0,34.3,15,Yes,2025-08-08,5000.0
CUST-202086,PROS-102268,Retail Trade,North,50-249 employees,233000.0,65.7,30,No,2025-01-16,23000.0
CUST-202087,PROS-101747,Construction,North,10-49 employees,386000.0,,34,No,2025-12-21,12000.0
CUST-202088,PROS-101273,Technology,Central,1-9 employees,856000.0,48.3,16,No,2025-02-18,8000.0
CUST-202089,PROS-104574,Hospitality,West,50-249 employees,432000.0,54.7,27,Yes,2025-09-07,4000.0
CUST-202090,PROS-102322,Construction,West,1-9 employees,145000.0,70.3,15,Yes,2025-01-17,16000.0
CUST-202091,PROS-103070,Healthcare,North,1-9 employees,4199000.0,43.5,6,Yes,2025-12-01,5000.0
CUST-202092,PROS-102951,Transportation & Logistics,West,10-49 employees,271000.0,89.8,25,Yes,2025-09-08,7000.0
CUST-202093,PROS-103455,WHOLESALE DISTRIBUTION,South,1-9 employees,1826000.0,44.4,30,No,2025-12-09,7000.0
CUST-202094,PROS-105188,Wholesale Distribution,Central,1-9 employees,463000.0,47.2,17,No,2025-05-02,10000.0
CUST-202095,PROS-105877,Professional Services,West,1-9 employees,314000.0,50.3,15,No,2025-12-24,6000.0
CUST-202096,PROS-102448,Hospitality,Central,1-9 employees,504000.0,55.1,21,No,2025-12-24,7000.0
CUST-202097,PROS-104984,Retail Trade,Central,50-249 employees,2552000.0,52.7,18,No,2025-07-11,23000.0
CUST-202098,PROS-104589,Professional Services,West,10-49 employees,1145000.0,47.2,8,Yes,2025-08-26,14000.0
CUST-202099,PROS-103437,Technology,East,50-249 employees,966000.0,31.6,16,No,2025-05-31,13000.0
CUST-202100,PROS-101260,Professional Services,South,250-999 employees,221000.0,23.0,5,Yes,2025-11-09,17000.0
CUST-202101,PROS-100683,Education,Central,50-249 employees,122000.0,64.5,33,Yes,2025-09-14,7000.0
CUST-202102,PROS-105120,Wholesale Distribution,South,250-999 employees,140000.0,57.0,28,No,2025-02-28,16000.0
CUST-202103,PROS-102642,Professional Services,Central,1-9 employees,329000.0,43.1,37,No,2025-06-14,17000.0
CUST-202104,PROS-105089,Transportation & Logistics,East,10-49 employees,500000.0,29.0,14,No,2025-06-14,7000.0
CUST-202105,PROS-105362,Transportation & Logistics,East,250-999 employees,2437000.0,67.0,13,Yes,2025-06-24,19000.0
CUST-202106,PROS-100378,Construction,East,1-9 employees,804000.0,50.4,7,Yes,2025-09-07,15000.0
CUST-202107,PROS-105306,Construction,North,1-9 employees,317000.0,65.9,19,Yes,2025-04-22,15000.0
CUST-202108,PROS-102690,Hospitality,South,10-49 employees,682000.0,42.3,31,Yes,2025-03-17,36000.0
CUST-202109,PROS-103066,Wholesale Distribution,Central,10-49 employees,2122000.0,34.6,20,No,2025-07-02,14000.0
CUST-202110,PROS-103760,Retail Trade,East,250-999 employees,252000.0,42.8,36,Yes,2025-06-02,7000.0
CUST-202111,PROS-105552,Technology,West,10-49 employees,4862000.0,88.3,17,No,2025-12-30,14000.0
CUST-202112,PROS-100101,Retail Trade,Central,1-9 employees,433000.0,56.1,5,Yes,2025-10-29,13000.0
CUST-202113,PROS-102864,Manufacturing,Central,1-9 employees,2201000.0,36.2,12,No,2025-04-09,6000.0
CUST-202114,PROS-104133,Transportation & Logistics,West,50-249 employees,661000.0,,27,No,2025-09-30,3000.0
CUST-202115,PROS-104337,Construction,North,250-999 employees,75000.0,58.3,6,Yes,2025-08-31,12000.0
CUST-202116,PROS-104162,Transportation & Logistics,East,10-49 employees,913000.0,12.0,7,No,2025-12-27,23000.0
CUST-202117,PROS-100841,Technology,Central,1000+ employees,457000.0,58.4,17,Yes,2025-10-26,23000.0
CUST-202118,PROS-101826,Retail Trade,South,50-249 employees,,41.1,22,No,2025-08-12,15000.0
CUST-202119,PROS-102169,Education,East,10-49 employees,1899000.0,27.3,38,No,2025-04-11,34000.0
CUST-202120,PROS-104842,MANUFACTURING,Central,1-9 employees,46000.0,38.2,37,Yes,2025-03-24,14000.0
CUST-202121,PROS-101710,Construction,South,10-49 employees,1463000.0,64.0,20,No,2025-05-30,11000.0
CUST-202122,PROS-101317,Transportation & Logistics,Central,1000+ employees,109000.0,61.0,26,Yes,2025-12-18,15000.0
CUST-202123,PROS-105748,Education,North,1-9 employees,706000.0,49.5,13,Yes,2025-12-26,8000.0
CUST-202124,PROS-100047,Wholesale Distribution,East,1-9 employees,627000.0,84.2,37,No,2026-01-20,6000.0
CUST-202125,PROS-105989,Transportation & Logistics,East,50-249 employees,310000.0,63.2,22,No,2026-01-28,7000.0
CUST-202126,PROS-104072,Wholesale Distribution,South,1-9 employees,220000.0,36.7,24,Yes,2025-07-14,10000.0
CUST-202127,PROS-104990,Technology,South,10-49 employees,1614000.0,47.0,1,No,2025-08-29,22000.0
CUST-202128,PROS-101799,Transportation & Logistics,North,1-9 employees,1866000.0,69.8,7,Yes,2025-02-03,5000.0
CUST-202129,PROS-100078,Transportation & Logistics,East,1-9 employees,,81.4,10,No,2025-03-05,7000.0
CUST-202130,PROS-104447,RETAIL TRADE,North,1-9 employees,195000.0,16.3,23,Yes,2025-04-12,21000.0
CUST-202131,PROS-105015,Education,East,10-49 employees,275000.0,57.9,30,Yes,2025-03-09,10000.0
CUST-202132,PROS-104457,Manufacturing,North,1-9 employees,1280000.0,66.1,31,No,2025-10-28,11000.0
CUST-202133,PROS-104528,Healthcare,Central,1-9 employees,192000.0,15.7,7,Yes,2025-12-04,10000.0
CUST-202134,PROS-104618,Technology,Central,1000+ employees,4020000.0,11.2,26,Yes,2025-01-01,42000.0
CUST-202135,PROS-103965,Wholesale Distribution,South,1-9 employees,305000.0,30.0,39,Yes,2025-10-01,18000.0
CUST-202136,PROS-104601,Education,East,50-249 employees,,71.0,16,No,2025-04-28,15000.0
CUST-202137,PROS-105084,TRANSPORTATION & LOGISTICS,North,1-9 employees,3184000.0,86.5,5,Yes,2025-07-17,15000.0
CUST-202138,PROS-103681,Manufacturing,Central,1-9 employees,3310000.0,,12,Yes,2025-05-28,17000.0
CUST-202139,PROS-100562,Healthcare,East,1-9 employees,1055000.0,56.5,35,Yes,2025-03-02,40000.0
CUST-202140,PROS-102925,RETAIL TRADE,South,10-49 employees,238000.0,26.3,28,No,2025-11-12,10000.0
CUST-202141,PROS-100489,Technology,North,1000+ employees,292000.0,28.6,38,No,2025-05-04,14000.0
CUST-202142,PROS-102444,Transportation & Logistics,West,250-999 employees,1002000.0,36.9,9,Yes,2025-06-24,13000.0
CUST-202143,PROS-100402,CONSTRUCTION,South,1-9 employees,925000.0,69.2,3,No,2025-08-25,22000.0
CUST-202144,PROS-102107,Retail Trade,East,50-249 employees,284000.0,29.2,36,Yes,2025-07-30,37000.0
CUST-202145,PROS-100693,Education,West,50-249 employees,235000.0,5.0,6,Yes,2025-03-15,9000.0
CUST-202146,PROS-104868,Education,South,50-249 employees,397000.0,47.8,17,Yes,2025-09-26,17000.0
CUST-202147,PROS-105688,Hospitality,North,10-49 employees,167000.0,45.9,7,No,2025-03-05,14000.0
CUST-202148,PROS-100450,Education,West,1-9 employees,660000.0,32.7,27,No,2025-11-10,5000.0
CUST-202149,PROS-103141,Healthcare,South,250-999 employees,593000.0,,34,Yes,2025-09-17,23000.0
CUST-202150,PROS-100484,Healthcare,West,1000+ employees,101000.0,77.3,39,No,2025-05-16,34000.0
CUST-202151,PROS-103006,Transportation & Logistics,West,1-9 employees,461000.0,65.4,17,No,2025-05-22,21000.0
CUST-202152,PROS-104770,Professional Services,North,1-9 employees,253000.0,50.2,9,No,2025-03-10,9000.0
CUST-202153,PROS-104246,Professional Services,South,1-9 employees,650000.0,52.8,33,Yes,2025-06-27,5000.0
CUST-202154,PROS-100307,Transportation & Logistics,North,50-249 employees,496000.0,50.1,4,Yes,2025-03-14,19000.0
CUST-202155,PROS-100455,Transportation & Logistics,North,50-249 employees,229000.0,19.8,14,Yes,2025-07-22,6000.0
CUST-202156,PROS-102421,Hospitality,West,50-249 employees,1706000.0,51.4,21,No,2025-03-06,7000.0
CUST-202157,PROS-101448,Hospitality,West,10-49 employees,855000.0,70.7,13,Yes,2025-12-22,15000.0
CUST-202158,PROS-101723,Hospitality,North,10-49 employees,748000.0,81.4,22,Yes,2025-02-15,20000.0
CUST-202159,PROS-104837,MANUFACTURING,North,50-249 employees,459000.0,4.5,14,Yes,2025-10-15,10000.0
CUST-202160,PROS-105564,Manufacturing,North,1-9 employees,4672000.0,49.1,17,No,2025-06-26,11000.0
CUST-202161,PROS-102431,Transportation & Logistics,North,1-9 employees,995000.0,45.1,34,Yes,2025-05-16,12000.0
CUST-202162,PROS-105439,Transportation & Logistics,North,50-249 employees,426000.0,51.7,36,Yes,2025-03-15,7000.0
CUST-202163,PROS-101951,Technology,South,10-49 employees,3339000.0,30.0,12,Yes,2025-09-12,10000.0
CUST-202164,PROS-102862,Wholesale Distribution,Central,250-999 employees,1488000.0,87.8,7,No,2025-11-10,5000.0
CUST-202165,PROS-101407,Wholesale Distribution,West,10-49 employees,857000.0,53.0,18,No,2025-09-17,20000.0
CUST-202166,PROS-103845,Healthcare,South,10-49 employees,148000.0,39.0,20,No,2025-01-01,71000.0
CUST-202167,PROS-105869,Technology,South,1-9 employees,542000.0,35.7,24,Yes,2025-11-29,13000.0
CUST-202168,PROS-103613,Manufacturing,East,1-9 employees,1342000.0,66.6,7,No,2026-01-17,27000.0
CUST-202169,PROS-102162,Healthcare,South,1-9 employees,1380000.0,27.1,34,No,2025-10-10,11000.0
CUST-202170,PROS-103891,Education,Central,10-49 employees,231000.0,24.9,15,No,2025-01-06,5000.0
CUST-202171,PROS-100762,Education,North,250-999 employees,,75.8,3,Yes,2025-07-21,51000.0
CUST-202172,PROS-105335,Manufacturing,Central,1-9 employees,532000.0,33.9,3,No,2025-05-11,8000.0
CUST-202173,PROS-103019,Hospitality,South,50-249 employees,568000.0,28.8,7,Yes,2025-09-19,23000.0
CUST-202174,PROS-102695,Construction,Central,10-49 employees,241000.0,37.0,24,Yes,2025-10-29,15000.0
CUST-202175,PROS-103506,Wholesale Distribution,North,10-49 employees,1034000.0,48.8,10,No,2025-12-21,27000.0
CUST-202176,PROS-103746,Healthcare,South,50-249 employees,193000.0,30.5,14,No,2025-12-15,12000.0
CUST-202177,PROS-104104,Manufacturing,East,50-249 employees,2947000.0,29.7,34,Yes,2026-01-22,6000.0
CUST-202178,PROS-104289,Construction,South,1-9 employees,1008000.0,6.1,8,Yes,2025-02-04,8000.0
CUST-202179,PROS-104840,Hospitality,Central,50-249 employees,822000.0,28.6,24,Yes,2025-02-17,54000.0
CUST-202180,PROS-103316,Technology,Central,250-999 employees,198000.0,24.1,31,Yes,2025-11-17,16000.0
CUST-202181,PROS-103121,Education,Central,1000+ employees,729000.0,22.2,26,Yes,2025-10-14,49000.0
CUST-202182,PROS-100893,Education,West,1-9 employees,304000.0,30.6,27,Yes,2025-10-28,10000.0
CUST-202183,PROS-104662,Retail Trade,South,1000+ employees,672000.0,54.1,13,Yes,2025-04-05,20000.0
CUST-202184,PROS-101657,Wholesale Distribution,Central,50-249 employees,1750000.0,16.1,10,Yes,2025-07-03,6000.0
CUST-202185,PROS-102985,Technology,Central,50-249 employees,556000.0,38.6,35,Yes,2025-09-15,13000.0
CUST-202186,PROS-101734,Wholesale Distribution,North,50-249 employees,635000.0,56.1,32,No,2025-09-08,50000.0
CUST-202187,PROS-100861,Education,East,250-999 employees,588000.0,98.3,29,No,2025-12-10,8000.0
CUST-202188,PROS-103789,Construction,West,250-999 employees,268000.0,43.8,28,Yes,2025-05-27,8000.0
CUST-202189,PROS-100334,Healthcare,North,50-249 employees,4460000.0,68.2,3,Yes,2025-12-01,21000.0
CUST-202190,PROS-104498,Professional Services,West,50-249 employees,,71.1,27,Yes,2025-05-05,14000.0
CUST-202191,PROS-101924,Construction,North,50-249 employees,426000.0,10.9,23,Yes,2025-11-01,41000.0
CUST-202192,PROS-100000,Manufacturing,West,10-49 employees,991000.0,75.6,37,Yes,2025-01-14,11000.0
CUST-202193,PROS-103083,Professional Services,North,1-9 employees,1770000.0,33.2,19,Yes,2025-03-24,13000.0
CUST-202194,PROS-100299,Manufacturing,North,1000+ employees,688000.0,39.7,7,Yes,2025-01-03,16000.0
CUST-202195,PROS-101682,Manufacturing,Central,10-49 employees,119000.0,59.9,4,Yes,2025-03-28,7000.0
CUST-202196,PROS-104251,Construction,North,1000+ employees,220000.0,32.4,17,Yes,2025-07-30,6000.0
CUST-202197,PROS-100391,Retail Trade,South,10-49 employees,2982000.0,29.8,3,Yes,2025-12-15,5000.0
CUST-202198,PROS-105045,Construction,East,50-249 employees,712000.0,84.8,38,No,2025-01-05,1000.0
CUST-202199,PROS-100013,Hospitality,East,10-49 employees,380000.0,56.7,36,Yes,2025-08-23,12000.0
