customer_id,acquisition_date,variant,week4_active_rate,dispute_rate_30d,cohort_month
CUST-200000,2025-04-24,control,0.432,0.072,2025-04
CUST-200001,2025-09-05,treatment,0.446,0.043,2025-09
CUST-200002,2025-06-19,treatment,0.379,0.035,2025-06
CUST-200003,2025-06-19,treatment,0.61,0.021,2025-06
CUST-200004,2025-08-06,control,0.306,0.074,2025-08
CUST-200005,2025-12-23,treatment,0.489,0.056,2025-12
CUST-200006,2025-03-14,control,0.48,0.023,2025-03
CUST-200007,2025-02-15,control,0.333,0.081,2025-02
CUST-200008,2025-07-30,control,0.44,0.033,2025-07
CUST-200009,2025-12-09,treatment,0.451,0.068,2025-12
CUST-200010,2026-01-19,treatment,0.433,0.026,2026-01
CUST-200011,2025-05-14,treatment,0.458,0.011,2025-05
CUST-200012,2025-05-22,control,0.522,0.081,2025-05
CUST-200013,2025-11-29,control,0.28,0.112,2025-11
CUST-200014,2025-03-02,control,0.483,0.074,2025-03
CUST-200015,2025-05-25,treatment,0.612,0.041,2025-05
CUST-200016,2025-07-07,control,0.452,0.061,2025-07
CUST-200017,2025-04-29,control,0.436,0.072,2025-04
CUST-200018,2025-06-30,control,0.49,0.06,2025-06
CUST-200019,2026-01-31,treatment,0.424,0.061,2026-01
CUST-200020,2026-01-02,control,0.157,0.05,2026-01
CUST-200021,2025-06-03,control,0.584,0.056,2025-06
CUST-200022,2025-07-04,control,0.317,0.027,2025-07
CUST-200023,2026-01-05,control,0.443,0.06,2026-01
CUST-200024,2025-04-08,control,0.392,0.06,2025-04
CUST-200025,2025-08-17,treatment,0.506,0.079,2025-08
CUST-200026,2025-03-31,treatment,0.456,0.071,2025-03
CUST-200027,2025-09-11,control,0.513,0.066,2025-09
CUST-200028,2025-01-14,control,0.435,0.048,2025-01
CUST-200029,2025-03-27,control,0.424,0.073,2025-03
CUST-200030,2025-10-24,control,0.397,0.066,2025-10
CUST-200031,2025-10-05,control,0.396,0.064,2025-10
CUST-200032,2025-04-18,treatment,0.582,0.028,2025-04
CUST-200033,2025-03-23,control,0.395,0.073,2025-03
CUST-200034,2025-11-12,control,0.35,0.091,2025-11
CUST-200035,2026-01-28,treatment,0.449,0.042,2026-01
CUST-200036,2025-08-09,treatment,0.444,0.058,2025-08
CUST-200037,2025-10-16,treatment,0.494,0.059,2025-10
CUST-200038,2025-10-12,treatment,0.668,0.041,2025-10
CUST-200039,2025-12-27,treatment,0.472,0.052,2025-12
CUST-200040,2025-03-23,control,0.398,0.079,2025-03
CUST-200041,2025-08-16,control,0.353,0.078,2025-08
CUST-200042,2025-03-03,treatment,0.533,0.037,2025-03
CUST-200043,2025-05-14,control,0.483,0.044,2025-05
CUST-200044,2025-06-17,control,0.44,0.039,2025-06
CUST-200045,2026-01-09,treatment,0.566,0.05,2026-01
CUST-200046,2025-05-23,control,0.381,0.054,2025-05
CUST-200047,2025-01-11,treatment,0.533,0.026,2025-01
CUST-200048,2025-07-22,treatment,0.397,0.054,2025-07
CUST-200049,2025-06-20,control,0.377,0.096,2025-06
CUST-200050,2025-10-27,control,0.408,0.04,2025-10
CUST-200051,2025-01-02,treatment,0.483,0.036,2025-01
CUST-200052,2025-12-30,control,0.549,0.068,2025-12
CUST-200053,2025-10-24,control,0.341,0.035,2025-10
CUST-200054,2025-08-26,treatment,0.45,0.041,2025-08
CUST-200055,2025-12-10,treatment,0.64,0.038,2025-12
CUST-200056,2025-04-01,treatment,0.562,0.065,2025-04
CUST-200057,2025-06-10,treatment,0.49,0.058,2025-06
CUST-200058,2025-04-29,treatment,0.491,0.049,2025-04
CUST-200059,2025-04-21,control,0.426,0.066,2025-04
CUST-200060,2025-12-29,control,0.448,0.067,2025-12
CUST-200061,2025-12-28,treatment,0.544,0.057,2025-12
CUST-200062,2025-03-25,treatment,0.508,0.095,2025-03
CUST-200063,2025-04-10,control,0.533,0.063,2025-04
CUST-200064,2025-02-07,treatment,0.676,0.084,2025-02
CUST-200065,2025-03-03,treatment,0.366,0.05,2025-03
CUST-200066,2026-01-04,treatment,0.636,0.065,2026-01
CUST-200067,2025-03-18,treatment,0.63,0.114,2025-03
CUST-200068,2025-01-11,control,0.385,0.093,2025-01
CUST-200069,2025-12-16,control,0.482,0.045,2025-12
CUST-200070,2025-10-27,treatment,0.678,0.056,2025-10
CUST-200071,2025-10-12,control,0.36,0.047,2025-10
CUST-200072,2025-02-28,control,0.393,0.048,2025-02
CUST-200073,2025-01-08,treatment,0.528,0.053,2025-01
CUST-200074,2025-09-24,control,0.463,0.047,2025-09
CUST-200075,2025-08-11,treatment,0.523,0.036,2025-08
CUST-200076,2025-03-16,control,0.424,0.055,2025-03
CUST-200077,2025-07-01,control,0.409,0.068,2025-07
CUST-200078,2025-12-25,treatment,0.627,0.113,2025-12
CUST-200079,2025-12-28,treatment,0.524,0.069,2025-12
CUST-200080,2025-01-20,treatment,0.543,0.021,2025-01
CUST-200081,2025-01-14,control,0.477,0.045,2025-01
CUST-200082,2025-05-02,treatment,0.506,0.045,2025-05
CUST-200083,2025-10-27,treatment,0.576,0.067,2025-10
CUST-200084,2025-11-10,treatment,0.568,0.069,2025-11
CUST-200085,2025-07-29,treatment,0.656,0.025,2025-07
CUST-200086,2025-08-15,treatment,0.507,0.079,2025-08
CUST-200087,2025-07-08,treatment,0.499,0.056,2025-07
CUST-200088,2025-06-18,control,0.453,0.023,2025-06
CUST-200089,2025-02-20,control,0.476,0.04,2025-02
CUST-200090,2025-06-24,treatment,0.505,0.086,2025-06
CUST-200091,2026-01-29,treatment,0.465,0.05,2026-01
CUST-200092,2025-07-20,control,0.521,0.072,2025-07
CUST-200093,2025-08-26,treatment,0.611,0.066,2025-08
CUST-200094,2026-02-02,treatment,0.408,0.043,2026-02
CUST-200095,2025-01-12,treatment,0.54,0.045,2025-01
CUST-200096,2025-09-27,treatment,0.564,0.072,2025-09
CUST-200097,2025-04-12,treatment,0.6,0.026,2025-04
CUST-200098,2025-07-14,treatment,0.563,0.032,2025-07
CUST-200099,2025-01-05,control,0.393,0.043,2025-01
CUST-200100,2025-05-09,control,0.457,0.06,2025-05
CUST-200101,2025-08-06,treatment,0.499,0.023,2025-08
CUST-200102,2025-07-21,treatment,0.321,0.051,2025-07
CUST-200103,2025-06-07,treatment,0.521,0.062,2025-06
CUST-200104,2026-01-05,control,0.425,0.078,2026-01
CUST-200105,2025-03-28,control,0.421,0.075,2025-03
CUST-200106,2025-03-29,control,0.511,0.108,2025-03
CUST-200107,2025-08-17,control,0.403,0.041,2025-08
CUST-200108,2025-05-19,control,0.453,0.055,2025-05
CUST-200109,2025-04-23,treatment,0.578,0.075,2025-04
CUST-200110,2025-01-26,control,0.401,0.074,2025-01
CUST-200111,2025-07-28,control,0.428,0.039,2025-07
CUST-200112,2025-09-09,treatment,0.395,0.05,2025-09
CUST-200113,2025-08-16,control,0.388,0.078,2025-08
CUST-200114,2025-11-03,treatment,0.521,0.085,2025-11
CUST-200115,2025-09-23,control,0.356,0.089,2025-09
CUST-200116,2025-09-10,control,0.317,0.076,2025-09
CUST-200117,2025-05-06,treatment,0.635,0.067,2025-05
CUST-200118,2025-11-21,treatment,0.458,0.024,2025-11
CUST-200119,2025-12-23,treatment,0.395,0.069,2025-12
CUST-200120,2025-11-05,treatment,0.545,0.076,2025-11
CUST-200121,2025-02-11,treatment,0.539,0.05,2025-02
CUST-200122,2026-01-24,control,0.305,0.052,2026-01
CUST-200123,2025-08-10,control,0.412,0.054,2025-08
CUST-200124,2025-06-30,control,0.484,0.057,2025-06
CUST-200125,2025-04-01,treatment,0.629,0.014,2025-04
CUST-200126,2025-02-03,control,0.355,0.037,2025-02
CUST-200127,2025-12-02,control,0.355,0.032,2025-12
CUST-200128,2025-08-03,control,0.427,0.085,2025-08
CUST-200129,2026-01-01,treatment,0.533,0.059,2026-01
CUST-200130,2025-11-05,treatment,0.455,0.026,2025-11
CUST-200131,2025-11-20,treatment,0.579,0.06,2025-11
CUST-200132,2025-06-12,control,0.525,0.063,2025-06
CUST-200133,2025-05-30,treatment,0.508,0.056,2025-05
CUST-200134,2025-06-29,treatment,0.513,0.065,2025-06
CUST-200135,2025-01-03,treatment,0.526,0.037,2025-01
CUST-200136,2025-10-22,treatment,0.552,0.057,2025-10
CUST-200137,2025-12-26,treatment,0.533,0.056,2025-12
CUST-200138,2025-01-07,control,0.355,0.036,2025-01
CUST-200139,2025-12-23,treatment,0.501,0.064,2025-12
CUST-200140,2025-09-20,control,0.526,0.05,2025-09
CUST-200141,2025-08-10,treatment,0.533,0.038,2025-08
CUST-200142,2025-10-10,treatment,0.47,0.059,2025-10
CUST-200143,2025-01-09,control,0.36,0.075,2025-01
CUST-200144,2026-01-24,treatment,0.351,0.024,2026-01
CUST-200145,2025-12-15,treatment,0.391,0.02,2025-12
CUST-200146,2025-10-19,treatment,0.322,0.041,2025-10
CUST-200147,2025-05-13,control,0.495,0.043,2025-05
CUST-200148,2025-02-22,treatment,0.495,0.065,2025-02
CUST-200149,2025-05-02,treatment,0.581,0.04,2025-05
CUST-200150,2025-07-19,treatment,0.566,0.037,2025-07
CUST-200151,2026-01-30,control,0.23,0.065,2026-01
CUST-200152,2025-06-12,treatment,0.553,0.063,2025-06
CUST-200153,2025-10-19,control,0.36,0.036,2025-10
CUST-200154,2025-06-10,control,0.502,0.1,2025-06
CUST-200155,2025-01-26,control,0.461,0.085,2025-01
CUST-200156,2025-11-11,control,0.405,0.07,2025-11
CUST-200157,2025-05-16,treatment,0.506,0.062,2025-05
CUST-200158,2025-08-21,treatment,0.585,0.01,2025-08
CUST-200159,2025-05-14,control,0.398,0.063,2025-05
CUST-200160,2025-10-20,control,0.42,0.061,2025-10
CUST-200161,2025-11-23,control,0.435,0.09,2025-11
CUST-200162,2025-10-26,treatment,0.51,0.023,2025-10
CUST-200163,2025-12-26,treatment,0.461,0.026,2025-12
CUST-200164,2025-10-03,control,0.409,0.065,2025-10
CUST-200165,2025-07-31,treatment,0.475,0.032,2025-07
CUST-200166,2025-10-31,control,0.332,0.109,2025-10
CUST-200167,2025-10-01,treatment,0.662,0.03,2025-10
CUST-200168,2025-03-29,treatment,0.547,0.085,2025-03
CUST-200169,2025-04-28,treatment,0.46,0.002,2025-04
CUST-200170,2025-02-09,treatment,0.56,0.044,2025-02
CUST-200171,2025-11-02,control,0.418,0.085,2025-11
CUST-200172,2025-03-06,control,0.496,0.028,2025-03
CUST-200173,2025-02-04,treatment,0.437,0.001,2025-02
CUST-200174,2025-11-20,treatment,0.599,0.0,2025-11
CUST-200175,2025-01-21,treatment,0.583,0.058,2025-01
CUST-200176,2026-01-18,treatment,0.564,0.041,2026-01
CUST-200177,2025-03-30,control,0.404,0.061,2025-03
CUST-200178,2026-01-10,treatment,0.42,0.085,2026-01
CUST-200179,2025-09-20,control,0.598,0.06,2025-09
CUST-200180,2025-01-06,treatment,0.405,0.043,2025-01
CUST-200181,2025-11-09,control,0.401,0.044,2025-11
CUST-200182,2026-02-03,treatment,0.575,0.069,2026-02
CUST-200183,2026-01-05,treatment,0.589,0.055,2026-01
CUST-200184,2025-12-21,control,0.427,0.051,2025-12
CUST-200185,2025-04-07,control,0.529,0.075,2025-04
CUST-200186,2025-03-21,control,0.355,0.045,2025-03
CUST-200187,2025-05-05,control,0.266,0.047,2025-05
CUST-200188,2025-08-11,control,0.534,0.066,2025-08
CUST-200189,2025-11-07,control,0.399,0.035,2025-11
CUST-200190,2026-01-29,treatment,0.559,0.024,2026-01
CUST-200191,2025-07-12,control,0.412,0.057,2025-07
CUST-200192,2025-07-08,control,0.371,0.063,2025-07
CUST-200193,2025-12-06,treatment,0.347,0.034,2025-12
CUST-200194,2026-01-17,treatment,0.44,0.048,2026-01
CUST-200195,2025-06-21,control,0.442,0.071,2025-06
CUST-200196,2025-08-06,treatment,0.379,0.024,2025-08
CUST-200197,2025-04-15,treatment,0.666,0.001,2025-04
CUST-200198,2025-05-18,control,0.392,0.079,2025-05
CUST-200199,2025-11-01,control,0.487,0.031,2025-11
CUST-200200,2025-03-06,control,0.491,0.041,2025-03
CUST-200201,2025-04-25,control,0.414,0.027,2025-04
CUST-200202,2025-02-11,treatment,0.562,0.055,2025-02
CUST-200203,2025-04-12,control,0.393,0.071,2025-04
CUST-200204,2025-10-10,treatment,0.565,0.088,2025-10
CUST-200205,2025-12-10,treatment,0.449,0.088,2025-12
CUST-200206,2025-05-12,treatment,0.433,0.075,2025-05
CUST-200207,2025-12-26,treatment,0.529,0.051,2025-12
CUST-200208,2025-06-13,control,0.447,0.066,2025-06
CUST-200209,2025-04-17,control,0.285,0.064,2025-04
CUST-200210,2026-01-10,treatment,0.551,0.042,2026-01
CUST-200211,2025-07-25,treatment,0.58,0.068,2025-07
CUST-200212,2025-03-21,treatment,0.561,0.052,2025-03
CUST-200213,2025-03-30,control,0.577,0.051,2025-03
CUST-200214,2025-05-30,control,0.403,0.076,2025-05
CUST-200215,2025-02-13,treatment,0.598,0.042,2025-02
CUST-200216,2025-12-30,treatment,0.428,0.067,2025-12
CUST-200217,2025-09-05,control,0.523,0.045,2025-09
CUST-200218,2026-01-12,control,0.364,0.0,2026-01
CUST-200219,2025-04-06,control,0.325,0.064,2025-04
CUST-200220,2025-11-18,control,0.348,0.03,2025-11
CUST-200221,2025-09-28,control,0.422,0.083,2025-09
CUST-200222,2025-06-03,treatment,0.485,0.047,2025-06
CUST-200223,2025-05-20,control,0.392,0.034,2025-05
CUST-200224,2025-02-20,control,0.53,0.047,2025-02
CUST-200225,2025-11-16,control,0.47,0.058,2025-11
CUST-200226,2025-11-12,control,0.595,0.081,2025-11
CUST-200227,2025-08-13,control,0.546,0.085,2025-08
CUST-200228,2025-12-02,treatment,0.408,0.045,2025-12
CUST-200229,2025-09-06,control,0.393,0.047,2025-09
CUST-200230,2025-10-13,control,0.373,0.069,2025-10
CUST-200231,2026-02-03,control,0.433,0.051,2026-02
CUST-200232,2025-05-15,control,0.457,0.084,2025-05
CUST-200233,2025-09-19,treatment,0.476,0.023,2025-09
CUST-200234,2025-09-18,treatment,0.425,0.09,2025-09
CUST-200235,2025-12-30,control,0.488,0.067,2025-12
CUST-200236,2025-10-08,control,0.381,0.052,2025-10
CUST-200237,2025-04-17,control,0.321,0.079,2025-04
CUST-200238,2025-12-21,control,0.4,0.071,2025-12
CUST-200239,2025-11-22,treatment,0.513,0.06,2025-11
CUST-200240,2025-02-25,control,0.37,0.068,2025-02
CUST-200241,2025-10-22,control,0.458,0.067,2025-10
CUST-200242,2025-04-16,control,0.406,0.083,2025-04
CUST-200243,2025-04-19,treatment,0.45,0.034,2025-04
CUST-200244,2025-06-11,control,0.384,0.081,2025-06
CUST-200245,2025-05-06,control,0.387,0.051,2025-05
CUST-200246,2025-11-21,control,0.461,0.073,2025-11
CUST-200247,2025-03-20,control,0.419,0.091,2025-03
CUST-200248,2025-12-24,control,0.453,0.084,2025-12
CUST-200249,2025-01-23,control,0.406,0.057,2025-01
CUST-200250,2025-04-22,control,0.479,0.027,2025-04
CUST-200251,2025-07-01,treatment,0.689,0.071,2025-07
CUST-200252,2025-07-21,treatment,0.565,0.028,2025-07
CUST-200253,2025-12-20,treatment,0.546,0.053,2025-12
CUST-200254,2025-09-01,treatment,0.418,0.052,2025-09
CUST-200255,2025-07-31,control,0.464,0.077,2025-07
CUST-200256,2025-03-08,treatment,0.654,0.039,2025-03
CUST-200257,2025-01-18,treatment,0.473,0.017,2025-01
CUST-200258,2025-11-13,control,0.362,0.018,2025-11
CUST-200259,2025-08-19,treatment,0.455,0.056,2025-08
CUST-200260,2025-07-08,treatment,0.476,0.038,2025-07
CUST-200261,2025-07-21,control,0.279,0.046,2025-07
CUST-200262,2025-12-24,control,0.325,0.058,2025-12
CUST-200263,2025-07-02,control,0.303,0.066,2025-07
CUST-200264,2025-08-08,control,0.357,0.07,2025-08
CUST-200265,2025-07-26,treatment,0.578,0.014,2025-07
CUST-200266,2025-11-30,treatment,0.413,0.068,2025-11
CUST-200267,2025-03-31,treatment,0.394,0.065,2025-03
CUST-200268,2025-01-20,control,0.336,0.007,2025-01
CUST-200269,2026-01-19,treatment,0.507,0.063,2026-01
CUST-200270,2025-06-25,control,0.384,0.074,2025-06
CUST-200271,2025-08-19,control,0.437,0.05,2025-08
CUST-200272,2025-06-17,control,0.525,0.036,2025-06
CUST-200273,2025-04-28,control,0.381,0.063,2025-04
CUST-200274,2025-03-19,control,0.282,0.034,2025-03
CUST-200275,2025-09-29,control,0.364,0.081,2025-09
CUST-200276,2025-08-13,control,0.485,0.061,2025-08
CUST-200277,2025-09-08,treatment,0.387,0.082,2025-09
CUST-200278,2025-10-28,control,0.323,0.048,2025-10
CUST-200279,2025-04-30,treatment,0.476,0.061,2025-04
CUST-200280,2025-07-17,treatment,0.495,0.058,2025-07
CUST-200281,2025-08-29,treatment,0.533,0.023,2025-08
CUST-200282,2025-11-29,treatment,0.517,0.029,2025-11
CUST-200283,2025-02-09,control,0.451,0.074,2025-02
CUST-200284,2025-04-28,control,0.367,0.078,2025-04
CUST-200285,2025-03-20,control,0.482,0.076,2025-03
CUST-200286,2025-04-30,treatment,0.45,0.038,2025-04
CUST-200287,2026-01-09,control,0.487,0.05,2026-01
CUST-200288,2025-03-08,treatment,0.643,0.095,2025-03
CUST-200289,2025-10-28,treatment,0.384,0.073,2025-10
CUST-200290,2025-11-10,control,0.297,0.073,2025-11
CUST-200291,2025-10-25,control,0.553,0.068,2025-10
CUST-200292,2025-03-01,treatment,0.346,0.07,2025-03
CUST-200293,2025-02-03,control,0.43,0.063,2025-02
CUST-200294,2025-03-01,control,0.47,0.053,2025-03
CUST-200295,2025-12-01,treatment,0.576,0.031,2025-12
CUST-200296,2025-01-03,control,0.385,0.02,2025-01
CUST-200297,2025-10-16,control,0.38,0.043,2025-10
CUST-200298,2025-06-05,control,0.532,0.02,2025-06
CUST-200299,2026-01-15,treatment,0.519,0.031,2026-01
CUST-200300,2025-06-24,control,0.386,0.061,2025-06
CUST-200301,2025-07-04,treatment,0.544,0.039,2025-07
CUST-200302,2025-06-30,control,0.435,0.071,2025-06
CUST-200303,2025-11-19,control,0.52,0.045,2025-11
CUST-200304,2025-11-03,treatment,0.545,0.047,2025-11
CUST-200305,2026-01-19,treatment,0.546,0.032,2026-01
CUST-200306,2025-06-15,treatment,0.448,0.0,2025-06
CUST-200307,2025-12-03,control,0.477,0.097,2025-12
CUST-200308,2025-01-02,control,0.33,0.053,2025-01
CUST-200309,2025-09-05,control,0.344,0.047,2025-09
CUST-200310,2025-09-01,treatment,0.278,0.011,2025-09
CUST-200311,2025-01-21,treatment,0.682,0.05,2025-01
CUST-200312,2025-03-10,control,0.487,0.08,2025-03
CUST-200313,2026-01-25,control,0.311,0.048,2026-01
CUST-200314,2025-01-11,control,0.337,0.051,2025-01
CUST-200315,2025-07-22,treatment,0.376,0.057,2025-07
CUST-200316,2025-11-07,treatment,0.531,0.031,2025-11
CUST-200317,2026-01-29,treatment,0.576,0.084,2026-01
CUST-200318,2025-04-09,control,0.386,0.076,2025-04
CUST-200319,2025-09-07,control,0.399,0.065,2025-09
CUST-200320,2025-10-30,control,0.27,0.038,2025-10
CUST-200321,2025-12-28,control,0.388,0.071,2025-12
CUST-200322,2025-09-14,treatment,0.589,0.02,2025-09
CUST-200323,2025-04-04,treatment,0.457,0.052,2025-04
CUST-200324,2025-12-20,control,0.424,0.023,2025-12
CUST-200325,2026-01-13,control,0.494,0.08,2026-01
CUST-200326,2025-05-24,treatment,0.535,0.076,2025-05
CUST-200327,2025-07-18,control,0.496,0.045,2025-07
CUST-200328,2025-09-18,treatment,0.523,0.064,2025-09
CUST-200329,2025-11-29,control,0.647,0.033,2025-11
CUST-200330,2025-08-16,treatment,0.613,0.035,2025-08
CUST-200331,2025-10-27,control,0.191,0.068,2025-10
CUST-200332,2025-11-10,control,0.329,0.063,2025-11
CUST-200333,2025-03-25,treatment,0.402,0.034,2025-03
CUST-200334,2025-05-12,control,0.218,0.072,2025-05
CUST-200335,2025-12-04,treatment,0.53,0.056,2025-12
CUST-200336,2025-08-28,treatment,0.581,0.044,2025-08
CUST-200337,2025-03-22,control,0.536,0.055,2025-03
CUST-200338,2025-08-05,treatment,0.527,0.028,2025-08
CUST-200339,2025-03-26,control,0.49,0.055,2025-03
CUST-200340,2025-01-18,control,0.397,0.049,2025-01
CUST-200341,2025-07-03,control,0.497,0.077,2025-07
CUST-200342,2025-01-14,treatment,0.601,0.045,2025-01
CUST-200343,2026-01-17,control,0.464,0.083,2026-01
CUST-200344,2025-12-28,control,0.554,0.025,2025-12
CUST-200345,2025-03-29,treatment,0.631,0.075,2025-03
CUST-200346,2025-09-14,treatment,0.516,0.049,2025-09
CUST-200347,2025-06-04,treatment,0.466,0.072,2025-06
CUST-200348,2025-09-03,treatment,0.524,0.041,2025-09
CUST-200349,2025-07-28,treatment,0.458,0.065,2025-07
CUST-200350,2025-10-25,treatment,0.599,0.037,2025-10
CUST-200351,2025-10-31,control,0.496,0.068,2025-10
CUST-200352,2025-01-07,control,0.421,0.062,2025-01
CUST-200353,2025-12-05,treatment,0.468,0.076,2025-12
CUST-200354,2025-04-03,treatment,0.515,0.038,2025-04
CUST-200355,2025-09-12,treatment,0.589,0.062,2025-09
CUST-200356,2025-09-18,treatment,0.579,0.05,2025-09
CUST-200357,2025-09-11,control,0.485,0.034,2025-09
CUST-200358,2025-10-15,control,0.405,0.073,2025-10
CUST-200359,2025-02-22,control,0.387,0.069,2025-02
CUST-200360,2025-09-09,control,0.402,0.039,2025-09
CUST-200361,2025-05-31,treatment,0.534,0.013,2025-05
CUST-200362,2025-06-14,control,0.467,0.073,2025-06
CUST-200363,2025-02-28,control,0.416,0.062,2025-02
CUST-200364,2025-08-24,treatment,0.475,0.044,2025-08
CUST-200365,2025-05-10,control,0.649,0.057,2025-05
CUST-200366,2025-10-07,control,0.425,0.076,2025-10
CUST-200367,2025-07-10,control,0.42,0.043,2025-07
CUST-200368,2025-06-12,treatment,0.576,0.038,2025-06
CUST-200369,2025-07-23,control,0.377,0.064,2025-07
CUST-200370,2025-08-14,treatment,0.445,0.054,2025-08
CUST-200371,2025-09-28,treatment,0.452,0.052,2025-09
CUST-200372,2025-02-01,control,0.493,0.106,2025-02
CUST-200373,2025-11-17,control,0.599,0.069,2025-11
CUST-200374,2025-03-09,treatment,0.335,0.067,2025-03
CUST-200375,2025-04-03,treatment,0.436,0.001,2025-04
CUST-200376,2025-11-06,control,0.399,0.099,2025-11
CUST-200377,2025-01-02,control,0.511,0.084,2025-01
CUST-200378,2025-06-02,treatment,0.454,0.031,2025-06
CUST-200379,2025-09-23,treatment,0.429,0.019,2025-09
CUST-200380,2025-11-08,treatment,0.607,0.045,2025-11
CUST-200381,2025-12-24,control,0.339,0.066,2025-12
CUST-200382,2025-09-27,treatment,0.353,0.068,2025-09
CUST-200383,2025-04-04,control,0.376,0.071,2025-04
CUST-200384,2025-05-26,control,0.368,0.036,2025-05
CUST-200385,2025-01-10,treatment,0.533,0.057,2025-01
CUST-200386,2025-11-05,control,0.359,0.076,2025-11
CUST-200387,2025-01-03,treatment,0.439,0.033,2025-01
CUST-200388,2025-02-20,treatment,0.459,0.045,2025-02
CUST-200389,2026-01-25,control,0.255,0.08,2026-01
CUST-200390,2025-03-06,control,0.563,0.046,2025-03
CUST-200391,2025-04-24,treatment,0.67,0.034,2025-04
CUST-200392,2025-06-13,control,0.434,0.074,2025-06
CUST-200393,2025-02-25,treatment,0.294,0.029,2025-02
CUST-200394,2025-09-20,control,0.478,0.078,2025-09
CUST-200395,2025-05-05,control,0.417,0.039,2025-05
CUST-200396,2025-04-30,control,0.486,0.054,2025-04
CUST-200397,2025-08-18,treatment,0.621,0.039,2025-08
CUST-200398,2025-05-10,treatment,0.451,0.075,2025-05
CUST-200399,2025-03-29,treatment,0.565,0.035,2025-03
CUST-200400,2025-12-11,treatment,0.655,0.047,2025-12
CUST-200401,2025-08-21,treatment,0.447,0.052,2025-08
CUST-200402,2025-12-26,control,0.521,0.053,2025-12
CUST-200403,2025-05-24,treatment,0.396,0.073,2025-05
CUST-200404,2026-01-01,control,0.505,0.074,2026-01
CUST-200405,2025-12-22,treatment,0.32,0.057,2025-12
CUST-200406,2025-01-09,treatment,0.458,0.044,2025-01
CUST-200407,2025-02-20,treatment,0.393,0.06,2025-02
CUST-200408,2025-11-16,treatment,0.683,0.077,2025-11
CUST-200409,2025-04-29,treatment,0.464,0.07,2025-04
CUST-200410,2025-11-01,treatment,0.544,0.045,2025-11
CUST-200411,2025-06-23,control,0.489,0.052,2025-06
CUST-200412,2025-04-14,treatment,0.476,0.025,2025-04
CUST-200413,2025-03-29,treatment,0.645,0.029,2025-03
CUST-200414,2025-04-01,treatment,0.623,0.056,2025-04
CUST-200415,2025-09-23,control,0.359,0.026,2025-09
CUST-200416,2025-01-14,control,0.447,0.072,2025-01
CUST-200417,2025-03-17,control,0.514,0.054,2025-03
CUST-200418,2025-11-25,treatment,0.497,0.037,2025-11
CUST-200419,2025-05-08,treatment,0.64,0.047,2025-05
CUST-200420,2025-09-01,control,0.429,0.042,2025-09
CUST-200421,2025-04-30,treatment,0.464,0.014,2025-04
CUST-200422,2025-01-07,treatment,0.588,0.043,2025-01
CUST-200423,2025-06-29,treatment,0.439,0.063,2025-06
CUST-200424,2025-04-01,treatment,0.45,0.041,2025-04
CUST-200425,2025-10-22,control,0.456,0.032,2025-10
CUST-200426,2025-11-29,control,0.331,0.082,2025-11
CUST-200427,2025-12-19,treatment,0.56,0.028,2025-12
CUST-200428,2025-08-29,control,0.449,0.069,2025-08
CUST-200429,2025-02-02,control,0.415,0.094,2025-02
CUST-200430,2025-12-09,treatment,0.441,0.013,2025-12
CUST-200431,2025-12-04,treatment,0.538,0.014,2025-12
CUST-200432,2025-02-28,control,0.272,0.079,2025-02
CUST-200433,2025-06-13,control,0.501,0.092,2025-06
CUST-200434,2026-01-17,control,0.262,0.077,2026-01
CUST-200435,2025-11-19,control,0.348,0.066,2025-11
CUST-200436,2025-03-24,control,0.428,0.097,2025-03
CUST-200437,2025-09-08,control,0.415,0.073,2025-09
CUST-200438,2025-05-02,treatment,0.5,0.02,2025-05
CUST-200439,2025-12-14,control,0.388,0.103,2025-12
CUST-200440,2026-01-06,treatment,0.528,0.051,2026-01
CUST-200441,2025-11-09,control,0.521,0.063,2025-11
CUST-200442,2025-05-06,control,0.375,0.029,2025-05
CUST-200443,2025-06-07,control,0.444,0.084,2025-06
CUST-200444,2025-08-27,control,0.525,0.044,2025-08
CUST-200445,2026-01-15,control,0.44,0.041,2026-01
CUST-200446,2025-05-18,control,0.345,0.031,2025-05
CUST-200447,2025-08-11,treatment,0.476,0.045,2025-08
CUST-200448,2025-10-23,control,0.283,0.045,2025-10
CUST-200449,2025-05-29,treatment,0.407,0.045,2025-05
CUST-200450,2025-05-05,treatment,0.479,0.031,2025-05
CUST-200451,2025-06-06,control,0.502,0.053,2025-06
CUST-200452,2025-06-26,treatment,0.535,0.023,2025-06
CUST-200453,2025-02-07,control,0.51,0.069,2025-02
CUST-200454,2025-02-03,treatment,0.502,0.03,2025-02
CUST-200455,2025-10-07,control,0.31,0.042,2025-10
CUST-200456,2026-01-04,control,0.475,0.029,2026-01
CUST-200457,2025-11-19,control,0.436,0.096,2025-11
CUST-200458,2025-12-29,treatment,0.55,0.042,2025-12
CUST-200459,2025-12-02,control,0.48,0.051,2025-12
CUST-200460,2025-11-18,control,0.442,0.041,2025-11
CUST-200461,2025-01-24,control,0.499,0.087,2025-01
CUST-200462,2025-12-16,control,0.416,0.066,2025-12
CUST-200463,2025-06-28,treatment,0.437,0.064,2025-06
CUST-200464,2025-08-30,treatment,0.426,0.055,2025-08
CUST-200465,2025-12-22,treatment,0.496,0.065,2025-12
CUST-200466,2025-02-04,control,0.416,0.052,2025-02
CUST-200467,2025-04-12,treatment,0.596,0.057,2025-04
CUST-200468,2025-01-29,control,0.386,0.079,2025-01
CUST-200469,2025-06-17,treatment,0.346,0.064,2025-06
CUST-200470,2025-11-11,control,0.329,0.075,2025-11
CUST-200471,2025-07-16,treatment,0.558,0.061,2025-07
CUST-200472,2025-07-26,control,0.271,0.056,2025-07
CUST-200473,2025-04-04,control,0.435,0.071,2025-04
CUST-200474,2025-04-21,treatment,0.539,0.058,2025-04
CUST-200475,2025-08-11,control,0.375,0.062,2025-08
CUST-200476,2025-01-15,treatment,0.471,0.065,2025-01
CUST-200477,2025-06-27,control,0.634,0.065,2025-06
CUST-200478,2026-01-29,control,0.475,0.042,2026-01
CUST-200479,2025-08-17,treatment,0.397,0.027,2025-08
CUST-200480,2025-02-08,treatment,0.589,0.067,2025-02
CUST-200481,2025-06-17,treatment,0.404,0.033,2025-06
CUST-200482,2025-05-26,treatment,0.544,0.076,2025-05
CUST-200483,2025-10-07,control,0.469,0.063,2025-10
CUST-200484,2025-09-30,treatment,0.561,0.038,2025-09
CUST-200485,2026-01-27,treatment,0.521,0.032,2026-01
CUST-200486,2025-09-07,control,0.417,0.087,2025-09
CUST-200487,2025-04-05,control,0.37,0.028,2025-04
CUST-200488,2025-02-20,control,0.375,0.061,2025-02
CUST-200489,2025-03-05,control,0.435,0.07,2025-03
CUST-200490,2025-09-06,control,0.345,0.026,2025-09
CUST-200491,2025-08-27,treatment,0.53,0.031,2025-08
CUST-200492,2025-05-15,control,0.286,0.043,2025-05
CUST-200493,2025-10-22,treatment,0.525,0.089,2025-10
CUST-200494,2025-03-10,treatment,0.431,0.046,2025-03
CUST-200495,2025-10-13,control,0.561,0.067,2025-10
CUST-200496,2025-09-04,control,0.596,0.094,2025-09
CUST-200497,2025-03-12,control,0.453,0.054,2025-03
CUST-200498,2025-12-27,treatment,0.411,0.012,2025-12
CUST-200499,2025-12-14,control,0.438,0.01,2025-12
CUST-200500,2025-10-28,control,0.48,0.04,2025-10
CUST-200501,2025-09-23,control,0.401,0.073,2025-09
CUST-200502,2025-03-06,treatment,0.617,0.081,2025-03
CUST-200503,2026-01-22,treatment,0.53,0.057,2026-01
CUST-200504,2025-03-11,control,0.479,0.047,2025-03
CUST-200505,2025-11-19,treatment,0.615,0.025,2025-11
CUST-200506,2025-07-07,control,0.245,0.098,2025-07
CUST-200507,2025-09-25,treatment,0.437,0.098,2025-09
CUST-200508,2025-01-09,treatment,0.582,0.047,2025-01
CUST-200509,2025-05-07,treatment,0.533,0.07,2025-05
CUST-200510,2025-01-09,control,0.542,0.063,2025-01
CUST-200511,2025-10-19,treatment,0.542,0.041,2025-10
CUST-200512,2025-04-11,treatment,0.675,0.038,2025-04
CUST-200513,2025-05-06,treatment,0.532,0.016,2025-05
CUST-200514,2025-02-12,control,0.404,0.043,2025-02
CUST-200515,2025-02-22,treatment,0.366,0.055,2025-02
CUST-200516,2025-08-07,control,0.338,0.086,2025-08
CUST-200517,2025-05-17,treatment,0.567,0.046,2025-05
CUST-200518,2025-01-18,treatment,0.423,0.103,2025-01
CUST-200519,2025-12-02,control,0.449,0.043,2025-12
CUST-200520,2025-04-08,control,0.493,0.065,2025-04
CUST-200521,2025-01-18,treatment,0.516,0.071,2025-01
CUST-200522,2025-01-24,treatment,0.412,0.04,2025-01
CUST-200523,2025-06-12,treatment,0.52,0.073,2025-06
CUST-200524,2025-08-01,control,0.343,0.104,2025-08
CUST-200525,2025-02-21,treatment,0.453,0.022,2025-02
CUST-200526,2025-05-22,control,0.454,0.054,2025-05
CUST-200527,2025-05-19,control,0.494,0.032,2025-05
CUST-200528,2025-02-03,treatment,0.61,0.02,2025-02
CUST-200529,2025-09-18,control,0.516,0.086,2025-09
CUST-200530,2025-05-22,control,0.426,0.076,2025-05
CUST-200531,2025-10-08,control,0.36,0.044,2025-10
CUST-200532,2025-01-01,control,0.271,0.076,2025-01
CUST-200533,2025-01-14,treatment,0.495,0.018,2025-01
CUST-200534,2025-11-27,treatment,0.633,0.043,2025-11
CUST-200535,2025-05-11,control,0.43,0.053,2025-05
CUST-200536,2025-05-26,control,0.49,0.063,2025-05
CUST-200537,2025-06-17,control,0.566,0.052,2025-06
CUST-200538,2025-09-24,control,0.407,0.048,2025-09
CUST-200539,2025-10-12,control,0.277,0.079,2025-10
CUST-200540,2025-10-11,treatment,0.548,0.042,2025-10
CUST-200541,2025-12-16,treatment,0.382,0.059,2025-12
CUST-200542,2025-08-10,control,0.333,0.044,2025-08
CUST-200543,2025-04-11,control,0.476,0.024,2025-04
CUST-200544,2025-08-24,control,0.344,0.053,2025-08
CUST-200545,2025-04-27,control,0.236,0.033,2025-04
CUST-200546,2025-06-21,treatment,0.414,0.044,2025-06
CUST-200547,2025-01-12,treatment,0.523,0.071,2025-01
CUST-200548,2025-06-12,control,0.431,0.045,2025-06
CUST-200549,2025-08-28,treatment,0.492,0.077,2025-08
CUST-200550,2025-05-03,control,0.567,0.064,2025-05
CUST-200551,2025-02-13,treatment,0.537,0.093,2025-02
CUST-200552,2025-01-29,treatment,0.498,0.045,2025-01
CUST-200553,2025-02-17,control,0.429,0.07,2025-02
CUST-200554,2025-05-20,control,0.511,0.017,2025-05
CUST-200555,2026-02-03,control,0.424,0.046,2026-02
CUST-200556,2025-07-05,treatment,0.558,0.044,2025-07
CUST-200557,2025-12-30,treatment,0.569,0.075,2025-12
CUST-200558,2025-02-23,control,0.44,0.044,2025-02
CUST-200559,2026-01-24,control,0.47,0.084,2026-01
CUST-200560,2025-12-30,treatment,0.598,0.078,2025-12
CUST-200561,2025-02-04,treatment,0.335,0.034,2025-02
CUST-200562,2025-01-04,treatment,0.593,0.061,2025-01
CUST-200563,2025-09-15,treatment,0.415,0.045,2025-09
CUST-200564,2025-03-31,control,0.5,0.072,2025-03
CUST-200565,2025-09-14,control,0.348,0.062,2025-09
CUST-200566,2025-09-29,treatment,0.621,0.048,2025-09
CUST-200567,2025-01-26,treatment,0.568,0.034,2025-01
CUST-200568,2025-11-26,treatment,0.546,0.053,2025-11
CUST-200569,2025-12-13,treatment,0.508,0.019,2025-12
CUST-200570,2025-07-09,treatment,0.574,0.067,2025-07
CUST-200571,2026-01-08,treatment,0.518,0.04,2026-01
CUST-200572,2025-08-24,control,0.341,0.091,2025-08
CUST-200573,2025-10-20,control,0.287,0.08,2025-10
CUST-200574,2025-04-20,treatment,0.532,0.059,2025-04
CUST-200575,2025-09-11,control,0.376,0.062,2025-09
CUST-200576,2026-01-17,control,0.444,0.072,2026-01
CUST-200577,2025-11-07,control,0.404,0.062,2025-11
CUST-200578,2025-09-15,treatment,0.594,0.059,2025-09
CUST-200579,2025-06-12,treatment,0.718,0.063,2025-06
CUST-200580,2025-02-22,control,0.454,0.062,2025-02
CUST-200581,2025-05-17,treatment,0.579,0.059,2025-05
CUST-200582,2025-10-22,treatment,0.609,0.075,2025-10
CUST-200583,2025-07-30,control,0.483,0.093,2025-07
CUST-200584,2025-02-21,control,0.542,0.024,2025-02
CUST-200585,2025-04-05,treatment,0.413,0.0,2025-04
CUST-200586,2025-06-11,treatment,0.559,0.064,2025-06
CUST-200587,2025-01-19,treatment,0.621,0.077,2025-01
CUST-200588,2025-07-16,treatment,0.342,0.04,2025-07
CUST-200589,2026-01-01,treatment,0.503,0.079,2026-01
CUST-200590,2025-10-16,control,0.379,0.047,2025-10
CUST-200591,2026-01-10,control,0.329,0.051,2026-01
CUST-200592,2026-02-03,control,0.389,0.09,2026-02
CUST-200593,2025-01-22,control,0.349,0.043,2025-01
CUST-200594,2025-05-29,treatment,0.429,0.051,2025-05
CUST-200595,2025-03-22,control,0.426,0.06,2025-03
CUST-200596,2025-09-28,treatment,0.623,0.066,2025-09
CUST-200597,2025-01-15,treatment,0.646,0.022,2025-01
CUST-200598,2025-09-26,control,0.471,0.04,2025-09
CUST-200599,2025-06-04,control,0.392,0.052,2025-06
CUST-200600,2025-03-15,control,0.52,0.053,2025-03
CUST-200601,2025-03-25,control,0.421,0.067,2025-03
CUST-200602,2025-09-15,control,0.371,0.041,2025-09
CUST-200603,2025-07-09,treatment,0.564,0.045,2025-07
CUST-200604,2025-12-18,control,0.546,0.05,2025-12
CUST-200605,2026-01-27,treatment,0.406,0.053,2026-01
CUST-200606,2025-08-11,control,0.37,0.078,2025-08
CUST-200607,2025-10-03,treatment,0.612,0.081,2025-10
CUST-200608,2025-07-11,control,0.485,0.063,2025-07
CUST-200609,2025-06-06,treatment,0.541,0.089,2025-06
CUST-200610,2025-09-17,treatment,0.611,0.01,2025-09
CUST-200611,2025-01-06,control,0.544,0.068,2025-01
CUST-200612,2025-11-19,treatment,0.516,0.079,2025-11
CUST-200613,2025-10-01,control,0.603,0.057,2025-10
CUST-200614,2025-04-01,control,0.623,0.083,2025-04
CUST-200615,2025-01-02,treatment,0.471,0.041,2025-01
CUST-200616,2025-03-07,treatment,0.499,0.059,2025-03
CUST-200617,2025-10-08,treatment,0.456,0.046,2025-10
CUST-200618,2025-09-18,control,0.491,0.03,2025-09
CUST-200619,2025-09-24,treatment,0.374,0.05,2025-09
CUST-200620,2025-01-14,treatment,0.437,0.062,2025-01
CUST-200621,2025-01-07,treatment,0.537,0.038,2025-01
CUST-200622,2025-11-27,control,0.467,0.056,2025-11
CUST-200623,2025-07-01,treatment,0.469,0.05,2025-07
CUST-200624,2025-05-01,control,0.291,0.074,2025-05
CUST-200625,2025-02-01,control,0.515,0.077,2025-02
CUST-200626,2025-02-14,treatment,0.458,0.054,2025-02
CUST-200627,2025-10-24,treatment,0.513,0.029,2025-10
CUST-200628,2025-11-02,treatment,0.465,0.078,2025-11
CUST-200629,2025-04-23,treatment,0.65,0.054,2025-04
CUST-200630,2025-03-31,treatment,0.417,0.079,2025-03
CUST-200631,2025-05-01,treatment,0.545,0.027,2025-05
CUST-200632,2025-06-10,treatment,0.604,0.041,2025-06
CUST-200633,2025-12-06,control,0.403,0.043,2025-12
CUST-200634,2025-06-15,control,0.414,0.046,2025-06
CUST-200635,2025-11-05,treatment,0.543,0.063,2025-11
CUST-200636,2025-11-25,control,0.368,0.035,2025-11
CUST-200637,2025-08-27,control,0.376,0.069,2025-08
CUST-200638,2025-04-16,control,0.463,0.078,2025-04
CUST-200639,2026-01-30,control,0.449,0.062,2026-01
CUST-200640,2025-09-11,control,0.423,0.059,2025-09
CUST-200641,2025-10-05,treatment,0.444,0.071,2025-10
CUST-200642,2026-02-04,treatment,0.391,0.0,2026-02
CUST-200643,2025-09-02,treatment,0.499,0.073,2025-09
CUST-200644,2025-08-28,control,0.478,0.069,2025-08
CUST-200645,2025-11-28,control,0.391,0.064,2025-11
CUST-200646,2025-02-26,treatment,0.576,0.042,2025-02
CUST-200647,2026-01-21,control,0.452,0.066,2026-01
CUST-200648,2025-04-24,control,0.243,0.094,2025-04
CUST-200649,2026-01-23,control,0.32,0.079,2026-01
CUST-200650,2025-08-03,control,0.379,0.036,2025-08
CUST-200651,2025-12-19,treatment,0.53,0.033,2025-12
CUST-200652,2025-05-09,control,0.38,0.064,2025-05
CUST-200653,2025-10-31,treatment,0.551,0.023,2025-10
CUST-200654,2025-07-26,treatment,0.57,0.039,2025-07
CUST-200655,2025-09-16,treatment,0.53,0.04,2025-09
CUST-200656,2025-08-06,control,0.239,0.063,2025-08
CUST-200657,2026-01-30,control,0.453,0.064,2026-01
CUST-200658,2025-10-22,treatment,0.504,0.057,2025-10
CUST-200659,2025-04-11,treatment,0.586,0.037,2025-04
CUST-200660,2025-09-07,treatment,0.476,0.034,2025-09
CUST-200661,2025-05-27,control,0.44,0.047,2025-05
CUST-200662,2025-10-07,treatment,0.546,0.084,2025-10
CUST-200663,2025-07-11,control,0.419,0.044,2025-07
CUST-200664,2025-03-29,treatment,0.488,0.038,2025-03
CUST-200665,2025-03-31,treatment,0.466,0.0,2025-03
CUST-200666,2025-06-19,treatment,0.454,0.043,2025-06
CUST-200667,2025-07-13,treatment,0.379,0.032,2025-07
CUST-200668,2025-11-27,control,0.482,0.078,2025-11
CUST-200669,2025-09-13,treatment,0.558,0.043,2025-09
CUST-200670,2025-10-28,control,0.447,0.053,2025-10
CUST-200671,2025-03-01,treatment,0.457,0.041,2025-03
CUST-200672,2025-03-14,treatment,0.442,0.026,2025-03
CUST-200673,2025-01-15,control,0.326,0.04,2025-01
CUST-200674,2025-01-26,control,0.181,0.074,2025-01
CUST-200675,2025-02-28,control,0.37,0.046,2025-02
CUST-200676,2025-09-19,treatment,0.333,0.03,2025-09
CUST-200677,2025-07-02,treatment,0.534,0.066,2025-07
CUST-200678,2025-06-27,treatment,0.503,0.075,2025-06
CUST-200679,2025-10-23,control,0.604,0.057,2025-10
CUST-200680,2025-06-14,treatment,0.514,0.061,2025-06
CUST-200681,2025-01-03,control,0.423,0.028,2025-01
CUST-200682,2025-01-11,treatment,0.604,0.056,2025-01
CUST-200683,2025-03-13,treatment,0.504,0.085,2025-03
CUST-200684,2025-06-02,treatment,0.591,0.038,2025-06
CUST-200685,2025-12-20,treatment,0.555,0.051,2025-12
CUST-200686,2025-03-13,control,0.509,0.032,2025-03
CUST-200687,2025-10-21,treatment,0.454,0.019,2025-10
CUST-200688,2025-01-14,control,0.382,0.061,2025-01
CUST-200689,2025-02-13,treatment,0.455,0.015,2025-02
CUST-200690,2025-06-09,control,0.392,0.062,2025-06
CUST-200691,2025-09-12,treatment,0.369,0.061,2025-09
CUST-200692,2025-11-26,treatment,0.568,0.028,2025-11
CUST-200693,2025-10-24,treatment,0.55,0.056,2025-10
CUST-200694,2025-12-23,control,0.541,0.049,2025-12
CUST-200695,2025-06-23,treatment,0.382,0.024,2025-06
CUST-200696,2025-04-06,treatment,0.591,0.043,2025-04
CUST-200697,2025-06-18,treatment,0.48,0.055,2025-06
CUST-200698,2025-04-20,control,0.416,0.116,2025-04
CUST-200699,2025-05-23,control,0.423,0.028,2025-05
CUST-200700,2025-02-09,treatment,0.587,0.034,2025-02
CUST-200701,2025-11-04,control,0.439,0.026,2025-11
CUST-200702,2025-12-30,control,0.424,0.06,2025-12
CUST-200703,2025-02-08,control,0.383,0.058,2025-02
CUST-200704,2025-01-27,treatment,0.502,0.053,2025-01
CUST-200705,2025-11-18,control,0.338,0.054,2025-11
CUST-200706,2026-01-10,treatment,0.675,0.073,2026-01
CUST-200707,2025-01-07,control,0.314,0.066,2025-01
CUST-200708,2025-09-14,treatment,0.461,0.078,2025-09
CUST-200709,2025-06-15,control,0.359,0.084,2025-06
CUST-200710,2025-11-11,control,0.407,0.048,2025-11
CUST-200711,2025-07-26,treatment,0.403,0.026,2025-07
CUST-200712,2025-03-29,treatment,0.446,0.066,2025-03
CUST-200713,2025-04-27,treatment,0.398,0.042,2025-04
CUST-200714,2025-09-01,control,0.431,0.069,2025-09
CUST-200715,2025-04-14,control,0.338,0.055,2025-04
CUST-200716,2025-02-13,control,0.527,0.073,2025-02
CUST-200717,2025-08-01,control,0.357,0.031,2025-08
CUST-200718,2025-09-21,treatment,0.447,0.079,2025-09
CUST-200719,2025-11-16,control,0.366,0.062,2025-11
CUST-200720,2025-08-29,treatment,0.655,0.035,2025-08
CUST-200721,2025-06-10,control,0.336,0.084,2025-06
CUST-200722,2025-11-26,treatment,0.561,0.026,2025-11
CUST-200723,2025-07-02,treatment,0.472,0.005,2025-07
CUST-200724,2025-09-15,treatment,0.509,0.04,2025-09
CUST-200725,2025-12-27,control,0.45,0.063,2025-12
CUST-200726,2026-01-24,treatment,0.435,0.049,2026-01
CUST-200727,2025-06-27,control,0.437,0.084,2025-06
CUST-200728,2025-07-16,treatment,0.589,0.068,2025-07
CUST-200729,2025-12-14,treatment,0.545,0.049,2025-12
CUST-200730,2025-08-09,treatment,0.555,0.054,2025-08
CUST-200731,2025-10-29,control,0.447,0.035,2025-10
CUST-200732,2025-01-31,treatment,0.461,0.067,2025-01
CUST-200733,2025-11-26,control,0.374,0.072,2025-11
CUST-200734,2025-02-13,control,0.476,0.074,2025-02
CUST-200735,2025-06-05,control,0.407,0.027,2025-06
CUST-200736,2025-03-11,treatment,0.492,0.04,2025-03
CUST-200737,2026-01-07,control,0.408,0.074,2026-01
CUST-200738,2025-02-17,control,0.295,0.017,2025-02
CUST-200739,2025-08-07,control,0.486,0.056,2025-08
CUST-200740,2025-02-24,treatment,0.578,0.038,2025-02
CUST-200741,2025-01-08,treatment,0.485,0.06,2025-01
CUST-200742,2025-04-15,treatment,0.538,0.049,2025-04
CUST-200743,2025-02-01,treatment,0.488,0.037,2025-02
CUST-200744,2025-04-22,control,0.361,0.045,2025-04
CUST-200745,2025-03-06,control,0.545,0.065,2025-03
CUST-200746,2025-10-06,control,0.419,0.038,2025-10
CUST-200747,2025-03-10,control,0.399,0.056,2025-03
CUST-200748,2025-07-14,treatment,0.361,0.027,2025-07
CUST-200749,2025-01-01,treatment,0.6,0.035,2025-01
CUST-200750,2026-01-06,control,0.301,0.036,2026-01
CUST-200751,2025-06-26,control,0.327,0.055,2025-06
CUST-200752,2025-05-18,treatment,0.314,0.049,2025-05
CUST-200753,2025-05-10,control,0.387,0.08,2025-05
CUST-200754,2025-01-26,treatment,0.623,0.066,2025-01
CUST-200755,2025-04-14,control,0.389,0.098,2025-04
CUST-200756,2025-12-04,treatment,0.51,0.056,2025-12
CUST-200757,2025-06-04,control,0.404,0.071,2025-06
CUST-200758,2025-12-04,treatment,0.499,0.027,2025-12
CUST-200759,2025-03-13,control,0.436,0.091,2025-03
CUST-200760,2025-05-26,control,0.325,0.091,2025-05
CUST-200761,2025-09-10,control,0.641,0.061,2025-09
CUST-200762,2025-01-29,treatment,0.656,0.064,2025-01
CUST-200763,2025-05-22,control,0.466,0.055,2025-05
CUST-200764,2025-12-19,control,0.454,0.045,2025-12
CUST-200765,2025-07-17,control,0.525,0.06,2025-07
CUST-200766,2026-01-09,control,0.495,0.077,2026-01
CUST-200767,2025-02-26,treatment,0.431,0.061,2025-02
CUST-200768,2026-02-03,control,0.423,0.063,2026-02
CUST-200769,2025-12-18,control,0.513,0.095,2025-12
CUST-200770,2025-06-06,treatment,0.557,0.054,2025-06
CUST-200771,2025-08-13,control,0.483,0.1,2025-08
CUST-200772,2025-02-20,treatment,0.553,0.071,2025-02
CUST-200773,2025-03-04,control,0.355,0.072,2025-03
CUST-200774,2025-06-01,control,0.389,0.076,2025-06
CUST-200775,2025-05-11,treatment,0.604,0.048,2025-05
CUST-200776,2025-08-23,treatment,0.484,0.044,2025-08
CUST-200777,2025-12-28,treatment,0.498,0.038,2025-12
CUST-200778,2025-01-18,control,0.593,0.102,2025-01
CUST-200779,2025-12-02,control,0.473,0.065,2025-12
CUST-200780,2025-04-20,control,0.44,0.051,2025-04
CUST-200781,2025-09-18,treatment,0.631,0.076,2025-09
CUST-200782,2026-01-12,control,0.504,0.065,2026-01
CUST-200783,2025-10-21,control,0.437,0.059,2025-10
CUST-200784,2025-01-18,control,0.293,0.046,2025-01
CUST-200785,2025-08-26,treatment,0.561,0.025,2025-08
CUST-200786,2025-03-02,control,0.487,0.075,2025-03
CUST-200787,2025-04-12,treatment,0.552,0.03,2025-04
CUST-200788,2025-08-21,treatment,0.495,0.013,2025-08
CUST-200789,2025-08-22,control,0.389,0.082,2025-08
CUST-200790,2026-01-19,treatment,0.518,0.036,2026-01
CUST-200791,2025-04-24,treatment,0.423,0.049,2025-04
CUST-200792,2026-01-12,treatment,0.527,0.041,2026-01
CUST-200793,2025-06-24,control,0.476,0.094,2025-06
CUST-200794,2025-04-14,control,0.39,0.052,2025-04
CUST-200795,2025-09-07,treatment,0.457,0.075,2025-09
CUST-200796,2025-09-03,control,0.565,0.091,2025-09
CUST-200797,2025-12-26,treatment,0.51,0.054,2025-12
CUST-200798,2026-01-22,control,0.364,0.044,2026-01
CUST-200799,2025-09-23,treatment,0.453,0.006,2025-09
CUST-200800,2025-09-09,control,0.405,0.065,2025-09
CUST-200801,2025-04-25,control,0.346,0.092,2025-04
CUST-200802,2025-03-30,treatment,0.512,0.039,2025-03
CUST-200803,2025-08-26,control,0.311,0.083,2025-08
CUST-200804,2025-10-05,control,0.274,0.052,2025-10
CUST-200805,2025-05-28,control,0.369,0.079,2025-05
CUST-200806,2025-07-24,control,0.44,0.084,2025-07
CUST-200807,2025-08-18,control,0.517,0.059,2025-08
CUST-200808,2025-07-17,treatment,0.507,0.063,2025-07
CUST-200809,2025-01-19,treatment,0.506,0.065,2025-01
CUST-200810,2025-07-15,control,0.241,0.047,2025-07
CUST-200811,2025-03-27,treatment,0.65,0.007,2025-03
CUST-200812,2025-02-15,control,0.345,0.028,2025-02
CUST-200813,2025-07-07,control,0.376,0.038,2025-07
CUST-200814,2025-11-12,control,0.253,0.095,2025-11
CUST-200815,2025-11-15,control,0.43,0.065,2025-11
CUST-200816,2025-05-19,control,0.625,0.063,2025-05
CUST-200817,2025-08-16,treatment,0.529,0.046,2025-08
CUST-200818,2025-03-15,control,0.356,0.041,2025-03
CUST-200819,2025-04-23,control,0.408,0.06,2025-04
CUST-200820,2025-06-26,treatment,0.626,0.026,2025-06
CUST-200821,2025-06-05,treatment,0.535,0.051,2025-06
CUST-200822,2025-09-15,control,0.385,0.03,2025-09
CUST-200823,2025-10-26,control,0.505,0.054,2025-10
CUST-200824,2025-08-10,control,0.539,0.075,2025-08
CUST-200825,2025-01-12,control,0.506,0.072,2025-01
CUST-200826,2025-11-24,control,0.361,0.062,2025-11
CUST-200827,2025-07-02,treatment,0.625,0.05,2025-07
CUST-200828,2025-12-04,control,0.404,0.087,2025-12
CUST-200829,2025-04-20,treatment,0.475,0.046,2025-04
CUST-200830,2025-09-06,control,0.363,0.046,2025-09
CUST-200831,2025-04-08,treatment,0.406,0.053,2025-04
CUST-200832,2025-08-09,control,0.377,0.058,2025-08
CUST-200833,2025-12-01,control,0.305,0.056,2025-12
CUST-200834,2025-08-15,treatment,0.467,0.06,2025-08
CUST-200835,2026-02-04,treatment,0.526,0.038,2026-02
CUST-200836,2025-06-07,control,0.381,0.035,2025-06
CUST-200837,2025-02-20,control,0.326,0.047,2025-02
CUST-200838,2025-07-07,control,0.309,0.019,2025-07
CUST-200839,2025-11-30,control,0.436,0.091,2025-11
CUST-200840,2025-07-30,control,0.47,0.096,2025-07
CUST-200841,2025-09-02,control,0.408,0.063,2025-09
CUST-200842,2025-11-17,treatment,0.57,0.025,2025-11
CUST-200843,2025-04-16,treatment,0.404,0.058,2025-04
CUST-200844,2025-10-26,control,0.342,0.069,2025-10
CUST-200845,2026-01-17,control,0.451,0.094,2026-01
CUST-200846,2025-03-20,control,0.318,0.034,2025-03
CUST-200847,2025-03-16,control,0.405,0.036,2025-03
CUST-200848,2026-01-27,treatment,0.462,0.02,2026-01
CUST-200849,2026-01-24,treatment,0.42,0.05,2026-01
CUST-200850,2026-01-22,control,0.374,0.038,2026-01
CUST-200851,2025-12-09,treatment,0.665,0.06,2025-12
CUST-200852,2025-04-22,control,0.436,0.102,2025-04
CUST-200853,2025-08-13,control,0.601,0.088,2025-08
CUST-200854,2026-02-04,control,0.408,0.03,2026-02
CUST-200855,2025-10-09,control,0.447,0.069,2025-10
CUST-200856,2025-07-30,treatment,0.308,0.054,2025-07
CUST-200857,2025-09-01,treatment,0.519,0.071,2025-09
CUST-200858,2025-04-01,treatment,0.415,0.042,2025-04
CUST-200859,2025-05-21,control,0.361,0.052,2025-05
CUST-200860,2025-10-16,treatment,0.587,0.04,2025-10
CUST-200861,2026-01-21,control,0.435,0.017,2026-01
CUST-200862,2025-01-20,control,0.297,0.053,2025-01
CUST-200863,2025-06-15,treatment,0.423,0.04,2025-06
CUST-200864,2025-10-03,treatment,0.55,0.063,2025-10
CUST-200865,2025-07-05,control,0.412,0.065,2025-07
CUST-200866,2025-12-01,treatment,0.591,0.034,2025-12
CUST-200867,2025-09-16,control,0.291,0.081,2025-09
CUST-200868,2025-05-21,control,0.479,0.064,2025-05
CUST-200869,2025-11-02,treatment,0.537,0.026,2025-11
CUST-200870,2025-05-14,control,0.347,0.046,2025-05
CUST-200871,2025-06-15,control,0.388,0.046,2025-06
CUST-200872,2025-04-19,control,0.498,0.062,2025-04
CUST-200873,2026-02-04,control,0.218,0.041,2026-02
CUST-200874,2025-06-12,treatment,0.582,0.072,2025-06
CUST-200875,2026-01-17,control,0.482,0.067,2026-01
CUST-200876,2025-08-18,treatment,0.607,0.056,2025-08
CUST-200877,2025-02-20,control,0.425,0.059,2025-02
CUST-200878,2025-11-01,treatment,0.377,0.04,2025-11
CUST-200879,2025-03-20,treatment,0.366,0.05,2025-03
CUST-200880,2025-12-21,treatment,0.464,0.042,2025-12
CUST-200881,2026-01-21,control,0.512,0.083,2026-01
CUST-200882,2025-08-08,control,0.395,0.03,2025-08
CUST-200883,2025-06-09,treatment,0.539,0.033,2025-06
CUST-200884,2025-07-09,treatment,0.412,0.05,2025-07
CUST-200885,2025-11-07,control,0.402,0.019,2025-11
CUST-200886,2025-05-30,treatment,0.344,0.063,2025-05
CUST-200887,2025-01-21,control,0.518,0.067,2025-01
CUST-200888,2025-08-27,treatment,0.494,0.065,2025-08
CUST-200889,2025-10-23,treatment,0.458,0.0,2025-10
CUST-200890,2025-02-27,control,0.414,0.081,2025-02
CUST-200891,2025-05-24,control,0.395,0.091,2025-05
CUST-200892,2025-07-06,treatment,0.449,0.052,2025-07
CUST-200893,2025-09-03,control,0.424,0.083,2025-09
CUST-200894,2025-07-23,control,0.39,0.063,2025-07
CUST-200895,2025-10-29,control,0.509,0.067,2025-10
CUST-200896,2025-09-09,control,0.507,0.066,2025-09
CUST-200897,2025-10-13,treatment,0.368,0.113,2025-10
CUST-200898,2025-01-28,treatment,0.477,0.054,2025-01
CUST-200899,2026-01-03,treatment,0.608,0.031,2026-01
CUST-200900,2025-06-21,control,0.372,0.05,2025-06
CUST-200901,2025-06-19,control,0.541,0.089,2025-06
CUST-200902,2025-11-01,control,0.376,0.052,2025-11
CUST-200903,2025-06-16,treatment,0.379,0.06,2025-06
CUST-200904,2025-11-10,treatment,0.451,0.031,2025-11
CUST-200905,2025-11-26,control,0.398,0.087,2025-11
CUST-200906,2025-08-06,control,0.394,0.077,2025-08
CUST-200907,2025-08-15,control,0.288,0.072,2025-08
CUST-200908,2025-12-15,control,0.315,0.096,2025-12
CUST-200909,2025-10-26,control,0.366,0.035,2025-10
CUST-200910,2025-10-29,control,0.34,0.101,2025-10
CUST-200911,2025-10-07,treatment,0.631,0.077,2025-10
CUST-200912,2025-11-15,control,0.424,0.083,2025-11
CUST-200913,2025-11-04,control,0.559,0.064,2025-11
CUST-200914,2025-11-14,treatment,0.581,0.064,2025-11
CUST-200915,2025-06-12,treatment,0.617,0.063,2025-06
CUST-200916,2025-10-19,control,0.346,0.071,2025-10
CUST-200917,2025-07-26,treatment,0.556,0.099,2025-07
CUST-200918,2025-12-09,treatment,0.635,0.036,2025-12
CUST-200919,2025-07-17,treatment,0.543,0.037,2025-07
CUST-200920,2025-02-08,treatment,0.512,0.041,2025-02
CUST-200921,2025-11-22,treatment,0.617,0.032,2025-11
CUST-200922,2025-07-21,control,0.294,0.045,2025-07
CUST-200923,2025-01-17,treatment,0.393,0.05,2025-01
CUST-200924,2025-11-27,treatment,0.612,0.068,2025-11
CUST-200925,2025-01-21,treatment,0.606,0.072,2025-01
CUST-200926,2025-02-13,treatment,0.47,0.024,2025-02
CUST-200927,2025-10-12,treatment,0.29,0.048,2025-10
CUST-200928,2025-03-04,treatment,0.349,0.012,2025-03
CUST-200929,2025-04-18,control,0.459,0.076,2025-04
CUST-200930,2025-06-10,treatment,0.485,0.062,2025-06
CUST-200931,2026-01-25,treatment,0.39,0.035,2026-01
CUST-200932,2025-08-14,control,0.482,0.067,2025-08
CUST-200933,2026-01-24,control,0.386,0.048,2026-01
CUST-200934,2025-10-17,treatment,0.422,0.0,2025-10
CUST-200935,2025-04-26,treatment,0.528,0.009,2025-04
CUST-200936,2025-08-13,treatment,0.552,0.01,2025-08
CUST-200937,2025-05-15,control,0.299,0.067,2025-05
CUST-200938,2025-03-28,treatment,0.367,0.042,2025-03
CUST-200939,2025-08-02,control,0.334,0.063,2025-08
CUST-200940,2025-12-06,control,0.448,0.065,2025-12
CUST-200941,2025-11-12,treatment,0.574,0.049,2025-11
CUST-200942,2025-04-16,control,0.334,0.056,2025-04
CUST-200943,2025-04-14,control,0.366,0.079,2025-04
CUST-200944,2025-12-10,treatment,0.36,0.02,2025-12
CUST-200945,2025-09-10,treatment,0.535,0.043,2025-09
CUST-200946,2025-07-18,control,0.365,0.07,2025-07
CUST-200947,2025-11-26,treatment,0.517,0.059,2025-11
CUST-200948,2025-01-17,control,0.398,0.038,2025-01
CUST-200949,2025-10-29,control,0.426,0.04,2025-10
CUST-200950,2025-07-11,control,0.254,0.032,2025-07
CUST-200951,2025-07-14,control,0.404,0.039,2025-07
CUST-200952,2025-09-19,control,0.438,0.069,2025-09
CUST-200953,2025-04-01,treatment,0.373,0.065,2025-04
CUST-200954,2025-12-18,control,0.512,0.052,2025-12
CUST-200955,2025-02-03,control,0.494,0.053,2025-02
CUST-200956,2025-08-21,control,0.499,0.036,2025-08
CUST-200957,2025-07-10,treatment,0.543,0.068,2025-07
CUST-200958,2026-02-01,treatment,0.533,0.0,2026-02
CUST-200959,2025-09-18,treatment,0.705,0.076,2025-09
CUST-200960,2025-06-02,control,0.317,0.088,2025-06
CUST-200961,2025-06-18,control,0.51,0.05,2025-06
CUST-200962,2025-04-09,treatment,0.47,0.059,2025-04
CUST-200963,2025-01-21,treatment,0.356,0.071,2025-01
CUST-200964,2025-06-27,treatment,0.533,0.033,2025-06
CUST-200965,2025-01-09,treatment,0.566,0.032,2025-01
CUST-200966,2025-09-21,treatment,0.613,0.074,2025-09
CUST-200967,2025-12-27,treatment,0.557,0.029,2025-12
CUST-200968,2025-02-07,treatment,0.558,0.04,2025-02
CUST-200969,2026-01-24,treatment,0.546,0.06,2026-01
CUST-200970,2025-02-06,control,0.326,0.07,2025-02
CUST-200971,2025-07-10,treatment,0.502,0.043,2025-07
CUST-200972,2025-09-07,treatment,0.53,0.066,2025-09
CUST-200973,2025-09-14,treatment,0.465,0.031,2025-09
CUST-200974,2025-06-03,control,0.398,0.059,2025-06
CUST-200975,2025-01-18,treatment,0.349,0.078,2025-01
CUST-200976,2025-11-10,control,0.449,0.11,2025-11
CUST-200977,2025-07-05,treatment,0.586,0.037,2025-07
CUST-200978,2025-04-16,treatment,0.501,0.069,2025-04
CUST-200979,2025-06-30,treatment,0.553,0.028,2025-06
CUST-200980,2025-06-23,treatment,0.531,0.049,2025-06
CUST-200981,2025-08-27,control,0.499,0.054,2025-08
CUST-200982,2025-07-26,treatment,0.672,0.032,2025-07
CUST-200983,2025-08-28,control,0.39,0.081,2025-08
CUST-200984,2026-01-12,treatment,0.597,0.033,2026-01
CUST-200985,2026-01-04,treatment,0.407,0.051,2026-01
CUST-200986,2025-01-03,control,0.377,0.101,2025-01
CUST-200987,2025-09-15,control,0.317,0.049,2025-09
CUST-200988,2025-03-28,control,0.487,0.076,2025-03
CUST-200989,2025-01-28,treatment,0.511,0.035,2025-01
CUST-200990,2025-02-06,control,0.306,0.058,2025-02
CUST-200991,2025-09-13,control,0.509,0.086,2025-09
CUST-200992,2026-02-01,treatment,0.376,0.033,2026-02
CUST-200993,2025-11-09,treatment,0.569,0.048,2025-11
CUST-200994,2025-02-22,control,0.438,0.066,2025-02
CUST-200995,2025-03-26,control,0.232,0.046,2025-03
CUST-200996,2025-11-26,treatment,0.46,0.035,2025-11
CUST-200997,2025-08-31,treatment,0.485,0.076,2025-08
CUST-200998,2025-07-28,treatment,0.431,0.066,2025-07
CUST-200999,2025-03-15,treatment,0.561,0.078,2025-03
CUST-201000,2025-11-09,treatment,0.514,0.036,2025-11
CUST-201001,2025-11-30,treatment,0.58,0.061,2025-11
CUST-201002,2025-05-01,treatment,0.447,0.093,2025-05
CUST-201003,2026-02-04,treatment,0.502,0.067,2026-02
CUST-201004,2025-07-10,treatment,0.457,0.04,2025-07
CUST-201005,2025-01-16,treatment,0.629,0.054,2025-01
CUST-201006,2026-01-27,treatment,0.545,0.03,2026-01
CUST-201007,2025-03-19,treatment,0.422,0.046,2025-03
CUST-201008,2025-02-08,control,0.48,0.08,2025-02
CUST-201009,2025-07-01,control,0.426,0.07,2025-07
CUST-201010,2025-09-06,control,0.475,0.052,2025-09
CUST-201011,2025-09-09,treatment,0.41,0.047,2025-09
CUST-201012,2026-01-19,treatment,0.315,0.079,2026-01
CUST-201013,2025-07-04,control,0.423,0.047,2025-07
CUST-201014,2025-02-20,control,0.351,0.075,2025-02
CUST-201015,2025-07-01,control,0.469,0.099,2025-07
CUST-201016,2025-12-03,treatment,0.584,0.06,2025-12
CUST-201017,2025-01-05,control,0.339,0.049,2025-01
CUST-201018,2025-04-21,control,0.548,0.077,2025-04
CUST-201019,2025-09-28,control,0.437,0.021,2025-09
CUST-201020,2025-03-22,control,0.38,0.062,2025-03
CUST-201021,2025-07-14,treatment,0.565,0.028,2025-07
CUST-201022,2025-03-08,treatment,0.526,0.043,2025-03
CUST-201023,2025-02-20,control,0.399,0.018,2025-02
CUST-201024,2025-10-22,control,0.309,0.082,2025-10
CUST-201025,2025-11-08,control,0.317,0.033,2025-11
CUST-201026,2025-01-15,treatment,0.499,0.048,2025-01
CUST-201027,2025-08-03,treatment,0.567,0.051,2025-08
CUST-201028,2025-06-18,treatment,0.307,0.055,2025-06
CUST-201029,2025-05-28,treatment,0.51,0.019,2025-05
CUST-201030,2025-10-06,control,0.398,0.057,2025-10
CUST-201031,2025-09-13,control,0.496,0.06,2025-09
CUST-201032,2025-02-25,treatment,0.282,0.041,2025-02
CUST-201033,2026-01-24,treatment,0.585,0.051,2026-01
CUST-201034,2025-03-31,treatment,0.435,0.083,2025-03
CUST-201035,2025-08-07,control,0.435,0.048,2025-08
CUST-201036,2025-03-02,control,0.639,0.044,2025-03
CUST-201037,2025-08-29,control,0.551,0.086,2025-08
CUST-201038,2025-01-11,control,0.433,0.094,2025-01
CUST-201039,2025-04-18,control,0.279,0.095,2025-04
CUST-201040,2025-07-02,control,0.363,0.058,2025-07
CUST-201041,2025-02-09,control,0.512,0.058,2025-02
CUST-201042,2025-07-18,control,0.385,0.046,2025-07
CUST-201043,2025-08-21,treatment,0.423,0.037,2025-08
CUST-201044,2026-01-14,treatment,0.534,0.038,2026-01
CUST-201045,2025-05-30,treatment,0.436,0.058,2025-05
CUST-201046,2025-10-19,control,0.521,0.054,2025-10
CUST-201047,2025-04-16,treatment,0.414,0.036,2025-04
CUST-201048,2026-01-24,control,0.348,0.031,2026-01
CUST-201049,2026-01-21,control,0.459,0.092,2026-01
CUST-201050,2025-10-30,treatment,0.552,0.047,2025-10
CUST-201051,2025-03-27,treatment,0.518,0.051,2025-03
CUST-201052,2026-01-27,treatment,0.519,0.004,2026-01
CUST-201053,2025-06-09,control,0.595,0.036,2025-06
CUST-201054,2025-04-10,control,0.35,0.071,2025-04
CUST-201055,2025-06-10,control,0.39,0.03,2025-06
CUST-201056,2025-03-09,control,0.534,0.044,2025-03
CUST-201057,2025-05-24,control,0.37,0.058,2025-05
CUST-201058,2025-06-06,control,0.507,0.029,2025-06
CUST-201059,2026-02-03,control,0.446,0.076,2026-02
CUST-201060,2025-07-16,control,0.283,0.059,2025-07
CUST-201061,2025-10-24,treatment,0.449,0.039,2025-10
CUST-201062,2025-11-26,control,0.422,0.06,2025-11
CUST-201063,2026-01-13,control,0.279,0.052,2026-01
CUST-201064,2025-08-05,control,0.423,0.087,2025-08
CUST-201065,2025-08-22,control,0.346,0.077,2025-08
CUST-201066,2026-01-16,treatment,0.406,0.09,2026-01
CUST-201067,2025-09-30,treatment,0.912,0.052,2025-09
CUST-201068,2025-04-26,treatment,0.621,0.106,2025-04
CUST-201069,2025-08-26,control,0.5,0.044,2025-08
CUST-201070,2025-08-20,control,0.291,0.085,2025-08
CUST-201071,2025-08-23,treatment,0.404,0.042,2025-08
CUST-201072,2025-09-18,control,0.469,0.063,2025-09
CUST-201073,2025-06-22,control,0.212,0.063,2025-06
CUST-201074,2025-03-04,treatment,0.434,0.048,2025-03
CUST-201075,2025-05-26,control,0.341,0.062,2025-05
CUST-201076,2025-11-11,treatment,0.492,0.011,2025-11
CUST-201077,2026-02-04,control,0.506,0.055,2026-02
CUST-201078,2025-09-13,treatment,0.611,0.051,2025-09
CUST-201079,2025-11-08,control,0.467,0.063,2025-11
CUST-201080,2025-03-18,treatment,0.313,0.066,2025-03
CUST-201081,2025-11-10,treatment,0.432,0.046,2025-11
CUST-201082,2025-06-15,control,0.513,0.048,2025-06
CUST-201083,2025-10-09,control,0.476,0.082,2025-10
CUST-201084,2025-09-14,treatment,0.563,0.071,2025-09
CUST-201085,2025-11-01,treatment,0.392,0.055,2025-11
CUST-201086,2025-10-21,control,0.38,0.056,2025-10
CUST-201087,2025-09-16,control,0.516,0.053,2025-09
CUST-201088,2025-06-16,control,0.487,0.046,2025-06
CUST-201089,2025-11-22,control,0.487,0.037,2025-11
CUST-201090,2025-10-16,treatment,0.575,0.068,2025-10
CUST-201091,2025-02-25,treatment,0.475,0.067,2025-02
CUST-201092,2025-04-15,treatment,0.562,0.049,2025-04
CUST-201093,2025-04-18,treatment,0.542,0.026,2025-04
CUST-201094,2025-05-03,treatment,0.496,0.027,2025-05
CUST-201095,2025-10-09,control,0.363,0.068,2025-10
CUST-201096,2025-01-05,treatment,0.517,0.071,2025-01
CUST-201097,2025-04-15,treatment,0.53,0.023,2025-04
CUST-201098,2025-07-15,treatment,0.525,0.056,2025-07
CUST-201099,2025-03-13,treatment,0.49,0.07,2025-03
CUST-201100,2025-03-17,control,0.371,0.074,2025-03
CUST-201101,2025-06-22,treatment,0.534,0.028,2025-06
CUST-201102,2025-08-29,treatment,0.512,0.023,2025-08
CUST-201103,2025-05-14,control,0.45,0.056,2025-05
CUST-201104,2026-01-22,treatment,0.348,0.085,2026-01
CUST-201105,2025-06-17,treatment,0.393,0.059,2025-06
CUST-201106,2026-02-04,control,0.342,0.056,2026-02
CUST-201107,2025-08-14,treatment,0.398,0.074,2025-08
CUST-201108,2025-05-30,treatment,0.568,0.039,2025-05
CUST-201109,2025-02-15,treatment,0.497,0.042,2025-02
CUST-201110,2025-10-21,control,0.36,0.055,2025-10
CUST-201111,2025-08-04,treatment,0.441,0.029,2025-08
CUST-201112,2026-01-20,treatment,0.395,0.032,2026-01
CUST-201113,2026-01-22,control,0.266,0.029,2026-01
CUST-201114,2025-07-29,treatment,0.533,0.038,2025-07
CUST-201115,2025-04-09,control,0.614,0.123,2025-04
CUST-201116,2025-05-14,control,0.48,0.076,2025-05
CUST-201117,2025-01-29,control,0.419,0.054,2025-01
CUST-201118,2025-03-04,treatment,0.413,0.044,2025-03
CUST-201119,2025-06-15,treatment,0.484,0.027,2025-06
CUST-201120,2025-03-12,control,0.247,0.085,2025-03
CUST-201121,2025-12-09,treatment,0.523,0.028,2025-12
CUST-201122,2025-12-08,control,0.39,0.062,2025-12
CUST-201123,2025-03-12,control,0.294,0.055,2025-03
CUST-201124,2025-04-14,control,0.276,0.063,2025-04
CUST-201125,2025-11-27,control,0.452,0.034,2025-11
CUST-201126,2025-04-19,control,0.295,0.067,2025-04
CUST-201127,2025-04-15,treatment,0.673,0.019,2025-04
CUST-201128,2025-10-26,control,0.288,0.06,2025-10
CUST-201129,2025-06-10,control,0.481,0.087,2025-06
CUST-201130,2025-12-01,treatment,0.395,0.059,2025-12
CUST-201131,2025-07-31,control,0.449,0.063,2025-07
CUST-201132,2025-03-25,treatment,0.511,0.007,2025-03
CUST-201133,2025-03-03,treatment,0.502,0.085,2025-03
CUST-201134,2025-10-03,treatment,0.504,0.072,2025-10
CUST-201135,2025-06-29,control,0.344,0.054,2025-06
CUST-201136,2025-06-28,treatment,0.566,0.066,2025-06
CUST-201137,2025-09-30,treatment,0.563,0.072,2025-09
CUST-201138,2025-04-21,control,0.337,0.069,2025-04
CUST-201139,2026-02-04,treatment,0.4,0.064,2026-02
CUST-201140,2025-07-28,treatment,0.465,0.051,2025-07
CUST-201141,2025-12-11,treatment,0.563,0.038,2025-12
CUST-201142,2025-11-07,control,0.347,0.046,2025-11
CUST-201143,2025-09-01,treatment,0.47,0.049,2025-09
CUST-201144,2025-02-09,treatment,0.626,0.05,2025-02
CUST-201145,2025-10-22,treatment,0.552,0.084,2025-10
CUST-201146,2025-01-29,control,0.374,0.057,2025-01
CUST-201147,2025-10-22,treatment,0.587,0.085,2025-10
CUST-201148,2025-12-31,control,0.358,0.039,2025-12
CUST-201149,2025-08-02,treatment,0.346,0.088,2025-08
CUST-201150,2026-01-21,treatment,0.358,0.069,2026-01
CUST-201151,2025-09-08,treatment,0.496,0.011,2025-09
CUST-201152,2025-07-31,control,0.371,0.048,2025-07
CUST-201153,2025-08-01,control,0.383,0.047,2025-08
CUST-201154,2025-02-27,treatment,0.446,0.027,2025-02
CUST-201155,2025-01-27,control,0.372,0.077,2025-01
CUST-201156,2025-02-01,treatment,0.376,0.058,2025-02
CUST-201157,2025-12-25,control,0.461,0.067,2025-12
CUST-201158,2025-03-04,control,0.394,0.005,2025-03
CUST-201159,2025-09-12,control,0.49,0.042,2025-09
CUST-201160,2025-04-24,control,0.432,0.056,2025-04
CUST-201161,2025-06-03,control,0.365,0.114,2025-06
CUST-201162,2025-10-01,treatment,0.518,0.047,2025-10
CUST-201163,2025-12-15,control,0.428,0.058,2025-12
CUST-201164,2025-02-14,control,0.319,0.064,2025-02
CUST-201165,2025-07-29,control,0.431,0.092,2025-07
CUST-201166,2025-02-24,control,0.457,0.078,2025-02
CUST-201167,2025-03-22,control,0.216,0.081,2025-03
CUST-201168,2025-10-13,control,0.331,0.071,2025-10
CUST-201169,2025-01-12,treatment,0.574,0.034,2025-01
CUST-201170,2025-04-13,control,0.442,0.094,2025-04
CUST-201171,2025-08-12,treatment,0.509,0.01,2025-08
CUST-201172,2025-03-28,treatment,0.5,0.055,2025-03
CUST-201173,2025-06-04,control,0.406,0.025,2025-06
CUST-201174,2025-08-22,treatment,0.62,0.091,2025-08
CUST-201175,2025-12-27,control,0.306,0.055,2025-12
CUST-201176,2025-02-01,control,0.493,0.042,2025-02
CUST-201177,2025-07-23,control,0.439,0.072,2025-07
CUST-201178,2025-09-09,treatment,0.621,0.022,2025-09
CUST-201179,2025-07-11,treatment,0.559,0.045,2025-07
CUST-201180,2025-01-08,control,0.448,0.067,2025-01
CUST-201181,2025-11-01,control,0.407,0.058,2025-11
CUST-201182,2025-04-04,control,0.405,0.07,2025-04
CUST-201183,2025-02-09,control,0.546,0.071,2025-02
CUST-201184,2025-06-30,treatment,0.41,0.055,2025-06
CUST-201185,2025-03-18,control,0.347,0.091,2025-03
CUST-201186,2025-09-10,treatment,0.632,0.032,2025-09
CUST-201187,2025-08-04,control,0.462,0.055,2025-08
CUST-201188,2025-03-23,control,0.575,0.075,2025-03
CUST-201189,2026-01-03,control,0.367,0.039,2026-01
CUST-201190,2025-12-18,control,0.421,0.008,2025-12
CUST-201191,2025-05-06,treatment,0.646,0.056,2025-05
CUST-201192,2026-01-03,control,0.451,0.085,2026-01
CUST-201193,2025-05-11,treatment,0.616,0.045,2025-05
CUST-201194,2025-07-12,control,0.363,0.057,2025-07
CUST-201195,2025-08-15,control,0.46,0.049,2025-08
CUST-201196,2025-04-19,control,0.292,0.048,2025-04
CUST-201197,2025-08-29,treatment,0.59,0.074,2025-08
CUST-201198,2025-02-14,control,0.438,0.107,2025-02
CUST-201199,2025-08-31,control,0.463,0.074,2025-08
CUST-201200,2026-01-11,treatment,0.406,0.039,2026-01
CUST-201201,2025-05-10,control,0.444,0.07,2025-05
CUST-201202,2025-02-23,treatment,0.553,0.058,2025-02
CUST-201203,2025-08-20,control,0.332,0.056,2025-08
CUST-201204,2025-04-30,treatment,0.669,0.043,2025-04
CUST-201205,2025-10-25,control,0.45,0.041,2025-10
CUST-201206,2025-05-12,control,0.359,0.052,2025-05
CUST-201207,2025-01-26,control,0.368,0.033,2025-01
CUST-201208,2025-04-18,control,0.459,0.076,2025-04
CUST-201209,2025-11-27,treatment,0.51,0.07,2025-11
CUST-201210,2025-01-01,control,0.49,0.053,2025-01
CUST-201211,2025-12-21,treatment,0.545,0.08,2025-12
CUST-201212,2025-03-24,control,0.541,0.079,2025-03
CUST-201213,2025-04-20,treatment,0.557,0.09,2025-04
CUST-201214,2025-10-27,treatment,0.591,0.065,2025-10
CUST-201215,2026-01-09,treatment,0.55,0.044,2026-01
CUST-201216,2025-03-24,treatment,0.359,0.015,2025-03
CUST-201217,2025-12-31,treatment,0.568,0.058,2025-12
CUST-201218,2025-11-02,treatment,0.359,0.028,2025-11
CUST-201219,2025-01-11,control,0.417,0.039,2025-01
CUST-201220,2025-06-16,control,0.451,0.083,2025-06
CUST-201221,2025-04-12,control,0.361,0.081,2025-04
CUST-201222,2025-02-02,treatment,0.407,0.07,2025-02
CUST-201223,2026-01-05,control,0.517,0.085,2026-01
CUST-201224,2025-11-27,treatment,0.4,0.054,2025-11
CUST-201225,2025-12-16,treatment,0.647,0.019,2025-12
CUST-201226,2025-09-12,treatment,0.56,0.015,2025-09
CUST-201227,2025-10-19,control,0.284,0.076,2025-10
CUST-201228,2025-09-02,control,0.209,0.052,2025-09
CUST-201229,2025-01-19,treatment,0.451,0.044,2025-01
CUST-201230,2025-03-02,treatment,0.458,0.059,2025-03
CUST-201231,2025-12-22,treatment,0.468,0.034,2025-12
CUST-201232,2025-09-07,control,0.385,0.035,2025-09
CUST-201233,2025-05-10,control,0.469,0.039,2025-05
CUST-201234,2025-11-15,control,0.346,0.074,2025-11
CUST-201235,2025-07-31,control,0.411,0.037,2025-07
CUST-201236,2026-02-03,treatment,0.457,0.0,2026-02
CUST-201237,2025-07-19,treatment,0.48,0.067,2025-07
CUST-201238,2025-09-26,control,0.454,0.073,2025-09
CUST-201239,2026-01-29,treatment,0.535,0.059,2026-01
CUST-201240,2025-06-22,control,0.477,0.031,2025-06
CUST-201241,2026-01-07,treatment,0.55,0.096,2026-01
CUST-201242,2025-11-24,control,0.303,0.047,2025-11
CUST-201243,2025-01-15,control,0.455,0.063,2025-01
CUST-201244,2025-01-21,control,0.366,0.054,2025-01
CUST-201245,2025-02-06,treatment,0.547,0.045,2025-02
CUST-201246,2025-06-17,treatment,0.521,0.051,2025-06
CUST-201247,2025-11-21,control,0.354,0.071,2025-11
CUST-201248,2025-10-20,control,0.43,0.028,2025-10
CUST-201249,2025-10-23,control,0.414,0.063,2025-10
CUST-201250,2025-05-24,treatment,0.579,0.024,2025-05
CUST-201251,2025-01-18,control,0.454,0.018,2025-01
CUST-201252,2025-01-24,control,0.474,0.011,2025-01
CUST-201253,2025-02-25,control,0.448,0.067,2025-02
CUST-201254,2025-02-14,control,0.269,0.059,2025-02
CUST-201255,2026-01-14,control,0.476,0.072,2026-01
CUST-201256,2025-03-08,control,0.439,0.069,2025-03
CUST-201257,2025-05-08,control,0.609,0.066,2025-05
CUST-201258,2025-11-29,control,0.474,0.043,2025-11
CUST-201259,2025-03-25,treatment,0.631,0.062,2025-03
CUST-201260,2025-10-16,treatment,0.561,0.017,2025-10
CUST-201261,2025-07-06,control,0.432,0.05,2025-07
CUST-201262,2025-11-02,control,0.359,0.06,2025-11
CUST-201263,2025-05-01,treatment,0.504,0.065,2025-05
CUST-201264,2025-12-30,treatment,0.544,0.06,2025-12
CUST-201265,2025-10-20,control,0.389,0.07,2025-10
CUST-201266,2025-05-02,control,0.242,0.096,2025-05
CUST-201267,2025-09-24,control,0.346,0.101,2025-09
CUST-201268,2025-10-25,treatment,0.505,0.058,2025-10
CUST-201269,2026-01-30,treatment,0.68,0.073,2026-01
CUST-201270,2025-05-26,control,0.382,0.062,2025-05
CUST-201271,2026-01-26,control,0.625,0.062,2026-01
CUST-201272,2025-11-11,control,0.424,0.052,2025-11
CUST-201273,2025-06-24,control,0.399,0.048,2025-06
CUST-201274,2025-10-06,treatment,0.488,0.073,2025-10
CUST-201275,2025-08-15,treatment,0.545,0.069,2025-08
CUST-201276,2026-01-31,treatment,0.477,0.043,2026-01
CUST-201277,2025-01-25,control,0.415,0.056,2025-01
CUST-201278,2025-10-30,control,0.33,0.053,2025-10
CUST-201279,2025-11-30,control,0.318,0.058,2025-11
CUST-201280,2025-01-03,treatment,0.543,0.029,2025-01
CUST-201281,2025-07-23,control,0.275,0.067,2025-07
CUST-201282,2025-10-07,treatment,0.459,0.028,2025-10
CUST-201283,2025-12-06,treatment,0.538,0.047,2025-12
CUST-201284,2025-02-10,control,0.376,0.068,2025-02
CUST-201285,2025-04-22,control,0.381,0.08,2025-04
CUST-201286,2025-08-07,control,0.526,0.03,2025-08
CUST-201287,2025-09-15,treatment,0.581,0.044,2025-09
CUST-201288,2025-03-04,control,0.521,0.023,2025-03
CUST-201289,2025-11-26,control,0.351,0.047,2025-11
CUST-201290,2025-07-17,treatment,0.56,0.071,2025-07
CUST-201291,2025-06-10,treatment,0.542,0.044,2025-06
CUST-201292,2025-11-14,control,0.279,0.044,2025-11
CUST-201293,2025-07-25,treatment,0.421,0.04,2025-07
CUST-201294,2025-04-26,control,0.6,0.058,2025-04
CUST-201295,2025-06-24,control,0.367,0.079,2025-06
CUST-201296,2025-03-03,control,0.505,0.069,2025-03
CUST-201297,2025-12-04,treatment,0.522,0.046,2025-12
CUST-201298,2025-05-06,control,0.317,0.081,2025-05
CUST-201299,2025-05-20,control,0.557,0.038,2025-05
CUST-201300,2025-03-11,control,0.456,0.05,2025-03
CUST-201301,2025-05-30,control,0.398,0.019,2025-05
CUST-201302,2025-03-15,treatment,0.615,0.1,2025-03
CUST-201303,2025-01-19,control,0.299,0.039,2025-01
CUST-201304,2025-10-06,treatment,0.454,0.03,2025-10
CUST-201305,2025-05-31,treatment,0.581,0.007,2025-05
CUST-201306,2025-10-09,treatment,0.575,0.071,2025-10
CUST-201307,2025-03-31,treatment,0.586,0.034,2025-03
CUST-201308,2025-07-31,control,0.47,0.065,2025-07
CUST-201309,2025-03-25,treatment,0.488,0.046,2025-03
CUST-201310,2025-04-11,control,0.341,0.066,2025-04
CUST-201311,2026-01-23,control,0.358,0.048,2026-01
CUST-201312,2025-07-31,treatment,0.589,0.085,2025-07
CUST-201313,2025-01-03,control,0.347,0.056,2025-01
CUST-201314,2026-01-15,control,0.293,0.073,2026-01
CUST-201315,2025-11-25,treatment,0.622,0.041,2025-11
CUST-201316,2025-06-03,control,0.689,0.053,2025-06
CUST-201317,2025-04-07,treatment,0.528,0.04,2025-04
CUST-201318,2025-06-19,control,0.336,0.081,2025-06
CUST-201319,2025-11-06,treatment,0.585,0.029,2025-11
CUST-201320,2025-07-17,control,0.385,0.027,2025-07
CUST-201321,2025-03-11,treatment,0.493,0.057,2025-03
CUST-201322,2025-03-13,treatment,0.325,0.041,2025-03
CUST-201323,2026-02-02,control,0.287,0.047,2026-02
CUST-201324,2025-04-08,treatment,0.498,0.011,2025-04
CUST-201325,2025-08-20,treatment,0.433,0.066,2025-08
CUST-201326,2025-10-04,treatment,0.396,0.086,2025-10
CUST-201327,2025-03-03,control,0.455,0.014,2025-03
CUST-201328,2025-03-06,control,0.398,0.052,2025-03
CUST-201329,2025-05-05,control,0.402,0.067,2025-05
CUST-201330,2025-08-30,control,0.494,0.06,2025-08
CUST-201331,2025-12-05,treatment,0.496,0.045,2025-12
CUST-201332,2025-06-04,control,0.342,0.056,2025-06
CUST-201333,2025-04-25,control,0.49,0.066,2025-04
CUST-201334,2025-05-03,treatment,0.494,0.065,2025-05
CUST-201335,2025-11-06,treatment,0.49,0.04,2025-11
CUST-201336,2025-08-08,treatment,0.568,0.024,2025-08
CUST-201337,2025-09-05,treatment,0.463,0.052,2025-09
CUST-201338,2025-04-01,treatment,0.481,0.037,2025-04
CUST-201339,2025-09-14,treatment,0.474,0.077,2025-09
CUST-201340,2025-05-04,treatment,0.646,0.065,2025-05
CUST-201341,2025-12-21,control,0.535,0.032,2025-12
CUST-201342,2025-07-29,control,0.39,0.031,2025-07
CUST-201343,2025-03-04,control,0.526,0.045,2025-03
CUST-201344,2025-09-20,treatment,0.464,0.06,2025-09
CUST-201345,2025-01-11,treatment,0.586,0.088,2025-01
CUST-201346,2025-12-01,treatment,0.515,0.031,2025-12
CUST-201347,2025-06-12,control,0.53,0.051,2025-06
CUST-201348,2025-11-26,treatment,0.646,0.018,2025-11
CUST-201349,2026-01-11,treatment,0.456,0.034,2026-01
CUST-201350,2025-07-19,control,0.478,0.08,2025-07
CUST-201351,2025-02-14,control,0.585,0.038,2025-02
CUST-201352,2025-01-30,control,0.534,0.047,2025-01
CUST-201353,2025-05-08,control,0.41,0.046,2025-05
CUST-201354,2025-03-17,control,0.329,0.056,2025-03
CUST-201355,2025-10-13,treatment,0.58,0.02,2025-10
CUST-201356,2025-01-01,control,0.354,0.063,2025-01
CUST-201357,2025-10-13,control,0.383,0.063,2025-10
CUST-201358,2025-03-16,control,0.418,0.044,2025-03
CUST-201359,2025-02-20,treatment,0.427,0.055,2025-02
CUST-201360,2025-01-13,treatment,0.658,0.013,2025-01
CUST-201361,2025-11-19,treatment,0.512,0.024,2025-11
CUST-201362,2025-10-13,treatment,0.456,0.073,2025-10
CUST-201363,2025-12-25,control,0.531,0.041,2025-12
CUST-201364,2025-08-07,control,0.408,0.078,2025-08
CUST-201365,2025-08-27,treatment,0.479,0.041,2025-08
CUST-201366,2025-01-15,control,0.381,0.071,2025-01
CUST-201367,2025-01-09,treatment,0.551,0.076,2025-01
CUST-201368,2025-09-05,control,0.499,0.032,2025-09
CUST-201369,2025-07-24,treatment,0.691,0.051,2025-07
CUST-201370,2025-11-22,treatment,0.661,0.037,2025-11
CUST-201371,2025-08-09,treatment,0.507,0.041,2025-08
CUST-201372,2025-01-12,treatment,0.607,0.044,2025-01
CUST-201373,2025-09-16,control,0.5,0.04,2025-09
CUST-201374,2025-02-20,control,0.43,0.042,2025-02
CUST-201375,2025-12-21,treatment,0.454,0.041,2025-12
CUST-201376,2025-07-08,treatment,0.469,0.027,2025-07
CUST-201377,2025-06-26,control,0.44,0.056,2025-06
CUST-201378,2025-01-17,control,0.454,0.076,2025-01
CUST-201379,2025-05-03,treatment,0.568,0.041,2025-05
CUST-201380,2025-01-09,control,0.224,0.064,2025-01
CUST-201381,2025-02-13,control,0.435,0.061,2025-02
CUST-201382,2025-08-21,control,0.515,0.052,2025-08
CUST-201383,2025-07-14,treatment,0.565,0.087,2025-07
CUST-201384,2025-08-14,control,0.312,0.068,2025-08
CUST-201385,2025-11-19,treatment,0.548,0.039,2025-11
CUST-201386,2025-11-19,treatment,0.561,0.051,2025-11
CUST-201387,2025-12-19,treatment,0.466,0.044,2025-12
CUST-201388,2025-02-01,control,0.427,0.065,2025-02
CUST-201389,2025-01-30,control,0.484,0.075,2025-01
CUST-201390,2025-12-25,treatment,0.322,0.052,2025-12
CUST-201391,2025-12-15,control,0.459,0.042,2025-12
CUST-201392,2025-01-08,treatment,0.57,0.064,2025-01
CUST-201393,2025-01-12,control,0.474,0.094,2025-01
CUST-201394,2025-05-01,treatment,0.45,0.075,2025-05
CUST-201395,2025-08-08,control,0.394,0.014,2025-08
CUST-201396,2025-01-20,treatment,0.476,0.035,2025-01
CUST-201397,2025-06-29,control,0.341,0.064,2025-06
CUST-201398,2025-04-08,control,0.388,0.04,2025-04
CUST-201399,2026-01-04,treatment,0.474,0.049,2026-01
CUST-201400,2025-11-23,control,0.439,0.094,2025-11
CUST-201401,2025-07-29,treatment,0.378,0.076,2025-07
CUST-201402,2025-02-20,treatment,0.392,0.035,2025-02
CUST-201403,2025-04-16,control,0.453,0.029,2025-04
CUST-201404,2025-03-22,control,0.383,0.046,2025-03
CUST-201405,2025-12-10,treatment,0.577,0.044,2025-12
CUST-201406,2025-09-02,control,0.355,0.089,2025-09
CUST-201407,2025-05-18,treatment,0.68,0.069,2025-05
CUST-201408,2025-01-09,control,0.48,0.067,2025-01
CUST-201409,2025-11-29,control,0.521,0.056,2025-11
CUST-201410,2025-08-29,control,0.406,0.057,2025-08
CUST-201411,2025-04-07,control,0.404,0.11,2025-04
CUST-201412,2025-12-24,treatment,0.588,0.029,2025-12
CUST-201413,2025-10-30,control,0.345,0.074,2025-10
CUST-201414,2025-01-28,treatment,0.517,0.034,2025-01
CUST-201415,2025-01-04,treatment,0.554,0.033,2025-01
CUST-201416,2025-01-03,treatment,0.388,0.05,2025-01
CUST-201417,2025-04-19,treatment,0.502,0.075,2025-04
CUST-201418,2025-06-12,control,0.425,0.068,2025-06
CUST-201419,2026-01-07,control,0.491,0.058,2026-01
CUST-201420,2025-12-06,control,0.328,0.071,2025-12
CUST-201421,2026-02-04,control,0.387,0.043,2026-02
CUST-201422,2026-01-10,control,0.443,0.069,2026-01
CUST-201423,2025-01-02,control,0.511,0.04,2025-01
CUST-201424,2025-11-17,control,0.502,0.051,2025-11
CUST-201425,2026-01-05,treatment,0.541,0.039,2026-01
CUST-201426,2025-09-17,treatment,0.556,0.035,2025-09
CUST-201427,2026-01-21,treatment,0.517,0.054,2026-01
CUST-201428,2025-06-20,treatment,0.407,0.062,2025-06
CUST-201429,2025-11-12,treatment,0.443,0.035,2025-11
CUST-201430,2025-11-12,control,0.47,0.03,2025-11
CUST-201431,2025-04-01,treatment,0.392,0.034,2025-04
CUST-201432,2025-10-30,treatment,0.623,0.045,2025-10
CUST-201433,2025-07-10,treatment,0.331,0.058,2025-07
CUST-201434,2025-03-15,treatment,0.412,0.037,2025-03
CUST-201435,2025-02-12,treatment,0.506,0.041,2025-02
CUST-201436,2025-10-14,control,0.38,0.085,2025-10
CUST-201437,2025-11-22,control,0.364,0.086,2025-11
CUST-201438,2025-11-14,treatment,0.447,0.024,2025-11
CUST-201439,2026-01-24,control,0.443,0.055,2026-01
CUST-201440,2025-12-27,control,0.516,0.063,2025-12
CUST-201441,2025-03-16,treatment,0.486,0.023,2025-03
CUST-201442,2025-10-19,control,0.4,0.094,2025-10
CUST-201443,2025-03-30,treatment,0.431,0.048,2025-03
CUST-201444,2025-10-20,control,0.282,0.052,2025-10
CUST-201445,2025-06-22,control,0.315,0.087,2025-06
CUST-201446,2025-12-27,control,0.344,0.074,2025-12
CUST-201447,2025-02-19,control,0.463,0.082,2025-02
CUST-201448,2025-03-19,treatment,0.371,0.041,2025-03
CUST-201449,2025-09-06,treatment,0.535,0.068,2025-09
CUST-201450,2025-08-09,treatment,0.509,0.031,2025-08
CUST-201451,2025-12-10,control,0.369,0.067,2025-12
CUST-201452,2025-12-24,treatment,0.594,0.073,2025-12
CUST-201453,2025-04-15,control,0.34,0.078,2025-04
CUST-201454,2025-09-10,treatment,0.544,0.046,2025-09
CUST-201455,2025-10-31,treatment,0.587,0.018,2025-10
CUST-201456,2026-01-08,treatment,0.712,0.042,2026-01
CUST-201457,2025-05-22,control,0.443,0.088,2025-05
CUST-201458,2025-01-21,treatment,0.52,0.033,2025-01
CUST-201459,2025-05-21,treatment,0.527,0.061,2025-05
CUST-201460,2025-03-27,control,0.424,0.051,2025-03
CUST-201461,2025-01-20,control,0.507,0.07,2025-01
CUST-201462,2025-03-30,treatment,0.426,0.046,2025-03
CUST-201463,2025-03-19,control,0.551,0.066,2025-03
CUST-201464,2025-02-01,control,0.296,0.035,2025-02
CUST-201465,2025-11-04,control,0.51,0.034,2025-11
CUST-201466,2025-09-07,control,0.548,0.043,2025-09
CUST-201467,2025-03-03,treatment,0.351,0.053,2025-03
CUST-201468,2025-06-10,treatment,0.574,0.055,2025-06
CUST-201469,2025-12-02,control,0.405,0.031,2025-12
CUST-201470,2025-04-07,treatment,0.483,0.086,2025-04
CUST-201471,2025-04-05,treatment,0.572,0.025,2025-04
CUST-201472,2025-10-19,treatment,0.529,0.049,2025-10
CUST-201473,2025-06-09,treatment,0.41,0.073,2025-06
CUST-201474,2025-09-28,treatment,0.471,0.037,2025-09
CUST-201475,2025-03-19,treatment,0.51,0.027,2025-03
CUST-201476,2025-01-16,control,0.488,0.047,2025-01
CUST-201477,2025-08-03,treatment,0.576,0.078,2025-08
CUST-201478,2025-06-25,treatment,0.535,0.058,2025-06
CUST-201479,2025-12-05,control,0.442,0.054,2025-12
CUST-201480,2025-10-16,treatment,0.482,0.043,2025-10
CUST-201481,2025-05-15,control,0.624,0.03,2025-05
CUST-201482,2025-02-11,control,0.324,0.086,2025-02
CUST-201483,2025-08-05,treatment,0.536,0.045,2025-08
CUST-201484,2025-11-14,treatment,0.554,0.046,2025-11
CUST-201485,2025-05-01,control,0.459,0.055,2025-05
CUST-201486,2025-09-04,treatment,0.401,0.028,2025-09
CUST-201487,2025-01-14,treatment,0.401,0.027,2025-01
CUST-201488,2025-10-15,control,0.35,0.024,2025-10
CUST-201489,2025-12-01,treatment,0.379,0.057,2025-12
CUST-201490,2025-04-11,treatment,0.477,0.042,2025-04
CUST-201491,2025-09-25,treatment,0.62,0.032,2025-09
CUST-201492,2025-10-27,control,0.44,0.08,2025-10
CUST-201493,2025-04-06,treatment,0.758,0.081,2025-04
CUST-201494,2025-03-11,treatment,0.48,0.0,2025-03
CUST-201495,2025-06-03,treatment,0.365,0.043,2025-06
CUST-201496,2025-12-11,control,0.393,0.042,2025-12
CUST-201497,2025-05-28,control,0.325,0.069,2025-05
CUST-201498,2025-03-24,control,0.434,0.055,2025-03
CUST-201499,2025-04-25,treatment,0.637,0.084,2025-04
CUST-201500,2025-04-18,control,0.414,0.026,2025-04
CUST-201501,2025-08-01,treatment,0.435,0.036,2025-08
CUST-201502,2025-09-26,treatment,0.461,0.011,2025-09
CUST-201503,2025-04-20,treatment,0.441,0.031,2025-04
CUST-201504,2025-05-14,control,0.526,0.037,2025-05
CUST-201505,2025-07-15,control,0.439,0.072,2025-07
CUST-201506,2025-05-04,treatment,0.649,0.063,2025-05
CUST-201507,2025-07-01,treatment,0.408,0.038,2025-07
CUST-201508,2025-01-26,treatment,0.731,0.004,2025-01
CUST-201509,2025-06-02,treatment,0.585,0.055,2025-06
CUST-201510,2025-11-25,control,0.508,0.062,2025-11
CUST-201511,2025-06-25,treatment,0.524,0.037,2025-06
CUST-201512,2025-07-03,treatment,0.589,0.088,2025-07
CUST-201513,2025-08-29,treatment,0.43,0.079,2025-08
CUST-201514,2025-06-07,control,0.448,0.065,2025-06
CUST-201515,2025-06-18,control,0.431,0.017,2025-06
CUST-201516,2025-04-09,treatment,0.439,0.026,2025-04
CUST-201517,2025-10-31,treatment,0.471,0.013,2025-10
CUST-201518,2025-08-11,control,0.377,0.088,2025-08
CUST-201519,2025-01-07,control,0.283,0.088,2025-01
CUST-201520,2025-08-12,control,0.312,0.058,2025-08
CUST-201521,2025-05-25,treatment,0.366,0.065,2025-05
CUST-201522,2025-01-01,treatment,0.566,0.05,2025-01
CUST-201523,2025-07-23,treatment,0.593,0.053,2025-07
CUST-201524,2025-02-04,control,0.538,0.073,2025-02
CUST-201525,2025-03-19,treatment,0.468,0.092,2025-03
CUST-201526,2025-09-03,treatment,0.473,0.043,2025-09
CUST-201527,2025-07-25,treatment,0.426,0.031,2025-07
CUST-201528,2025-04-24,control,0.422,0.057,2025-04
CUST-201529,2025-12-13,treatment,0.613,0.047,2025-12
CUST-201530,2026-01-29,control,0.512,0.072,2026-01
CUST-201531,2025-02-07,control,0.403,0.101,2025-02
CUST-201532,2025-04-10,control,0.502,0.065,2025-04
CUST-201533,2025-01-02,treatment,0.444,0.08,2025-01
CUST-201534,2025-03-02,control,0.361,0.02,2025-03
CUST-201535,2025-05-26,control,0.464,0.076,2025-05
CUST-201536,2025-01-18,control,0.37,0.054,2025-01
CUST-201537,2026-01-03,control,0.225,0.068,2026-01
CUST-201538,2025-10-02,control,0.506,0.086,2025-10
CUST-201539,2025-02-03,treatment,0.538,0.074,2025-02
CUST-201540,2025-04-27,control,0.492,0.05,2025-04
CUST-201541,2025-10-13,treatment,0.423,0.063,2025-10
CUST-201542,2025-04-20,control,0.465,0.065,2025-04
CUST-201543,2025-07-10,treatment,0.529,0.046,2025-07
CUST-201544,2025-02-14,treatment,0.563,0.055,2025-02
CUST-201545,2025-12-12,control,0.347,0.035,2025-12
CUST-201546,2025-01-21,control,0.31,0.003,2025-01
CUST-201547,2025-02-08,control,0.421,0.076,2025-02
CUST-201548,2025-04-03,treatment,0.475,0.039,2025-04
CUST-201549,2025-05-27,treatment,0.71,0.073,2025-05
CUST-201550,2025-06-08,control,0.311,0.056,2025-06
CUST-201551,2025-10-04,control,0.43,0.025,2025-10
CUST-201552,2025-09-22,treatment,0.529,0.039,2025-09
CUST-201553,2025-01-02,treatment,0.554,0.073,2025-01
CUST-201554,2025-02-10,treatment,0.38,0.019,2025-02
CUST-201555,2025-05-08,treatment,0.367,0.063,2025-05
CUST-201556,2025-05-27,control,0.456,0.047,2025-05
CUST-201557,2025-11-05,control,0.362,0.075,2025-11
CUST-201558,2026-02-01,control,0.505,0.021,2026-02
CUST-201559,2025-04-11,treatment,0.707,0.097,2025-04
CUST-201560,2025-09-30,treatment,0.422,0.054,2025-09
CUST-201561,2025-04-20,control,0.35,0.046,2025-04
CUST-201562,2026-02-04,treatment,0.645,0.065,2026-02
CUST-201563,2025-09-07,control,0.502,0.06,2025-09
CUST-201564,2025-02-01,treatment,0.452,0.032,2025-02
CUST-201565,2025-02-07,control,0.349,0.053,2025-02
CUST-201566,2025-06-11,treatment,0.398,0.032,2025-06
CUST-201567,2025-06-27,control,0.629,0.073,2025-06
CUST-201568,2025-04-03,control,0.531,0.078,2025-04
CUST-201569,2025-02-02,treatment,0.489,0.045,2025-02
CUST-201570,2026-01-12,control,0.418,0.055,2026-01
CUST-201571,2025-10-02,control,0.453,0.102,2025-10
CUST-201572,2025-12-29,control,0.36,0.046,2025-12
CUST-201573,2025-04-25,control,0.247,0.065,2025-04
CUST-201574,2025-08-16,treatment,0.435,0.029,2025-08
CUST-201575,2025-09-12,control,0.369,0.049,2025-09
CUST-201576,2025-05-03,treatment,0.544,0.014,2025-05
CUST-201577,2025-09-15,treatment,0.467,0.066,2025-09
CUST-201578,2025-08-06,control,0.445,0.023,2025-08
CUST-201579,2025-12-09,control,0.348,0.024,2025-12
CUST-201580,2025-12-15,control,0.475,0.066,2025-12
CUST-201581,2026-01-07,treatment,0.36,0.065,2026-01
CUST-201582,2025-08-18,control,0.417,0.083,2025-08
CUST-201583,2025-01-23,treatment,0.528,0.075,2025-01
CUST-201584,2025-11-03,treatment,0.628,0.014,2025-11
CUST-201585,2025-06-15,treatment,0.577,0.057,2025-06
CUST-201586,2025-10-03,control,0.303,0.051,2025-10
CUST-201587,2025-09-24,control,0.364,0.016,2025-09
CUST-201588,2025-02-09,control,0.464,0.056,2025-02
CUST-201589,2025-03-18,control,0.319,0.073,2025-03
CUST-201590,2025-10-31,treatment,0.572,0.021,2025-10
CUST-201591,2025-08-11,control,0.277,0.08,2025-08
CUST-201592,2025-03-25,treatment,0.651,0.061,2025-03
CUST-201593,2025-12-07,control,0.495,0.042,2025-12
CUST-201594,2025-12-15,control,0.409,0.052,2025-12
CUST-201595,2025-03-31,treatment,0.532,0.005,2025-03
CUST-201596,2025-05-04,treatment,0.473,0.054,2025-05
CUST-201597,2025-03-19,control,0.376,0.08,2025-03
CUST-201598,2025-08-14,control,0.463,0.047,2025-08
CUST-201599,2025-11-04,control,0.408,0.076,2025-11
CUST-201600,2025-04-25,treatment,0.527,0.067,2025-04
CUST-201601,2025-01-08,control,0.343,0.055,2025-01
CUST-201602,2025-01-04,treatment,0.269,0.011,2025-01
CUST-201603,2025-04-16,treatment,0.502,0.0,2025-04
CUST-201604,2025-11-09,control,0.409,0.065,2025-11
CUST-201605,2025-05-25,treatment,0.372,0.066,2025-05
CUST-201606,2025-10-13,treatment,0.688,0.057,2025-10
CUST-201607,2025-12-29,control,0.422,0.036,2025-12
CUST-201608,2026-01-05,treatment,0.517,0.05,2026-01
CUST-201609,2025-05-05,treatment,0.575,0.045,2025-05
CUST-201610,2025-08-18,control,0.459,0.083,2025-08
CUST-201611,2025-10-19,control,0.473,0.042,2025-10
CUST-201612,2025-03-17,treatment,0.563,0.009,2025-03
CUST-201613,2025-10-06,treatment,0.489,0.082,2025-10
CUST-201614,2025-03-10,control,0.575,0.075,2025-03
CUST-201615,2025-08-15,control,0.495,0.058,2025-08
CUST-201616,2025-06-05,treatment,0.609,0.036,2025-06
CUST-201617,2025-06-03,treatment,0.472,0.016,2025-06
CUST-201618,2025-05-13,treatment,0.349,0.049,2025-05
CUST-201619,2025-07-15,control,0.508,0.092,2025-07
CUST-201620,2025-06-13,treatment,0.584,0.039,2025-06
CUST-201621,2025-04-15,treatment,0.452,0.053,2025-04
CUST-201622,2025-03-31,control,0.441,0.077,2025-03
CUST-201623,2025-07-14,treatment,0.343,0.01,2025-07
CUST-201624,2026-01-31,treatment,0.513,0.064,2026-01
CUST-201625,2025-09-18,control,0.4,0.064,2025-09
CUST-201626,2025-02-04,control,0.51,0.088,2025-02
CUST-201627,2025-01-29,control,0.389,0.051,2025-01
CUST-201628,2025-10-23,treatment,0.467,0.054,2025-10
CUST-201629,2025-08-07,treatment,0.512,0.023,2025-08
CUST-201630,2025-08-16,control,0.371,0.049,2025-08
CUST-201631,2025-05-29,treatment,0.54,0.07,2025-05
CUST-201632,2025-08-11,control,0.433,0.065,2025-08
CUST-201633,2025-08-23,control,0.437,0.066,2025-08
CUST-201634,2025-09-03,treatment,0.522,0.053,2025-09
CUST-201635,2026-01-13,treatment,0.644,0.055,2026-01
CUST-201636,2025-12-28,treatment,0.545,0.072,2025-12
CUST-201637,2025-12-01,control,0.435,0.072,2025-12
CUST-201638,2025-09-28,treatment,0.464,0.059,2025-09
CUST-201639,2025-10-02,treatment,0.526,0.03,2025-10
CUST-201640,2025-04-19,control,0.434,0.036,2025-04
CUST-201641,2025-12-12,treatment,0.52,0.04,2025-12
CUST-201642,2025-04-18,treatment,0.416,0.032,2025-04
CUST-201643,2025-02-19,treatment,0.472,0.032,2025-02
CUST-201644,2025-11-28,treatment,0.571,0.065,2025-11
CUST-201645,2025-06-15,treatment,0.508,0.05,2025-06
CUST-201646,2025-07-11,treatment,0.544,0.051,2025-07
CUST-201647,2025-09-10,treatment,0.547,0.069,2025-09
CUST-201648,2025-10-09,control,0.286,0.031,2025-10
CUST-201649,2025-02-01,control,0.502,0.08,2025-02
CUST-201650,2025-05-31,control,0.337,0.052,2025-05
CUST-201651,2025-11-11,treatment,0.7,0.064,2025-11
CUST-201652,2025-10-23,treatment,0.428,0.071,2025-10
CUST-201653,2025-09-09,control,0.416,0.062,2025-09
CUST-201654,2025-06-19,treatment,0.542,0.048,2025-06
CUST-201655,2025-05-22,treatment,0.444,0.065,2025-05
CUST-201656,2025-07-17,control,0.626,0.079,2025-07
CUST-201657,2025-03-14,treatment,0.512,0.088,2025-03
CUST-201658,2026-01-07,treatment,0.378,0.053,2026-01
CUST-201659,2025-03-17,treatment,0.487,0.045,2025-03
CUST-201660,2025-07-17,control,0.359,0.082,2025-07
CUST-201661,2025-10-30,control,0.447,0.052,2025-10
CUST-201662,2025-03-31,control,0.348,0.057,2025-03
CUST-201663,2026-01-31,treatment,0.582,0.052,2026-01
CUST-201664,2025-08-01,control,0.521,0.058,2025-08
CUST-201665,2025-03-05,treatment,0.486,0.035,2025-03
CUST-201666,2025-01-04,control,0.657,0.066,2025-01
CUST-201667,2025-05-05,treatment,0.453,0.09,2025-05
CUST-201668,2025-04-22,treatment,0.42,0.058,2025-04
CUST-201669,2025-01-20,control,0.425,0.079,2025-01
CUST-201670,2025-08-30,control,0.421,0.052,2025-08
CUST-201671,2025-07-26,treatment,0.532,0.029,2025-07
CUST-201672,2025-01-29,control,0.492,0.058,2025-01
CUST-201673,2025-11-28,treatment,0.609,0.022,2025-11
CUST-201674,2025-07-02,control,0.406,0.082,2025-07
CUST-201675,2025-08-24,control,0.292,0.091,2025-08
CUST-201676,2025-08-28,treatment,0.458,0.118,2025-08
CUST-201677,2025-12-02,treatment,0.327,0.012,2025-12
CUST-201678,2025-04-01,control,0.542,0.065,2025-04
CUST-201679,2025-01-17,treatment,0.393,0.07,2025-01
CUST-201680,2025-03-29,control,0.43,0.033,2025-03
CUST-201681,2025-09-30,control,0.429,0.06,2025-09
CUST-201682,2025-09-25,treatment,0.454,0.012,2025-09
CUST-201683,2025-05-05,control,0.454,0.031,2025-05
CUST-201684,2026-01-25,control,0.327,0.043,2026-01
CUST-201685,2025-10-04,treatment,0.416,0.042,2025-10
CUST-201686,2025-05-03,treatment,0.611,0.068,2025-05
CUST-201687,2026-01-29,control,0.328,0.091,2026-01
CUST-201688,2025-03-25,control,0.445,0.031,2025-03
CUST-201689,2025-01-13,treatment,0.538,0.053,2025-01
CUST-201690,2026-01-29,treatment,0.542,0.046,2026-01
CUST-201691,2025-06-24,treatment,0.506,0.043,2025-06
CUST-201692,2025-11-30,control,0.451,0.09,2025-11
CUST-201693,2025-12-10,control,0.451,0.072,2025-12
CUST-201694,2026-01-10,control,0.348,0.092,2026-01
CUST-201695,2025-10-31,treatment,0.51,0.074,2025-10
CUST-201696,2025-01-19,control,0.497,0.054,2025-01
CUST-201697,2025-08-06,treatment,0.544,0.046,2025-08
CUST-201698,2026-01-09,control,0.444,0.11,2026-01
CUST-201699,2025-11-03,treatment,0.487,0.073,2025-11
CUST-201700,2025-12-02,control,0.476,0.044,2025-12
CUST-201701,2025-11-11,control,0.42,0.081,2025-11
CUST-201702,2025-04-30,control,0.416,0.059,2025-04
CUST-201703,2025-11-07,treatment,0.305,0.084,2025-11
CUST-201704,2025-09-07,treatment,0.497,0.047,2025-09
CUST-201705,2025-08-21,control,0.472,0.06,2025-08
CUST-201706,2025-03-10,treatment,0.651,0.08,2025-03
CUST-201707,2025-02-13,control,0.297,0.051,2025-02
CUST-201708,2025-06-17,treatment,0.379,0.016,2025-06
CUST-201709,2025-04-09,treatment,0.561,0.101,2025-04
CUST-201710,2025-08-29,control,0.536,0.108,2025-08
CUST-201711,2025-05-07,control,0.455,0.052,2025-05
CUST-201712,2025-02-14,treatment,0.349,0.059,2025-02
CUST-201713,2025-01-14,control,0.305,0.095,2025-01
CUST-201714,2026-01-22,control,0.38,0.07,2026-01
CUST-201715,2025-02-13,control,0.562,0.032,2025-02
CUST-201716,2026-01-07,treatment,0.516,0.027,2026-01
CUST-201717,2025-08-13,treatment,0.634,0.071,2025-08
CUST-201718,2025-12-13,control,0.282,0.047,2025-12
CUST-201719,2025-12-31,control,0.496,0.064,2025-12
CUST-201720,2025-02-21,control,0.381,0.06,2025-02
CUST-201721,2025-08-05,control,0.513,0.063,2025-08
CUST-201722,2025-09-25,control,0.464,0.102,2025-09
CUST-201723,2025-09-10,control,0.399,0.069,2025-09
CUST-201724,2025-12-23,treatment,0.647,0.043,2025-12
CUST-201725,2025-03-09,control,0.501,0.062,2025-03
CUST-201726,2025-02-25,control,0.445,0.059,2025-02
CUST-201727,2025-11-30,control,0.437,0.076,2025-11
CUST-201728,2025-09-16,control,0.36,0.017,2025-09
CUST-201729,2026-01-03,treatment,0.345,0.056,2026-01
CUST-201730,2025-03-23,control,0.377,0.054,2025-03
CUST-201731,2025-01-23,treatment,0.435,0.062,2025-01
CUST-201732,2025-10-03,treatment,0.454,0.058,2025-10
CUST-201733,2025-10-31,control,0.496,0.05,2025-10
CUST-201734,2025-09-17,treatment,0.376,0.043,2025-09
CUST-201735,2025-01-20,treatment,0.54,0.05,2025-01
CUST-201736,2025-12-15,control,0.388,0.049,2025-12
CUST-201737,2025-04-12,treatment,0.521,0.058,2025-04
CUST-201738,2025-07-14,control,0.407,0.066,2025-07
CUST-201739,2025-01-10,control,0.467,0.071,2025-01
CUST-201740,2025-10-31,control,0.247,0.039,2025-10
CUST-201741,2025-11-23,treatment,0.567,0.069,2025-11
CUST-201742,2025-03-18,control,0.336,0.033,2025-03
CUST-201743,2025-02-01,control,0.373,0.085,2025-02
CUST-201744,2025-09-15,treatment,0.402,0.038,2025-09
CUST-201745,2025-08-10,control,0.393,0.076,2025-08
CUST-201746,2025-12-17,control,0.556,0.056,2025-12
CUST-201747,2025-04-28,control,0.342,0.071,2025-04
CUST-201748,2025-10-17,control,0.304,0.073,2025-10
CUST-201749,2025-12-06,control,0.465,0.056,2025-12
CUST-201750,2025-12-18,control,0.458,0.112,2025-12
CUST-201751,2025-02-03,control,0.482,0.048,2025-02
CUST-201752,2025-09-09,treatment,0.557,0.036,2025-09
CUST-201753,2025-05-18,control,0.456,0.075,2025-05
CUST-201754,2025-08-09,control,0.459,0.044,2025-08
CUST-201755,2025-09-26,control,0.345,0.051,2025-09
CUST-201756,2026-01-02,treatment,0.409,0.054,2026-01
CUST-201757,2025-07-07,treatment,0.436,0.093,2025-07
CUST-201758,2025-05-10,control,0.293,0.045,2025-05
CUST-201759,2025-03-18,control,0.361,0.064,2025-03
CUST-201760,2025-10-27,control,0.359,0.084,2025-10
CUST-201761,2025-05-17,treatment,0.665,0.041,2025-05
CUST-201762,2025-10-05,treatment,0.601,0.021,2025-10
CUST-201763,2025-04-17,treatment,0.516,0.049,2025-04
CUST-201764,2025-11-22,control,0.57,0.068,2025-11
CUST-201765,2025-09-25,control,0.376,0.065,2025-09
CUST-201766,2025-07-19,treatment,0.436,0.031,2025-07
CUST-201767,2026-01-31,control,0.573,0.109,2026-01
CUST-201768,2025-07-17,control,0.569,0.066,2025-07
CUST-201769,2025-08-05,control,0.505,0.057,2025-08
CUST-201770,2025-01-14,treatment,0.565,0.041,2025-01
CUST-201771,2025-09-17,treatment,0.564,0.045,2025-09
CUST-201772,2026-01-08,control,0.428,0.062,2026-01
CUST-201773,2025-08-21,treatment,0.587,0.019,2025-08
CUST-201774,2025-06-04,control,0.588,0.059,2025-06
CUST-201775,2025-09-16,control,0.529,0.059,2025-09
CUST-201776,2025-08-09,control,0.511,0.042,2025-08
CUST-201777,2025-03-26,control,0.29,0.072,2025-03
CUST-201778,2025-03-21,control,0.489,0.088,2025-03
CUST-201779,2025-12-25,control,0.363,0.07,2025-12
CUST-201780,2025-09-04,treatment,0.38,0.026,2025-09
CUST-201781,2025-12-21,treatment,0.476,0.042,2025-12
CUST-201782,2025-05-19,treatment,0.455,0.068,2025-05
CUST-201783,2026-01-18,control,0.477,0.062,2026-01
CUST-201784,2025-08-23,treatment,0.613,0.025,2025-08
CUST-201785,2025-12-13,treatment,0.408,0.031,2025-12
CUST-201786,2025-10-22,treatment,0.562,0.056,2025-10
CUST-201787,2026-01-07,treatment,0.374,0.065,2026-01
CUST-201788,2025-09-01,treatment,0.578,0.043,2025-09
CUST-201789,2025-11-05,control,0.545,0.045,2025-11
CUST-201790,2025-01-13,treatment,0.472,0.062,2025-01
CUST-201791,2025-08-03,treatment,0.469,0.063,2025-08
CUST-201792,2025-11-19,treatment,0.491,0.025,2025-11
CUST-201793,2025-11-24,treatment,0.429,0.0,2025-11
CUST-201794,2025-08-13,control,0.438,0.046,2025-08
CUST-201795,2026-01-14,control,0.357,0.06,2026-01
CUST-201796,2025-04-06,control,0.447,0.031,2025-04
CUST-201797,2025-11-14,control,0.454,0.061,2025-11
CUST-201798,2025-05-10,control,0.386,0.074,2025-05
CUST-201799,2025-04-14,control,0.548,0.098,2025-04
CUST-201800,2025-11-21,control,0.454,0.044,2025-11
CUST-201801,2025-11-19,treatment,0.59,0.029,2025-11
CUST-201802,2026-01-10,treatment,0.742,0.06,2026-01
CUST-201803,2025-06-21,control,0.52,0.064,2025-06
CUST-201804,2025-11-22,control,0.574,0.057,2025-11
CUST-201805,2025-11-04,control,0.37,0.057,2025-11
CUST-201806,2025-12-21,treatment,0.337,0.0,2025-12
CUST-201807,2025-05-06,treatment,0.404,0.011,2025-05
CUST-201808,2025-07-15,control,0.478,0.076,2025-07
CUST-201809,2025-10-11,treatment,0.497,0.041,2025-10
CUST-201810,2025-06-16,control,0.456,0.036,2025-06
CUST-201811,2026-02-04,control,0.291,0.026,2026-02
CUST-201812,2025-11-24,control,0.471,0.043,2025-11
CUST-201813,2025-01-09,treatment,0.382,0.054,2025-01
CUST-201814,2025-06-07,control,0.362,0.073,2025-06
CUST-201815,2025-08-03,treatment,0.536,0.007,2025-08
CUST-201816,2025-10-10,treatment,0.494,0.036,2025-10
CUST-201817,2025-08-04,control,0.417,0.074,2025-08
CUST-201818,2025-09-03,control,0.338,0.076,2025-09
CUST-201819,2025-08-22,treatment,0.594,0.044,2025-08
CUST-201820,2025-03-03,treatment,0.625,0.027,2025-03
CUST-201821,2025-05-23,control,0.453,0.061,2025-05
CUST-201822,2025-05-04,treatment,0.583,0.029,2025-05
CUST-201823,2025-05-29,control,0.16,0.061,2025-05
CUST-201824,2025-03-26,control,0.444,0.083,2025-03
CUST-201825,2026-01-18,treatment,0.528,0.056,2026-01
CUST-201826,2025-02-20,control,0.435,0.037,2025-02
CUST-201827,2025-05-14,treatment,0.634,0.049,2025-05
CUST-201828,2025-06-18,control,0.384,0.09,2025-06
CUST-201829,2025-09-06,treatment,0.54,0.072,2025-09
CUST-201830,2025-03-21,control,0.269,0.032,2025-03
CUST-201831,2025-10-11,treatment,0.597,0.057,2025-10
CUST-201832,2025-01-29,control,0.455,0.052,2025-01
CUST-201833,2025-01-24,control,0.492,0.045,2025-01
CUST-201834,2025-03-24,control,0.412,0.09,2025-03
CUST-201835,2025-03-30,control,0.322,0.094,2025-03
CUST-201836,2025-09-05,treatment,0.655,0.023,2025-09
CUST-201837,2025-11-19,treatment,0.518,0.066,2025-11
CUST-201838,2025-11-20,control,0.501,0.105,2025-11
CUST-201839,2025-03-14,treatment,0.467,0.07,2025-03
CUST-201840,2025-07-05,control,0.386,0.025,2025-07
CUST-201841,2025-03-11,treatment,0.725,0.06,2025-03
CUST-201842,2025-09-01,treatment,0.566,0.038,2025-09
CUST-201843,2025-04-11,control,0.418,0.027,2025-04
CUST-201844,2025-09-18,control,0.542,0.059,2025-09
CUST-201845,2025-11-06,control,0.344,0.039,2025-11
CUST-201846,2025-09-18,treatment,0.579,0.062,2025-09
CUST-201847,2025-01-04,treatment,0.525,0.049,2025-01
CUST-201848,2026-01-30,control,0.498,0.038,2026-01
CUST-201849,2025-07-01,control,0.323,0.07,2025-07
CUST-201850,2025-09-01,control,0.499,0.046,2025-09
CUST-201851,2025-10-02,treatment,0.435,0.043,2025-10
CUST-201852,2025-08-07,treatment,0.576,0.073,2025-08
CUST-201853,2026-01-18,treatment,0.364,0.0,2026-01
CUST-201854,2025-12-13,treatment,0.535,0.054,2025-12
CUST-201855,2025-09-20,control,0.581,0.036,2025-09
CUST-201856,2025-09-06,treatment,0.461,0.032,2025-09
CUST-201857,2025-05-20,control,0.491,0.069,2025-05
CUST-201858,2025-07-03,treatment,0.443,0.049,2025-07
CUST-201859,2025-01-03,treatment,0.543,0.029,2025-01
CUST-201860,2025-10-24,control,0.503,0.032,2025-10
CUST-201861,2025-02-22,control,0.361,0.057,2025-02
CUST-201862,2025-03-31,control,0.428,0.09,2025-03
CUST-201863,2025-08-19,treatment,0.538,0.032,2025-08
CUST-201864,2025-09-27,treatment,0.518,0.058,2025-09
CUST-201865,2025-01-14,treatment,0.499,0.044,2025-01
CUST-201866,2025-11-03,treatment,0.486,0.046,2025-11
CUST-201867,2025-02-25,treatment,0.4,0.045,2025-02
CUST-201868,2025-09-13,control,0.466,0.052,2025-09
CUST-201869,2025-11-08,control,0.432,0.064,2025-11
CUST-201870,2025-03-17,control,0.371,0.03,2025-03
CUST-201871,2025-06-09,treatment,0.63,0.031,2025-06
CUST-201872,2025-07-26,treatment,0.474,0.053,2025-07
CUST-201873,2025-08-09,control,0.384,0.066,2025-08
CUST-201874,2025-11-20,control,0.468,0.047,2025-11
CUST-201875,2026-01-17,treatment,0.565,0.053,2026-01
CUST-201876,2025-06-11,control,0.534,0.079,2025-06
CUST-201877,2025-08-27,control,0.527,0.025,2025-08
CUST-201878,2026-01-07,treatment,0.553,0.055,2026-01
CUST-201879,2025-08-31,control,0.564,0.049,2025-08
CUST-201880,2025-01-20,treatment,0.582,0.049,2025-01
CUST-201881,2025-05-04,treatment,0.668,0.089,2025-05
CUST-201882,2025-09-24,control,0.516,0.055,2025-09
CUST-201883,2026-01-30,control,0.511,0.077,2026-01
CUST-201884,2025-04-04,treatment,0.672,0.059,2025-04
CUST-201885,2025-03-28,treatment,0.501,0.041,2025-03
CUST-201886,2025-09-17,control,0.415,0.04,2025-09
CUST-201887,2025-02-16,control,0.429,0.067,2025-02
CUST-201888,2026-01-15,treatment,0.602,0.039,2026-01
CUST-201889,2025-12-31,control,0.328,0.093,2025-12
CUST-201890,2025-08-18,control,0.421,0.056,2025-08
CUST-201891,2025-05-16,treatment,0.599,0.022,2025-05
CUST-201892,2025-06-24,treatment,0.411,0.056,2025-06
CUST-201893,2025-08-10,control,0.381,0.058,2025-08
CUST-201894,2025-12-10,treatment,0.465,0.058,2025-12
CUST-201895,2025-10-16,treatment,0.513,0.058,2025-10
CUST-201896,2025-07-05,treatment,0.592,0.013,2025-07
CUST-201897,2025-09-12,treatment,0.372,0.085,2025-09
CUST-201898,2025-08-14,treatment,0.563,0.067,2025-08
CUST-201899,2025-02-17,control,0.37,0.059,2025-02
CUST-201900,2025-05-03,control,0.222,0.075,2025-05
CUST-201901,2025-03-23,treatment,0.314,0.037,2025-03
CUST-201902,2025-08-08,control,0.331,0.075,2025-08
CUST-201903,2026-01-24,treatment,0.499,0.037,2026-01
CUST-201904,2025-10-14,treatment,0.612,0.011,2025-10
CUST-201905,2025-09-22,control,0.409,0.048,2025-09
CUST-201906,2025-07-23,control,0.422,0.051,2025-07
CUST-201907,2025-05-22,treatment,0.426,0.035,2025-05
CUST-201908,2025-03-26,control,0.443,0.091,2025-03
CUST-201909,2025-12-30,control,0.53,0.085,2025-12
CUST-201910,2025-01-08,control,0.353,0.04,2025-01
CUST-201911,2025-12-31,control,0.497,0.041,2025-12
CUST-201912,2025-03-29,control,0.469,0.048,2025-03
CUST-201913,2025-11-18,control,0.611,0.053,2025-11
CUST-201914,2025-12-07,treatment,0.425,0.008,2025-12
CUST-201915,2026-01-02,treatment,0.587,0.044,2026-01
CUST-201916,2026-01-19,control,0.354,0.086,2026-01
CUST-201917,2025-07-21,treatment,0.547,0.047,2025-07
CUST-201918,2025-08-13,treatment,0.568,0.014,2025-08
CUST-201919,2025-01-13,treatment,0.463,0.02,2025-01
CUST-201920,2025-11-28,control,0.467,0.095,2025-11
CUST-201921,2025-08-21,treatment,0.579,0.064,2025-08
CUST-201922,2025-01-19,control,0.453,0.067,2025-01
CUST-201923,2025-05-19,control,0.357,0.094,2025-05
CUST-201924,2025-12-08,treatment,0.592,0.049,2025-12
CUST-201925,2025-06-03,treatment,0.481,0.066,2025-06
CUST-201926,2025-04-25,control,0.375,0.091,2025-04
CUST-201927,2025-04-19,treatment,0.393,0.052,2025-04
CUST-201928,2025-03-12,treatment,0.382,0.056,2025-03
CUST-201929,2025-08-05,control,0.309,0.06,2025-08
CUST-201930,2025-04-21,control,0.381,0.054,2025-04
CUST-201931,2025-08-22,control,0.242,0.05,2025-08
CUST-201932,2025-07-19,treatment,0.484,0.035,2025-07
CUST-201933,2025-09-18,treatment,0.665,0.046,2025-09
CUST-201934,2025-08-24,treatment,0.538,0.033,2025-08
CUST-201935,2025-01-24,control,0.529,0.055,2025-01
CUST-201936,2025-01-03,treatment,0.346,0.045,2025-01
CUST-201937,2025-05-02,control,0.442,0.084,2025-05
CUST-201938,2025-05-18,treatment,0.501,0.007,2025-05
CUST-201939,2025-06-30,treatment,0.407,0.038,2025-06
CUST-201940,2025-10-09,treatment,0.508,0.062,2025-10
CUST-201941,2026-01-24,treatment,0.579,0.076,2026-01
CUST-201942,2025-10-28,treatment,0.396,0.058,2025-10
CUST-201943,2025-05-27,control,0.504,0.045,2025-05
CUST-201944,2025-04-04,control,0.314,0.017,2025-04
CUST-201945,2025-05-23,treatment,0.617,0.009,2025-05
CUST-201946,2025-04-09,control,0.297,0.059,2025-04
CUST-201947,2025-08-13,treatment,0.508,0.078,2025-08
CUST-201948,2025-09-29,control,0.332,0.041,2025-09
CUST-201949,2025-04-15,control,0.215,0.064,2025-04
CUST-201950,2025-09-01,control,0.405,0.062,2025-09
CUST-201951,2025-05-28,treatment,0.624,0.063,2025-05
CUST-201952,2025-07-18,control,0.493,0.077,2025-07
CUST-201953,2025-04-06,treatment,0.484,0.052,2025-04
CUST-201954,2025-08-07,control,0.361,0.113,2025-08
CUST-201955,2025-02-06,treatment,0.498,0.01,2025-02
CUST-201956,2025-07-19,control,0.426,0.059,2025-07
CUST-201957,2025-06-28,control,0.502,0.044,2025-06
CUST-201958,2025-06-12,treatment,0.447,0.06,2025-06
CUST-201959,2025-12-27,control,0.515,0.056,2025-12
CUST-201960,2025-11-12,treatment,0.355,0.042,2025-11
CUST-201961,2025-08-18,control,0.523,0.069,2025-08
CUST-201962,2025-12-22,treatment,0.359,0.061,2025-12
CUST-201963,2025-09-21,control,0.469,0.065,2025-09
CUST-201964,2025-09-13,treatment,0.548,0.057,2025-09
CUST-201965,2025-07-12,control,0.439,0.034,2025-07
CUST-201966,2025-04-18,control,0.454,0.054,2025-04
CUST-201967,2025-04-30,treatment,0.491,0.005,2025-04
CUST-201968,2026-01-25,control,0.44,0.063,2026-01
CUST-201969,2025-09-29,treatment,0.471,0.03,2025-09
CUST-201970,2025-02-05,treatment,0.654,0.024,2025-02
CUST-201971,2025-04-05,treatment,0.642,0.038,2025-04
CUST-201972,2026-01-16,treatment,0.468,0.027,2026-01
CUST-201973,2025-03-25,treatment,0.455,0.041,2025-03
CUST-201974,2025-08-11,treatment,0.587,0.058,2025-08
CUST-201975,2025-05-22,control,0.509,0.069,2025-05
CUST-201976,2025-10-12,treatment,0.511,0.061,2025-10
CUST-201977,2025-12-11,control,0.388,0.074,2025-12
CUST-201978,2025-06-19,treatment,0.339,0.049,2025-06
CUST-201979,2025-01-05,control,0.33,0.061,2025-01
CUST-201980,2025-05-23,control,0.537,0.069,2025-05
CUST-201981,2025-01-09,control,0.699,0.074,2025-01
CUST-201982,2025-03-31,treatment,0.678,0.041,2025-03
CUST-201983,2025-06-04,treatment,0.459,0.074,2025-06
CUST-201984,2025-02-14,treatment,0.465,0.061,2025-02
CUST-201985,2025-01-15,control,0.327,0.035,2025-01
CUST-201986,2025-05-06,treatment,0.323,0.015,2025-05
CUST-201987,2025-01-11,treatment,0.654,0.039,2025-01
CUST-201988,2025-04-12,treatment,0.547,0.037,2025-04
CUST-201989,2025-02-16,control,0.4,0.065,2025-02
CUST-201990,2025-08-02,control,0.297,0.094,2025-08
CUST-201991,2025-11-16,control,0.404,0.015,2025-11
CUST-201992,2025-12-09,treatment,0.483,0.033,2025-12
CUST-201993,2025-09-06,treatment,0.43,0.082,2025-09
CUST-201994,2025-02-03,treatment,0.541,0.012,2025-02
CUST-201995,2025-01-30,control,0.54,0.081,2025-01
CUST-201996,2025-10-26,control,0.367,0.065,2025-10
CUST-201997,2025-10-27,treatment,0.519,0.034,2025-10
CUST-201998,2025-04-18,control,0.48,0.09,2025-04
CUST-201999,2026-02-01,control,0.269,0.055,2026-02
CUST-202000,2025-09-14,control,0.293,0.075,2025-09
CUST-202001,2025-06-25,treatment,0.586,0.046,2025-06
CUST-202002,2025-09-08,control,0.391,0.052,2025-09
CUST-202003,2025-01-08,control,0.506,0.038,2025-01
CUST-202004,2025-10-23,treatment,0.622,0.033,2025-10
CUST-202005,2025-03-30,control,0.456,0.074,2025-03
CUST-202006,2025-01-07,treatment,0.483,0.054,2025-01
CUST-202007,2025-09-08,control,0.488,0.057,2025-09
CUST-202008,2025-01-01,treatment,0.687,0.044,2025-01
CUST-202009,2025-01-11,treatment,0.653,0.048,2025-01
CUST-202010,2025-03-09,treatment,0.498,0.064,2025-03
CUST-202011,2026-01-17,treatment,0.38,0.034,2026-01
CUST-202012,2026-01-28,control,0.484,0.067,2026-01
CUST-202013,2025-06-18,control,0.491,0.071,2025-06
CUST-202014,2025-05-17,control,0.357,0.054,2025-05
CUST-202015,2025-06-20,control,0.496,0.058,2025-06
CUST-202016,2025-09-08,treatment,0.462,0.068,2025-09
CUST-202017,2025-08-19,control,0.366,0.041,2025-08
CUST-202018,2025-05-04,control,0.443,0.076,2025-05
CUST-202019,2025-04-11,treatment,0.453,0.074,2025-04
CUST-202020,2025-07-15,control,0.395,0.036,2025-07
CUST-202021,2025-04-26,control,0.386,0.089,2025-04
CUST-202022,2025-06-25,control,0.461,0.069,2025-06
CUST-202023,2025-01-12,treatment,0.49,0.035,2025-01
CUST-202024,2025-03-17,treatment,0.412,0.038,2025-03
CUST-202025,2026-01-23,treatment,0.421,0.075,2026-01
CUST-202026,2025-05-24,control,0.506,0.083,2025-05
CUST-202027,2025-06-23,control,0.335,0.04,2025-06
CUST-202028,2025-03-18,control,0.477,0.043,2025-03
CUST-202029,2025-12-16,control,0.422,0.041,2025-12
CUST-202030,2025-04-22,control,0.425,0.109,2025-04
CUST-202031,2025-04-28,treatment,0.461,0.111,2025-04
CUST-202032,2025-06-16,treatment,0.477,0.032,2025-06
CUST-202033,2025-11-20,treatment,0.511,0.066,2025-11
CUST-202034,2025-11-15,treatment,0.581,0.044,2025-11
CUST-202035,2025-03-15,control,0.427,0.074,2025-03
CUST-202036,2025-03-20,treatment,0.492,0.082,2025-03
CUST-202037,2025-04-13,control,0.449,0.063,2025-04
CUST-202038,2025-03-20,control,0.499,0.029,2025-03
CUST-202039,2025-07-20,control,0.448,0.055,2025-07
CUST-202040,2025-04-09,control,0.446,0.074,2025-04
CUST-202041,2025-01-30,treatment,0.521,0.045,2025-01
CUST-202042,2025-11-12,treatment,0.583,0.078,2025-11
CUST-202043,2025-05-17,treatment,0.404,0.057,2025-05
CUST-202044,2025-04-09,treatment,0.484,0.016,2025-04
CUST-202045,2025-02-27,control,0.417,0.067,2025-02
CUST-202046,2025-11-24,treatment,0.508,0.061,2025-11
CUST-202047,2025-08-29,treatment,0.5,0.049,2025-08
CUST-202048,2025-05-10,control,0.548,0.05,2025-05
CUST-202049,2025-11-28,control,0.454,0.036,2025-11
CUST-202050,2025-05-02,control,0.33,0.085,2025-05
CUST-202051,2025-04-10,treatment,0.369,0.061,2025-04
CUST-202052,2025-06-01,treatment,0.534,0.048,2025-06
CUST-202053,2025-01-16,control,0.352,0.033,2025-01
CUST-202054,2025-06-29,treatment,0.477,0.072,2025-06
CUST-202055,2025-10-28,treatment,0.481,0.033,2025-10
CUST-202056,2025-06-17,treatment,0.512,0.017,2025-06
CUST-202057,2025-08-21,treatment,0.401,0.059,2025-08
CUST-202058,2025-06-07,treatment,0.503,0.039,2025-06
CUST-202059,2025-11-26,control,0.388,0.092,2025-11
CUST-202060,2026-02-04,control,0.505,0.072,2026-02
CUST-202061,2025-08-05,control,0.391,0.04,2025-08
CUST-202062,2025-10-05,control,0.434,0.049,2025-10
CUST-202063,2025-09-01,treatment,0.349,0.036,2025-09
CUST-202064,2025-12-19,control,0.376,0.091,2025-12
CUST-202065,2025-12-29,treatment,0.532,0.043,2025-12
CUST-202066,2025-12-24,control,0.338,0.087,2025-12
CUST-202067,2025-01-28,treatment,0.363,0.043,2025-01
CUST-202068,2025-06-20,treatment,0.469,0.042,2025-06
CUST-202069,2025-07-20,control,0.507,0.0,2025-07
CUST-202070,2025-11-07,control,0.436,0.057,2025-11
CUST-202071,2025-08-14,control,0.37,0.043,2025-08
CUST-202072,2025-07-08,treatment,0.447,0.077,2025-07
CUST-202073,2025-08-02,control,0.363,0.116,2025-08
CUST-202074,2025-08-26,control,0.479,0.083,2025-08
CUST-202075,2025-08-30,treatment,0.585,0.058,2025-08
CUST-202076,2025-10-21,treatment,0.482,0.057,2025-10
CUST-202077,2025-06-10,treatment,0.425,0.055,2025-06
CUST-202078,2025-08-21,treatment,0.451,0.066,2025-08
CUST-202079,2025-02-18,control,0.389,0.04,2025-02
CUST-202080,2025-07-22,control,0.304,0.055,2025-07
CUST-202081,2025-05-30,control,0.432,0.052,2025-05
CUST-202082,2025-01-05,control,0.395,0.039,2025-01
CUST-202083,2025-03-24,control,0.582,0.073,2025-03
CUST-202084,2026-01-23,control,0.434,0.073,2026-01
CUST-202085,2025-08-08,control,0.37,0.047,2025-08
CUST-202086,2025-01-16,control,0.479,0.05,2025-01
CUST-202087,2025-12-21,treatment,0.526,0.059,2025-12
CUST-202088,2025-02-18,treatment,0.361,0.044,2025-02
CUST-202089,2025-09-07,control,0.463,0.05,2025-09
CUST-202090,2025-01-17,treatment,0.518,0.055,2025-01
CUST-202091,2025-12-01,treatment,0.478,0.066,2025-12
CUST-202092,2025-09-08,treatment,0.44,0.079,2025-09
CUST-202093,2025-12-09,control,0.48,0.053,2025-12
CUST-202094,2025-05-02,control,0.418,0.064,2025-05
CUST-202095,2025-12-24,treatment,0.55,0.038,2025-12
CUST-202096,2025-12-24,control,0.464,0.054,2025-12
CUST-202097,2025-07-11,treatment,0.611,0.077,2025-07
CUST-202098,2025-08-26,control,0.47,0.062,2025-08
CUST-202099,2025-05-31,treatment,0.537,0.027,2025-05
CUST-202100,2025-11-09,treatment,0.505,0.027,2025-11
CUST-202101,2025-09-14,treatment,0.564,0.056,2025-09
CUST-202102,2025-02-28,treatment,0.323,0.052,2025-02
CUST-202103,2025-06-14,control,0.502,0.046,2025-06
CUST-202104,2025-06-14,treatment,0.505,0.043,2025-06
CUST-202105,2025-06-24,treatment,0.631,0.063,2025-06
CUST-202106,2025-09-07,control,0.39,0.043,2025-09
CUST-202107,2025-04-22,control,0.345,0.038,2025-04
CUST-202108,2025-03-17,control,0.385,0.074,2025-03
CUST-202109,2025-07-02,treatment,0.529,0.029,2025-07
CUST-202110,2025-06-02,control,0.411,0.043,2025-06
CUST-202111,2025-12-30,treatment,0.497,0.049,2025-12
CUST-202112,2025-10-29,control,0.391,0.093,2025-10
CUST-202113,2025-04-09,control,0.344,0.007,2025-04
CUST-202114,2025-09-30,control,0.43,0.081,2025-09
CUST-202115,2025-08-31,treatment,0.524,0.051,2025-08
CUST-202116,2025-12-27,control,0.465,0.048,2025-12
CUST-202117,2025-10-26,control,0.476,0.032,2025-10
CUST-202118,2025-08-12,treatment,0.587,0.029,2025-08
CUST-202119,2025-04-11,control,0.412,0.057,2025-04
CUST-202120,2025-03-24,treatment,0.473,0.072,2025-03
CUST-202121,2025-05-30,control,0.547,0.04,2025-05
CUST-202122,2025-12-18,control,0.363,0.054,2025-12
CUST-202123,2025-12-26,treatment,0.654,0.047,2025-12
CUST-202124,2026-01-20,treatment,0.576,0.068,2026-01
CUST-202125,2026-01-28,treatment,0.601,0.01,2026-01
CUST-202126,2025-07-14,control,0.521,0.061,2025-07
CUST-202127,2025-08-29,treatment,0.549,0.05,2025-08
CUST-202128,2025-02-03,control,0.452,0.089,2025-02
CUST-202129,2025-03-05,treatment,0.51,0.045,2025-03
CUST-202130,2025-04-12,treatment,0.436,0.031,2025-04
CUST-202131,2025-03-09,treatment,0.584,0.03,2025-03
CUST-202132,2025-10-28,treatment,0.49,0.03,2025-10
CUST-202133,2025-12-04,control,0.352,0.033,2025-12
CUST-202134,2025-01-01,treatment,0.537,0.021,2025-01
CUST-202135,2025-10-01,control,0.337,0.0,2025-10
CUST-202136,2025-04-28,control,0.345,0.073,2025-04
CUST-202137,2025-07-17,control,0.56,0.047,2025-07
CUST-202138,2025-05-28,control,0.536,0.073,2025-05
CUST-202139,2025-03-02,treatment,0.482,0.055,2025-03
CUST-202140,2025-11-12,control,0.412,0.054,2025-11
CUST-202141,2025-05-04,treatment,0.571,0.028,2025-05
CUST-202142,2025-06-24,treatment,0.751,0.071,2025-06
CUST-202143,2025-08-25,control,0.443,0.03,2025-08
CUST-202144,2025-07-30,treatment,0.478,0.034,2025-07
CUST-202145,2025-03-15,control,0.365,0.051,2025-03
CUST-202146,2025-09-26,control,0.471,0.053,2025-09
CUST-202147,2025-03-05,treatment,0.54,0.03,2025-03
CUST-202148,2025-11-10,treatment,0.564,0.032,2025-11
CUST-202149,2025-09-17,control,0.31,0.068,2025-09
CUST-202150,2025-05-16,treatment,0.592,0.07,2025-05
CUST-202151,2025-05-22,control,0.415,0.054,2025-05
CUST-202152,2025-03-10,treatment,0.577,0.048,2025-03
CUST-202153,2025-06-27,treatment,0.465,0.055,2025-06
CUST-202154,2025-03-14,treatment,0.466,0.063,2025-03
CUST-202155,2025-07-22,treatment,0.437,0.074,2025-07
CUST-202156,2025-03-06,control,0.492,0.069,2025-03
CUST-202157,2025-12-22,treatment,0.476,0.049,2025-12
CUST-202158,2025-02-15,control,0.314,0.064,2025-02
CUST-202159,2025-10-15,treatment,0.477,0.047,2025-10
CUST-202160,2025-06-26,treatment,0.354,0.073,2025-06
CUST-202161,2025-05-16,treatment,0.359,0.045,2025-05
CUST-202162,2025-03-15,control,0.411,0.077,2025-03
CUST-202163,2025-09-12,treatment,0.507,0.079,2025-09
CUST-202164,2025-11-10,control,0.614,0.05,2025-11
CUST-202165,2025-09-17,treatment,0.427,0.032,2025-09
CUST-202166,2025-01-01,control,0.514,0.058,2025-01
CUST-202167,2025-11-29,control,0.449,0.067,2025-11
CUST-202168,2026-01-17,control,0.442,0.088,2026-01
CUST-202169,2025-10-10,control,0.37,0.089,2025-10
CUST-202170,2025-01-06,control,0.41,0.056,2025-01
CUST-202171,2025-07-21,control,0.455,0.055,2025-07
CUST-202172,2025-05-11,treatment,0.445,0.065,2025-05
CUST-202173,2025-09-19,control,0.548,0.02,2025-09
CUST-202174,2025-10-29,control,0.335,0.05,2025-10
CUST-202175,2025-12-21,treatment,0.491,0.052,2025-12
CUST-202176,2025-12-15,treatment,0.517,0.017,2025-12
CUST-202177,2026-01-22,treatment,0.586,0.07,2026-01
CUST-202178,2025-02-04,treatment,0.545,0.026,2025-02
CUST-202179,2025-02-17,control,0.397,0.084,2025-02
CUST-202180,2025-11-17,control,0.375,0.058,2025-11
CUST-202181,2025-10-14,treatment,0.441,0.051,2025-10
CUST-202182,2025-10-28,treatment,0.39,0.039,2025-10
CUST-202183,2025-04-05,control,0.347,0.04,2025-04
CUST-202184,2025-07-03,control,0.399,0.056,2025-07
CUST-202185,2025-09-15,control,0.416,0.062,2025-09
CUST-202186,2025-09-08,control,0.478,0.076,2025-09
CUST-202187,2025-12-10,control,0.473,0.049,2025-12
CUST-202188,2025-05-27,control,0.387,0.071,2025-05
CUST-202189,2025-12-01,treatment,0.55,0.029,2025-12
CUST-202190,2025-05-05,treatment,0.57,0.027,2025-05
CUST-202191,2025-11-01,control,0.332,0.064,2025-11
CUST-202192,2025-01-14,control,0.32,0.095,2025-01
CUST-202193,2025-03-24,control,0.41,0.074,2025-03
CUST-202194,2025-01-03,control,0.324,0.043,2025-01
CUST-202195,2025-03-28,treatment,0.469,0.045,2025-03
CUST-202196,2025-07-30,control,0.402,0.069,2025-07
CUST-202197,2025-12-15,treatment,0.492,0.033,2025-12
CUST-202198,2025-01-05,control,0.375,0.064,2025-01
CUST-202199,2025-08-23,treatment,0.471,0.017,2025-08
