prospect_id,industry,region,company_size_band,est_annual_revenue,digital_engagement_score,years_in_business,existing_bank_relationship,targeting_readiness_score,targeting_tier
PROS-100000,Manufacturing,West,10-49 employees,991000.0,75.6,37,Yes,66.6,Tier 1 - Priority
PROS-100001,Hospitality,Central,1-9 employees,192000.0,20.7,32,Yes,32.8,Tier 3 - Nurture
PROS-100002,Technology,West,10-49 employees,467000.0,31.4,11,Yes,28.1,Tier 3 - Nurture
PROS-100003,Healthcare,East,1-9 employees,362000.0,36.0,16,Yes,26.4,Tier 3 - Nurture
PROS-100004,Healthcare,East,1-9 employees,247000.0,35.1,27,No,34.7,Tier 2 - Warm
PROS-100005,Wholesale Distribution,South,10-49 employees,758000.0,58.6,17,Yes,43.9,Tier 2 - Warm
PROS-100006,Manufacturing,South,50-249 employees,43000.0,42.1,16,No,43.9,Tier 2 - Warm
PROS-100007,Technology,West,250-999 employees,516000.0,39.9,34,No,64.7,Tier 2 - Warm
PROS-100008,Professional Services,North,50-249 employees,660000.0,44.6,5,Yes,36.2,Tier 2 - Warm
PROS-100009,Manufacturing,North,250-999 employees,164000.0,33.6,20,Yes,51.1,Tier 2 - Warm
PROS-100010,Transportation & Logistics,South,50-249 employees,3854000.0,14.1,15,No,31.7,Tier 3 - Nurture
PROS-100011,Education,West,50-249 employees,379000.0,35.8,29,Yes,51.6,Tier 2 - Warm
PROS-100012,Hospitality,West,1-9 employees,562000.0,28.1,39,Yes,41.3,Tier 2 - Warm
PROS-100013,Hospitality,East,10-49 employees,380000.0,56.7,36,Yes,58.1,Tier 2 - Warm
PROS-100014,Hospitality,East,1-9 employees,667000.0,75.1,14,Yes,40.8,Tier 2 - Warm
PROS-100015,Hospitality,North,1-9 employees,3075000.0,44.7,16,No,29.9,Tier 3 - Nurture
PROS-100016,Transportation & Logistics,South,1-9 employees,11076000.0,25.2,5,Yes,13.3,Tier 3 - Nurture
PROS-100017,Retail Trade,North,50-249 employees,1656000.0,39.1,35,Yes,57.7,Tier 2 - Warm
PROS-100018,Wholesale Distribution,West,50-249 employees,2414000.0,12.3,12,No,28.5,Tier 3 - Nurture
PROS-100019,Healthcare,West,250-999 employees,4819000.0,15.6,13,No,38.2,Tier 2 - Warm
PROS-100020,Transportation & Logistics,South,1000+ employees,959000.0,22.7,15,Yes,50.2,Tier 2 - Warm
PROS-100021,Construction,South,250-999 employees,4103000.0,52.8,37,Yes,72.3,Tier 1 - Priority
PROS-100022,Retail Trade,South,1-9 employees,1744000.0,67.3,39,Yes,57.3,Tier 2 - Warm
PROS-100023,Education,Central,250-999 employees,855000.0,39.849999999999994,12,Yes,47.3,Tier 2 - Warm
PROS-100024,Hospitality,East,50-249 employees,1072000.0,75.8,26,Yes,65.5,Tier 2 - Warm
PROS-100025,Technology,West,250-999 employees,98000.0,31.7,10,No,42.4,Tier 2 - Warm
PROS-100026,Healthcare,East,1-9 employees,1006000.0,36.0,18,Yes,28.0,Tier 3 - Nurture
PROS-100027,Wholesale Distribution,West,1-9 employees,134000.0,67.2,29,No,49.4,Tier 2 - Warm
PROS-100028,Transportation & Logistics,East,250-999 employees,122000.0,79.6,20,Yes,69.9,Tier 1 - Priority
PROS-100029,Healthcare,South,1-9 employees,902000.0,25.1,36,Yes,37.7,Tier 2 - Warm
PROS-100030,Healthcare,Central,10-49 employees,214000.0,35.3,20,No,36.8,Tier 2 - Warm
PROS-100031,Professional Services,West,10-49 employees,724000.0,2.6,30,No,31.3,Tier 3 - Nurture
PROS-100032,Manufacturing,West,1-9 employees,849000.0,69.6,19,Yes,42.5,Tier 2 - Warm
PROS-100033,Transportation & Logistics,Central,1-9 employees,892000.0,33.2,29,Yes,35.5,Tier 2 - Warm
PROS-100034,Wholesale Distribution,South,1000+ employees,270000.0,12.5,33,No,60.2,Tier 2 - Warm
PROS-100035,Manufacturing,North,250-999 employees,1960000.0,10.1,38,No,55.7,Tier 2 - Warm
PROS-100036,Wholesale Distribution,East,250-999 employees,661000.0,22.1,14,Yes,41.6,Tier 2 - Warm
PROS-100037,Wholesale Distribution,South,1-9 employees,1185000.0,43.7,22,Yes,34.3,Tier 2 - Warm
PROS-100038,Professional Services,East,1-9 employees,196000.0,18.4,28,Yes,28.7,Tier 3 - Nurture
PROS-100039,Technology,South,10-49 employees,599000.0,34.1,35,No,48.1,Tier 2 - Warm
PROS-100040,Retail Trade,South,10-49 employees,2439000.0,42.1,4,Yes,26.9,Tier 3 - Nurture
PROS-100041,Hospitality,South,1-9 employees,2121000.0,9.0,2,Yes,4.3,Tier 3 - Nurture
PROS-100042,Hospitality,South,50-249 employees,303000.0,23.6,4,No,26.8,Tier 3 - Nurture
PROS-100043,Construction,West,1000+ employees,400000.0,41.6,6,No,50.8,Tier 2 - Warm
PROS-100044,Manufacturing,East,10-49 employees,246000.0,23.2,11,No,24.7,Tier 3 - Nurture
PROS-100045,Education,East,10-49 employees,354000.0,39.9,11,Yes,31.5,Tier 3 - Nurture
PROS-100046,Healthcare,North,10-49 employees,157000.0,37.8,5,Yes,25.9,Tier 3 - Nurture
PROS-100047,Wholesale Distribution,East,1-9 employees,627000.0,84.2,37,No,62.7,Tier 2 - Warm
PROS-100048,Technology,North,1-9 employees,1464000.0,55.7,32,No,47.1,Tier 2 - Warm
PROS-100049,Hospitality,South,10-49 employees,308000.0,17.8,8,Yes,20.1,Tier 3 - Nurture
PROS-100050,Hospitality,East,10-49 employees,660000.0,41.5,16,Yes,36.1,Tier 2 - Warm
PROS-100051,Retail Trade,North,10-49 employees,572000.0,56.3,15,No,41.4,Tier 2 - Warm
PROS-100052,Construction,South,50-249 employees,2328000.0,35.2,34,Yes,55.3,Tier 2 - Warm
PROS-100053,Healthcare,South,1-9 employees,372000.0,28.1,2,No,12.1,Tier 3 - Nurture
PROS-100054,Healthcare,Central,1-9 employees,387000.0,28.0,34,Yes,37.3,Tier 2 - Warm
PROS-100055,Manufacturing,Central,1-9 employees,288000.0,39.7,4,No,18.4,Tier 3 - Nurture
PROS-100056,Transportation & Logistics,North,1-9 employees,724000.0,38.7,21,Yes,31.4,Tier 3 - Nurture
PROS-100057,Retail Trade,West,10-49 employees,1306000.0,66.8,23,Yes,52.0,Tier 2 - Warm
PROS-100058,Hospitality,West,50-249 employees,629000.0,4.0,9,No,22.8,Tier 3 - Nurture
PROS-100059,Technology,South,250-999 employees,775000.0,34.1,4,No,38.6,Tier 2 - Warm
PROS-100060,Education,East,10-49 employees,2964000.0,69.4,17,Yes,48.3,Tier 2 - Warm
PROS-100061,Hospitality,West,10-49 employees,3157000.0,28.9,36,Yes,46.8,Tier 2 - Warm
PROS-100062,Construction,South,1-9 employees,119000.0,20.9,23,Yes,25.7,Tier 3 - Nurture
PROS-100063,Education,North,10-49 employees,1488000.0,23.2,35,No,43.7,Tier 2 - Warm
PROS-100064,Healthcare,South,1-9 employees,935000.0,59.2,14,Yes,34.3,Tier 2 - Warm
PROS-100065,Construction,South,250-999 employees,439000.0,10.3,25,Yes,45.5,Tier 2 - Warm
PROS-100066,Education,South,10-49 employees,1046000.0,19.6,34,Yes,41.4,Tier 2 - Warm
PROS-100067,Construction,South,1-9 employees,109000.0,68.0,16,No,39.5,Tier 2 - Warm
PROS-100068,Manufacturing,North,1-9 employees,3645000.0,15.7,39,Yes,36.3,Tier 2 - Warm
PROS-100069,Healthcare,Central,1-9 employees,1285000.0,70.9,35,No,55.6,Tier 2 - Warm
PROS-100070,Hospitality,North,250-999 employees,282000.0,74.5,24,No,70.9,Tier 1 - Priority
PROS-100071,Retail Trade,West,1-9 employees,383000.0,60.5,20,No,39.6,Tier 2 - Warm
PROS-100072,Healthcare,West,1-9 employees,112000.0,33.3,7,Yes,18.2,Tier 3 - Nurture
PROS-100073,Retail Trade,West,1-9 employees,724000.0,26.8,8,Yes,16.3,Tier 3 - Nurture
PROS-100074,Technology,Central,50-249 employees,429000.0,69.0,35,No,69.9,Tier 1 - Priority
PROS-100075,Healthcare,North,10-49 employees,170000.0,38.8,14,Yes,33.5,Tier 2 - Warm
PROS-100076,Construction,South,10-49 employees,1714000.0,48.8,37,No,55.7,Tier 2 - Warm
PROS-100077,Professional Services,North,10-49 employees,2971000.0,9.6,15,Yes,22.3,Tier 3 - Nurture
PROS-100078,Transportation & Logistics,East,1-9 employees,724000.0,81.4,10,No,40.2,Tier 2 - Warm
PROS-100079,Technology,West,250-999 employees,521000.0,40.099999999999994,23,No,56.1,Tier 2 - Warm
PROS-100080,Education,Central,1-9 employees,1177000.0,25.3,12,No,18.9,Tier 3 - Nurture
PROS-100081,Healthcare,South,1-9 employees,714000.0,42.7,16,No,29.1,Tier 3 - Nurture
PROS-100082,Retail Trade,South,10-49 employees,222000.0,82.3,19,Yes,55.2,Tier 2 - Warm
PROS-100083,Wholesale Distribution,Central,1-9 employees,356000.0,35.5,32,Yes,38.8,Tier 2 - Warm
PROS-100084,Technology,West,1-9 employees,526000.0,60.0,33,Yes,49.6,Tier 2 - Warm
PROS-100085,Hospitality,West,50-249 employees,958000.0,9.8,25,No,37.8,Tier 2 - Warm
PROS-100086,Manufacturing,East,10-49 employees,749000.0,7.9,37,Yes,39.0,Tier 2 - Warm
PROS-100087,Construction,East,1-9 employees,919000.0,59.1,10,Yes,31.1,Tier 3 - Nurture
PROS-100088,Hospitality,South,1-9 employees,136000.0,25.3,26,Yes,29.9,Tier 3 - Nurture
PROS-100089,Wholesale Distribution,West,50-249 employees,1516000.0,35.2,16,No,41.1,Tier 2 - Warm
PROS-100090,Healthcare,South,1-9 employees,732000.0,77.5,17,No,44.1,Tier 2 - Warm
PROS-100091,Wholesale Distribution,Central,1-9 employees,12091000.0,28.4,29,No,33.5,Tier 2 - Warm
PROS-100092,Wholesale Distribution,North,10-49 employees,476000.0,54.8,14,Yes,40.0,Tier 2 - Warm
PROS-100093,Construction,East,10-49 employees,1041000.0,25.7,10,No,24.9,Tier 3 - Nurture
PROS-100094,Wholesale Distribution,South,1000+ employees,16389000.0,38.6,19,Yes,59.8,Tier 2 - Warm
PROS-100095,Professional Services,West,10-49 employees,903000.0,8.7,4,No,13.3,Tier 3 - Nurture
PROS-100096,Professional Services,West,1-9 employees,677000.0,62.9,22,No,42.1,Tier 2 - Warm
PROS-100097,Technology,Central,10-49 employees,246000.0,62.4,28,Yes,54.1,Tier 2 - Warm
PROS-100098,Technology,West,10-49 employees,3918000.0,62.6,6,Yes,36.9,Tier 2 - Warm
PROS-100099,Retail Trade,South,1-9 employees,204000.0,9.2,16,Yes,15.4,Tier 3 - Nurture
PROS-100100,Wholesale Distribution,South,10-49 employees,1167000.0,55.7,11,Yes,38.0,Tier 2 - Warm
PROS-100101,Retail Trade,Central,1-9 employees,433000.0,56.1,5,Yes,25.9,Tier 3 - Nurture
PROS-100102,Wholesale Distribution,East,50-249 employees,592000.0,39.05,6,Yes,34.7,Tier 2 - Warm
PROS-100103,Manufacturing,North,50-249 employees,152000.0,48.1,19,Yes,48.7,Tier 2 - Warm
PROS-100104,Hospitality,Central,10-49 employees,3196000.0,54.3,22,Yes,46.1,Tier 2 - Warm
PROS-100105,Hospitality,West,1000+ employees,537000.0,2.6,22,No,47.5,Tier 2 - Warm
PROS-100106,Hospitality,North,1000+ employees,705500.0,29.9,3,No,43.6,Tier 2 - Warm
PROS-100107,Technology,West,1-9 employees,2893000.0,37.6,2,No,16.0,Tier 3 - Nurture
PROS-100108,Healthcare,West,10-49 employees,419000.0,17.2,5,Yes,17.5,Tier 3 - Nurture
PROS-100109,Hospitality,West,10-49 employees,1054000.0,7.6,31,No,34.1,Tier 2 - Warm
PROS-100110,Professional Services,Central,1-9 employees,1841000.0,47.1,26,No,38.8,Tier 2 - Warm
PROS-100111,Hospitality,East,10-49 employees,1229000.0,11.0,20,Yes,26.8,Tier 3 - Nurture
PROS-100112,Transportation & Logistics,East,1-9 employees,65000.0,35.1,2,No,15.0,Tier 3 - Nurture
PROS-100113,Healthcare,West,1000+ employees,1567000.0,81.5,1,No,63.1,Tier 2 - Warm
PROS-100114,Transportation & Logistics,North,10-49 employees,653000.0,7.8,16,No,22.4,Tier 3 - Nurture
PROS-100115,Transportation & Logistics,North,50-249 employees,508000.0,52.7,34,Yes,62.4,Tier 2 - Warm
PROS-100116,Manufacturing,Central,10-49 employees,647000.0,30.1,5,Yes,22.8,Tier 3 - Nurture
PROS-100117,Retail Trade,South,1-9 employees,124000.0,23.0,23,Yes,26.6,Tier 3 - Nurture
PROS-100118,Professional Services,East,250-999 employees,901000.0,48.4,23,No,59.5,Tier 2 - Warm
PROS-100119,Retail Trade,South,1-9 employees,163000.0,23.7,38,No,38.7,Tier 2 - Warm
PROS-100120,Healthcare,South,1-9 employees,533000.0,49.0,12,Yes,28.5,Tier 3 - Nurture
PROS-100121,Technology,East,10-49 employees,866000.0,65.5,11,Yes,42.0,Tier 2 - Warm
PROS-100122,Technology,Central,50-249 employees,2377000.0,74.9,24,Yes,63.6,Tier 2 - Warm
PROS-100123,Healthcare,East,1-9 employees,296000.0,36.0,17,No,27.2,Tier 3 - Nurture
PROS-100124,Wholesale Distribution,North,1-9 employees,3601000.0,48.5,7,Yes,24.4,Tier 3 - Nurture
PROS-100125,Transportation & Logistics,South,1-9 employees,2067000.0,33.0,26,Yes,33.1,Tier 2 - Warm
PROS-100126,Manufacturing,North,1-9 employees,455000.0,27.1,38,No,40.1,Tier 2 - Warm
PROS-100127,Hospitality,Central,1-9 employees,215000.0,23.8,36,Yes,37.2,Tier 2 - Warm
PROS-100128,Transportation & Logistics,South,10-49 employees,149000.0,22.6,4,No,18.9,Tier 3 - Nurture
PROS-100129,Technology,South,1-9 employees,984000.0,39.5,31,Yes,39.7,Tier 2 - Warm
PROS-100130,Transportation & Logistics,North,1-9 employees,324000.0,14.4,28,Yes,27.0,Tier 3 - Nurture
PROS-100131,Transportation & Logistics,East,10-49 employees,2729000.0,39.7,26,No,43.3,Tier 2 - Warm
PROS-100132,Manufacturing,Central,50-249 employees,345000.0,38.3,19,Yes,44.7,Tier 2 - Warm
PROS-100133,Transportation & Logistics,East,1-9 employees,271000.0,17.9,32,Yes,31.6,Tier 3 - Nurture
PROS-100134,Hospitality,West,1-9 employees,943000.0,26.9,23,No,28.2,Tier 3 - Nurture
PROS-100135,Construction,North,1-9 employees,343000.0,23.5,4,No,11.8,Tier 3 - Nurture
PROS-100136,Technology,North,1000+ employees,736000.0,42.4,6,Yes,51.1,Tier 2 - Warm
PROS-100137,Manufacturing,West,1-9 employees,2158000.0,58.6,29,No,45.9,Tier 2 - Warm
PROS-100138,Construction,North,1-9 employees,830000.0,34.0,16,Yes,25.6,Tier 3 - Nurture
PROS-100139,Healthcare,East,10-49 employees,833000.0,37.4,23,No,40.0,Tier 2 - Warm
PROS-100140,Education,South,1-9 employees,914000.0,45.1,32,No,42.7,Tier 2 - Warm
PROS-100141,Professional Services,North,1-9 employees,113000.0,10.0,11,Yes,11.8,Tier 3 - Nurture
PROS-100142,Professional Services,East,1-9 employees,1122000.0,54.4,35,No,48.9,Tier 2 - Warm
PROS-100143,Healthcare,Central,10-49 employees,870000.0,14.9,10,Yes,20.5,Tier 3 - Nurture
PROS-100144,Education,North,10-49 employees,1948000.0,8.9,18,Yes,24.4,Tier 3 - Nurture
PROS-100145,Wholesale Distribution,Central,50-249 employees,1420000.0,36.1,12,Yes,38.3,Tier 2 - Warm
PROS-100146,Manufacturing,East,50-249 employees,584000.0,70.6,28,No,65.0,Tier 2 - Warm
PROS-100147,Professional Services,West,1-9 employees,2271000.0,32.4,5,No,16.2,Tier 3 - Nurture
PROS-100148,Wholesale Distribution,North,250-999 employees,529000.0,30.1,14,No,44.9,Tier 2 - Warm
PROS-100149,Manufacturing,Central,50-249 employees,957000.0,58.9,11,Yes,46.8,Tier 2 - Warm
PROS-100150,Wholesale Distribution,North,50-249 employees,518000.0,27.8,29,Yes,48.3,Tier 2 - Warm
PROS-100151,Professional Services,Central,50-249 employees,1212000.0,22.6,3,No,25.6,Tier 3 - Nurture
PROS-100152,Education,West,10-49 employees,482000.0,16.0,26,Yes,33.6,Tier 2 - Warm
PROS-100153,Professional Services,South,1-9 employees,4467000.0,49.1,27,No,40.4,Tier 2 - Warm
PROS-100154,Healthcare,North,10-49 employees,6710000.0,67.7,29,No,57.1,Tier 2 - Warm
PROS-100155,Technology,West,1-9 employees,1908000.0,83.2,20,No,48.8,Tier 2 - Warm
PROS-100156,Retail Trade,North,10-49 employees,3975000.0,49.0,26,Yes,47.1,Tier 2 - Warm
PROS-100157,Transportation & Logistics,West,1-9 employees,134000.0,17.8,5,Yes,10.3,Tier 3 - Nurture
PROS-100158,Transportation & Logistics,West,1-9 employees,153000.0,41.8,22,Yes,33.5,Tier 2 - Warm
PROS-100159,Hospitality,South,250-999 employees,512000.0,24.3,28,No,53.6,Tier 2 - Warm
PROS-100160,Education,South,50-249 employees,763000.0,69.5,10,Yes,50.3,Tier 2 - Warm
PROS-100161,Technology,South,10-49 employees,587000.0,34.3,7,No,26.1,Tier 3 - Nurture
PROS-100162,Healthcare,South,1-9 employees,120000.0,33.5,12,No,22.2,Tier 3 - Nurture
PROS-100163,Healthcare,North,10-49 employees,2589000.0,56.6,20,No,45.5,Tier 2 - Warm
PROS-100164,Healthcare,South,250-999 employees,7800000.0,39.5,2,No,39.3,Tier 2 - Warm
PROS-100165,Wholesale Distribution,West,50-249 employees,738500.0,72.4,36,No,72.0,Tier 1 - Priority
PROS-100166,Construction,South,10-49 employees,2407000.0,37.4,26,Yes,42.4,Tier 2 - Warm
PROS-100167,Retail Trade,West,10-49 employees,935000.0,70.5,30,No,59.0,Tier 2 - Warm
PROS-100168,Construction,Central,1-9 employees,289000.0,44.8,34,Yes,44.2,Tier 2 - Warm
PROS-100169,Manufacturing,West,50-249 employees,790000.0,34.5,23,No,46.3,Tier 2 - Warm
PROS-100170,Retail Trade,East,1000+ employees,7394000.0,85.6,31,Yes,88.5,Tier 1 - Priority
PROS-100171,Manufacturing,South,10-49 employees,495000.0,10.9,23,No,29.2,Tier 3 - Nurture
PROS-100172,Hospitality,Central,10-49 employees,442000.0,18.7,31,Yes,38.7,Tier 2 - Warm
PROS-100173,Hospitality,South,10-49 employees,2466000.0,31.0,3,No,21.6,Tier 3 - Nurture
PROS-100174,Technology,East,10-49 employees,2653000.0,47.5,33,Yes,52.0,Tier 2 - Warm
PROS-100175,Healthcare,East,1000+ employees,287000.0,36.0,17,No,57.2,Tier 2 - Warm
PROS-100176,Hospitality,West,50-249 employees,547000.0,6.9,19,Yes,31.9,Tier 3 - Nurture
PROS-100177,Retail Trade,East,10-49 employees,420000.0,25.2,12,Yes,26.3,Tier 3 - Nurture
PROS-100178,Education,West,10-49 employees,788000.0,43.0,16,No,36.7,Tier 2 - Warm
PROS-100179,Transportation & Logistics,Central,10-49 employees,2456000.0,55.4,19,No,44.2,Tier 2 - Warm
PROS-100180,Education,South,1-9 employees,301000.0,57.2,15,Yes,34.3,Tier 2 - Warm
PROS-100181,Retail Trade,Central,10-49 employees,2418000.0,22.9,38,No,45.9,Tier 2 - Warm
PROS-100182,Healthcare,North,50-249 employees,816000.0,10.4,20,No,34.1,Tier 2 - Warm
PROS-100183,Technology,Central,50-249 employees,9424000.0,49.4,31,No,58.7,Tier 2 - Warm
PROS-100184,Healthcare,North,1-9 employees,1036000.0,25.7,38,Yes,39.5,Tier 2 - Warm
PROS-100185,Healthcare,Central,50-249 employees,656000.0,50.0,24,No,53.4,Tier 2 - Warm
PROS-100186,Retail Trade,South,50-249 employees,1373000.0,9.9,14,Yes,29.1,Tier 3 - Nurture
PROS-100187,Construction,Central,1-9 employees,503000.0,79.5,28,No,53.6,Tier 2 - Warm
PROS-100188,Professional Services,North,10-49 employees,101000.0,12.5,1,Yes,12.4,Tier 3 - Nurture
PROS-100189,Construction,East,10-49 employees,560000.0,26.7,29,No,40.4,Tier 2 - Warm
PROS-100190,Technology,Central,50-249 employees,550000.0,30.5,1,Yes,27.3,Tier 3 - Nurture
PROS-100191,Technology,North,1-9 employees,127000.0,59.0,18,Yes,37.4,Tier 2 - Warm
PROS-100192,Technology,South,1-9 employees,673000.0,37.3,11,No,23.0,Tier 3 - Nurture
PROS-100193,Construction,North,10-49 employees,749000.0,29.0,34,No,45.2,Tier 2 - Warm
PROS-100194,Education,South,1-9 employees,724000.0,41.2,26,No,36.4,Tier 2 - Warm
PROS-100195,Manufacturing,South,10-49 employees,954000.0,31.1,25,No,39.0,Tier 2 - Warm
PROS-100196,Construction,West,50-249 employees,812000.0,35.0,26,Yes,48.9,Tier 2 - Warm
PROS-100197,Retail Trade,South,1-9 employees,464000.0,21.8,29,No,30.8,Tier 3 - Nurture
PROS-100198,Construction,North,10-49 employees,664000.0,59.9,7,Yes,36.5,Tier 2 - Warm
PROS-100199,Education,North,1000+ employees,308000.0,14.2,1,Yes,35.6,Tier 2 - Warm
PROS-100200,Construction,Central,10-49 employees,738000.0,44.3,37,Yes,53.9,Tier 2 - Warm
PROS-100201,Education,Central,10-49 employees,778000.0,15.4,21,Yes,29.4,Tier 3 - Nurture
PROS-100202,Healthcare,South,10-49 employees,271000.0,84.4,27,Yes,62.3,Tier 2 - Warm
PROS-100203,Technology,North,1-9 employees,979000.0,35.3,15,Yes,25.3,Tier 3 - Nurture
PROS-100204,Healthcare,North,1-9 employees,972000.0,50.0,34,No,46.3,Tier 2 - Warm
PROS-100205,Professional Services,Central,50-249 employees,738500.0,10.9,3,No,20.9,Tier 3 - Nurture
PROS-100206,Hospitality,West,10-49 employees,10461000.0,12.4,18,Yes,25.8,Tier 3 - Nurture
PROS-100207,Education,West,1-9 employees,625000.0,52.9,26,Yes,41.2,Tier 2 - Warm
PROS-100208,Professional Services,South,1-9 employees,537000.0,21.9,19,Yes,23.0,Tier 3 - Nurture
PROS-100209,Hospitality,West,50-249 employees,458000.0,60.6,37,No,68.0,Tier 1 - Priority
PROS-100210,Professional Services,North,1-9 employees,251000.0,29.2,1,Yes,11.8,Tier 3 - Nurture
PROS-100211,Hospitality,West,50-249 employees,1551000.0,15.8,29,No,43.4,Tier 2 - Warm
PROS-100212,Hospitality,East,10-49 employees,343000.0,60.9,35,Yes,59.1,Tier 2 - Warm
PROS-100213,Healthcare,South,10-49 employees,391000.0,59.1,4,No,33.9,Tier 2 - Warm
PROS-100214,Hospitality,West,1-9 employees,404000.0,49.2,26,No,39.7,Tier 2 - Warm
PROS-100215,Professional Services,West,1-9 employees,247000.0,54.0,3,Yes,23.5,Tier 3 - Nurture
PROS-100216,Manufacturing,East,10-49 employees,106000.0,24.2,25,No,36.2,Tier 2 - Warm
PROS-100217,Manufacturing,North,50-249 employees,438000.0,17.7,14,Yes,32.3,Tier 3 - Nurture
PROS-100218,Healthcare,North,1-9 employees,1906000.0,21.8,33,Yes,34.0,Tier 2 - Warm
PROS-100219,Education,Central,10-49 employees,906000.0,29.8,10,No,26.6,Tier 3 - Nurture
PROS-100220,Retail Trade,South,10-49 employees,4060000.0,69.3,15,Yes,46.7,Tier 2 - Warm
PROS-100221,Healthcare,South,1-9 employees,1666000.0,36.1,2,No,15.4,Tier 3 - Nurture
PROS-100222,Hospitality,West,10-49 employees,1298000.0,48.9,29,Yes,49.4,Tier 2 - Warm
PROS-100223,Professional Services,South,1-9 employees,5786000.0,51.4,2,No,21.6,Tier 3 - Nurture
PROS-100224,Hospitality,South,10-49 employees,655000.0,11.5,27,No,32.6,Tier 3 - Nurture
PROS-100225,Construction,West,1-9 employees,782000.0,40.4,14,No,26.6,Tier 3 - Nurture
PROS-100226,Wholesale Distribution,East,10-49 employees,720000.0,39.05,37,Yes,51.7,Tier 2 - Warm
PROS-100227,Transportation & Logistics,West,1-9 employees,3985000.0,41.8,6,Yes,20.9,Tier 3 - Nurture
PROS-100228,Transportation & Logistics,North,10-49 employees,731000.0,46.5,25,No,45.3,Tier 2 - Warm
PROS-100229,Retail Trade,East,10-49 employees,358000.0,29.6,8,No,25.0,Tier 3 - Nurture
PROS-100230,Healthcare,East,250-999 employees,1392000.0,8.3,2,No,26.5,Tier 3 - Nurture
PROS-100231,Wholesale Distribution,West,10-49 employees,749000.0,37.15,34,Yes,48.6,Tier 2 - Warm
PROS-100232,Manufacturing,North,50-249 employees,1312000.0,50.5,35,No,62.3,Tier 2 - Warm
PROS-100233,Hospitality,North,1-9 employees,1150000.0,23.4,39,No,39.4,Tier 2 - Warm
PROS-100234,Healthcare,West,10-49 employees,592000.0,2.4,8,No,13.8,Tier 3 - Nurture
PROS-100235,Hospitality,West,1-9 employees,1359000.0,44.5,32,Yes,42.5,Tier 2 - Warm
PROS-100236,Technology,Central,10-49 employees,142000.0,56.6,20,No,45.5,Tier 2 - Warm
PROS-100237,Healthcare,South,50-249 employees,873000.0,16.3,10,Yes,28.6,Tier 3 - Nurture
PROS-100238,Construction,Central,50-249 employees,738500.0,63.4,16,Yes,52.6,Tier 2 - Warm
PROS-100239,Technology,South,10-49 employees,16996000.0,29.3,7,Yes,24.0,Tier 3 - Nurture
PROS-100240,Retail Trade,West,10-49 employees,866000.0,69.1,25,No,54.5,Tier 2 - Warm
PROS-100241,Transportation & Logistics,North,1-9 employees,378000.0,57.5,23,No,40.7,Tier 2 - Warm
PROS-100242,Manufacturing,Central,1-9 employees,160000.0,55.6,7,No,27.3,Tier 3 - Nurture
PROS-100243,Technology,South,50-249 employees,3066000.0,34.3,31,Yes,52.5,Tier 2 - Warm
PROS-100244,Technology,Central,1-9 employees,496000.0,39.7,23,No,33.4,Tier 2 - Warm
PROS-100245,Manufacturing,South,1-9 employees,305000.0,40.25,26,Yes,36.0,Tier 2 - Warm
PROS-100246,Hospitality,West,250-999 employees,1056000.0,35.4,6,Yes,40.7,Tier 2 - Warm
PROS-100247,Healthcare,East,1000+ employees,1491000.0,22.4,32,No,63.5,Tier 2 - Warm
PROS-100248,Hospitality,North,10-49 employees,1465000.0,56.7,15,Yes,41.6,Tier 2 - Warm
PROS-100249,Manufacturing,North,10-49 employees,745000.0,58.7,19,Yes,45.5,Tier 2 - Warm
PROS-100250,Retail Trade,West,50-249 employees,869000.0,43.4,7,No,37.3,Tier 2 - Warm
PROS-100251,Healthcare,North,1-9 employees,942000.0,43.0,39,No,47.4,Tier 2 - Warm
PROS-100252,Retail Trade,South,10-49 employees,1056000.0,58.6,21,Yes,47.1,Tier 2 - Warm
PROS-100253,Construction,East,10-49 employees,1164000.0,45.6,31,No,49.7,Tier 2 - Warm
PROS-100254,Technology,South,250-999 employees,2431000.0,37.1,24,No,55.7,Tier 2 - Warm
PROS-100255,Retail Trade,North,250-999 employees,776000.0,47.2,2,Yes,42.4,Tier 2 - Warm
PROS-100256,Technology,West,50-249 employees,297000.0,21.3,28,No,44.9,Tier 2 - Warm
PROS-100257,Retail Trade,West,1-9 employees,622000.0,83.6,15,No,45.0,Tier 2 - Warm
PROS-100258,Retail Trade,West,10-49 employees,1671000.0,68.6,24,Yes,53.5,Tier 2 - Warm
PROS-100259,Transportation & Logistics,Central,1-9 employees,102000.0,7.1,22,Yes,19.3,Tier 3 - Nurture
PROS-100260,Hospitality,North,250-999 employees,103000.0,65.7,31,Yes,72.9,Tier 1 - Priority
PROS-100261,Retail Trade,East,1-9 employees,2003000.0,9.4,9,No,10.0,Tier 3 - Nurture
PROS-100262,Professional Services,South,1-9 employees,3883000.0,38.9,38,Yes,44.9,Tier 2 - Warm
PROS-100263,Education,Central,50-249 employees,738500.0,17.3,16,Yes,33.7,Tier 2 - Warm
PROS-100264,Education,East,10-49 employees,815000.0,78.0,29,Yes,61.3,Tier 2 - Warm
PROS-100265,Transportation & Logistics,North,50-249 employees,470000.0,42.5,25,No,51.1,Tier 2 - Warm
PROS-100266,Healthcare,West,1-9 employees,547000.0,10.3,23,Yes,21.4,Tier 3 - Nurture
PROS-100267,Construction,North,50-249 employees,1021000.0,42.4,22,Yes,48.7,Tier 2 - Warm
PROS-100268,Technology,South,1-9 employees,176000.0,18.7,24,No,25.6,Tier 3 - Nurture
PROS-100269,Transportation & Logistics,West,1-9 employees,216000.0,31.3,34,Yes,38.7,Tier 2 - Warm
PROS-100270,Professional Services,East,10-49 employees,524000.0,69.0,11,No,43.4,Tier 2 - Warm
PROS-100271,Manufacturing,West,1-9 employees,622000.0,18.4,11,Yes,15.2,Tier 3 - Nurture
PROS-100272,Retail Trade,East,10-49 employees,211000.0,57.9,39,Yes,61.0,Tier 2 - Warm
PROS-100273,Education,Central,1-9 employees,1739000.0,32.1,36,Yes,40.6,Tier 2 - Warm
PROS-100274,Healthcare,East,1-9 employees,461000.0,27.5,16,No,22.9,Tier 3 - Nurture
PROS-100275,Healthcare,North,50-249 employees,459000.0,17.2,13,No,31.3,Tier 3 - Nurture
PROS-100276,Healthcare,North,1-9 employees,995000.0,43.1,30,Yes,40.3,Tier 2 - Warm
PROS-100277,Hospitality,West,50-249 employees,633000.0,5.7,36,No,44.8,Tier 2 - Warm
PROS-100278,Manufacturing,North,50-249 employees,1833000.0,38.5,37,No,59.0,Tier 2 - Warm
PROS-100279,Manufacturing,South,1-9 employees,261000.0,10.7,10,Yes,11.3,Tier 3 - Nurture
PROS-100280,Professional Services,North,50-249 employees,157000.0,55.8,9,Yes,44.0,Tier 2 - Warm
PROS-100281,Healthcare,South,1-9 employees,519000.0,21.7,20,Yes,23.7,Tier 3 - Nurture
PROS-100282,Technology,East,10-49 employees,749000.0,21.8,7,Yes,21.0,Tier 3 - Nurture
PROS-100283,Healthcare,North,1-9 employees,186000.0,20.2,37,No,36.5,Tier 2 - Warm
PROS-100284,Healthcare,East,50-249 employees,158000.0,34.0,14,No,39.0,Tier 2 - Warm
PROS-100285,Education,Central,10-49 employees,891000.0,52.4,11,No,36.6,Tier 2 - Warm
PROS-100286,Retail Trade,North,10-49 employees,317000.0,73.4,38,No,66.5,Tier 1 - Priority
PROS-100287,Transportation & Logistics,North,1000+ employees,148000.0,22.4,34,No,65.0,Tier 2 - Warm
PROS-100288,Transportation & Logistics,South,1-9 employees,2109000.0,11.7,37,No,33.0,Tier 3 - Nurture
PROS-100289,Healthcare,Central,250-999 employees,364000.0,31.8,20,No,50.3,Tier 2 - Warm
PROS-100290,Wholesale Distribution,East,50-249 employees,2584000.0,40.1,31,No,54.9,Tier 2 - Warm
PROS-100291,Professional Services,West,250-999 employees,753000.0,51.7,17,No,56.1,Tier 2 - Warm
PROS-100292,Education,North,250-999 employees,1009000.0,12.9,3,No,29.2,Tier 3 - Nurture
PROS-100293,Construction,West,1000+ employees,578000.0,15.4,26,Yes,55.9,Tier 2 - Warm
PROS-100294,Transportation & Logistics,North,1-9 employees,39000.0,80.5,4,No,35.1,Tier 2 - Warm
PROS-100295,Transportation & Logistics,West,50-249 employees,209000.0,55.1,8,No,42.9,Tier 2 - Warm
PROS-100296,Wholesale Distribution,North,50-249 employees,635000.0,45.6,12,Yes,42.2,Tier 2 - Warm
PROS-100297,Healthcare,Central,10-49 employees,1089000.0,30.7,26,Yes,39.6,Tier 2 - Warm
PROS-100298,Professional Services,South,1-9 employees,102000.0,24.5,31,Yes,33.5,Tier 2 - Warm
PROS-100299,Manufacturing,North,1000+ employees,688000.0,39.7,7,Yes,50.8,Tier 2 - Warm
PROS-100300,Construction,South,1-9 employees,212000.0,44.6,29,Yes,40.2,Tier 2 - Warm
PROS-100301,Wholesale Distribution,North,10-49 employees,944000.0,4.0,28,Yes,30.3,Tier 3 - Nurture
PROS-100302,Manufacturing,North,10-49 employees,714000.0,28.8,24,No,37.3,Tier 2 - Warm
PROS-100303,Wholesale Distribution,East,1-9 employees,1653000.0,49.1,24,No,38.1,Tier 2 - Warm
PROS-100304,Transportation & Logistics,South,50-249 employees,2358000.0,55.0,16,Yes,49.2,Tier 2 - Warm
PROS-100305,Retail Trade,South,1-9 employees,1208000.0,51.6,6,Yes,24.9,Tier 3 - Nurture
PROS-100306,Construction,Central,50-249 employees,1879000.0,59.5,6,Yes,43.1,Tier 2 - Warm
PROS-100307,Transportation & Logistics,North,50-249 employees,496000.0,50.1,4,Yes,37.7,Tier 2 - Warm
PROS-100308,Construction,South,1-9 employees,16280000.0,9.5,19,No,17.9,Tier 3 - Nurture
PROS-100309,Retail Trade,North,50-249 employees,191000.0,38.2,24,No,48.6,Tier 2 - Warm
PROS-100310,Technology,East,1-9 employees,408000.0,16.8,6,Yes,10.6,Tier 3 - Nurture
PROS-100311,Technology,South,50-249 employees,1966000.0,34.1,5,Yes,31.9,Tier 3 - Nurture
PROS-100312,Retail Trade,North,1000+ employees,1669000.0,17.4,28,No,58.3,Tier 2 - Warm
PROS-100313,Professional Services,North,1-9 employees,1247000.0,46.5,25,No,37.8,Tier 2 - Warm
PROS-100314,Professional Services,Central,50-249 employees,1533000.0,35.6,37,No,57.8,Tier 2 - Warm
PROS-100315,Technology,North,10-49 employees,74000.0,67.1,39,Yes,64.8,Tier 2 - Warm
PROS-100316,Hospitality,West,10-49 employees,4190000.0,34.8,39,Yes,51.6,Tier 2 - Warm
PROS-100317,Hospitality,Central,50-249 employees,583000.0,54.0,5,Yes,40.1,Tier 2 - Warm
PROS-100318,Education,East,10-49 employees,2872000.0,82.6,15,Yes,52.1,Tier 2 - Warm
PROS-100319,Hospitality,South,10-49 employees,78000.0,52.2,19,No,42.9,Tier 2 - Warm
PROS-100320,Construction,West,1-9 employees,967000.0,24.7,29,Yes,32.0,Tier 3 - Nurture
PROS-100321,Retail Trade,Central,10-49 employees,392000.0,17.4,37,No,42.9,Tier 2 - Warm
PROS-100322,Technology,North,250-999 employees,1369000.0,27.0,33,No,58.6,Tier 2 - Warm
PROS-100323,Education,Central,1-9 employees,1034000.0,74.0,37,No,58.5,Tier 2 - Warm
PROS-100324,Education,Central,10-49 employees,1091000.0,17.1,1,No,14.3,Tier 3 - Nurture
PROS-100325,Professional Services,North,1-9 employees,228000.0,26.3,2,Yes,11.4,Tier 3 - Nurture
PROS-100326,Professional Services,North,50-249 employees,685000.0,58.9,17,No,51.5,Tier 2 - Warm
PROS-100327,Manufacturing,West,10-49 employees,598000.0,23.3,32,No,41.3,Tier 2 - Warm
PROS-100328,Retail Trade,North,10-49 employees,1258000.0,34.8,13,Yes,31.0,Tier 3 - Nurture
PROS-100329,Transportation & Logistics,West,1-9 employees,724000.0,24.4,10,Yes,16.9,Tier 3 - Nurture
PROS-100330,Transportation & Logistics,North,10-49 employees,861000.0,42.5,10,Yes,31.8,Tier 3 - Nurture
PROS-100331,Construction,West,1000+ employees,179000.0,73.3,30,Yes,82.7,Tier 1 - Priority
PROS-100332,Construction,South,10-49 employees,821000.0,47.8,31,No,50.6,Tier 2 - Warm
PROS-100333,Wholesale Distribution,North,10-49 employees,12893000.0,20.5,14,Yes,26.0,Tier 3 - Nurture
PROS-100334,Healthcare,North,50-249 employees,4460000.0,68.2,3,Yes,44.3,Tier 2 - Warm
PROS-100335,Wholesale Distribution,North,10-49 employees,28000.0,6.8,9,No,16.4,Tier 3 - Nurture
PROS-100336,Education,East,10-49 employees,782000.0,15.1,12,No,22.2,Tier 3 - Nurture
PROS-100337,Construction,North,1-9 employees,2034000.0,39.6,19,Yes,30.2,Tier 3 - Nurture
PROS-100338,Professional Services,Central,1-9 employees,597000.0,38.1,15,No,26.5,Tier 3 - Nurture
PROS-100339,Education,West,50-249 employees,440000.0,38.7,7,No,35.4,Tier 2 - Warm
PROS-100340,Technology,South,250-999 employees,544000.0,7.7,39,Yes,55.5,Tier 2 - Warm
PROS-100341,Professional Services,Central,250-999 employees,1339000.0,15.6,17,No,41.3,Tier 2 - Warm
PROS-100342,Technology,West,250-999 employees,206000.0,48.2,9,Yes,48.3,Tier 2 - Warm
PROS-100343,Transportation & Logistics,West,10-49 employees,2697000.0,26.8,16,No,30.1,Tier 3 - Nurture
PROS-100344,Education,North,1-9 employees,686000.0,9.5,30,No,26.6,Tier 3 - Nurture
PROS-100345,Professional Services,West,10-49 employees,261000.0,40.0,38,Yes,52.9,Tier 2 - Warm
PROS-100346,Education,East,1000+ employees,2512000.0,19.6,18,No,51.3,Tier 2 - Warm
PROS-100347,Education,Central,50-249 employees,133000.0,65.6,22,Yes,58.2,Tier 2 - Warm
PROS-100348,Retail Trade,East,10-49 employees,396000.0,56.5,12,No,39.1,Tier 2 - Warm
PROS-100349,Retail Trade,West,50-249 employees,389000.0,28.6,28,Yes,47.8,Tier 2 - Warm
PROS-100350,Transportation & Logistics,South,50-249 employees,7712000.0,37.4,27,Yes,50.6,Tier 2 - Warm
PROS-100351,Manufacturing,North,250-999 employees,676000.0,32.5,7,No,40.4,Tier 2 - Warm
PROS-100352,Professional Services,North,50-249 employees,738500.0,51.9,22,No,52.6,Tier 2 - Warm
PROS-100353,Healthcare,Central,10-49 employees,385000.0,51.6,39,Yes,58.4,Tier 2 - Warm
PROS-100354,Education,West,1-9 employees,1204000.0,39.4,10,No,23.0,Tier 3 - Nurture
PROS-100355,Education,South,10-49 employees,1728000.0,29.8,20,Yes,34.5,Tier 2 - Warm
PROS-100356,Retail Trade,West,1-9 employees,8923000.0,62.5,27,No,45.9,Tier 2 - Warm
PROS-100357,Wholesale Distribution,North,250-999 employees,676000.0,59.8,3,Yes,48.3,Tier 2 - Warm
PROS-100358,Manufacturing,North,10-49 employees,897000.0,52.0,21,Yes,44.4,Tier 2 - Warm
PROS-100359,Hospitality,East,10-49 employees,274000.0,5.1,24,Yes,27.6,Tier 3 - Nurture
PROS-100360,Wholesale Distribution,West,1-9 employees,4353000.0,39.8,22,No,32.7,Tier 3 - Nurture
PROS-100361,Wholesale Distribution,Central,10-49 employees,486000.0,25.7,13,Yes,27.3,Tier 3 - Nurture
PROS-100362,Professional Services,West,10-49 employees,354000.0,37.2,32,Yes,47.0,Tier 2 - Warm
PROS-100363,Wholesale Distribution,South,1-9 employees,461000.0,17.3,12,No,15.6,Tier 3 - Nurture
PROS-100364,Retail Trade,Central,250-999 employees,184000.0,61.7,20,Yes,62.5,Tier 2 - Warm
PROS-100365,Transportation & Logistics,East,10-49 employees,437000.0,10.8,13,No,21.2,Tier 3 - Nurture
PROS-100366,Healthcare,Central,10-49 employees,564000.0,25.6,34,Yes,43.8,Tier 2 - Warm
PROS-100367,Construction,North,1-9 employees,1629000.0,18.2,18,No,20.7,Tier 3 - Nurture
PROS-100368,Manufacturing,North,10-49 employees,476000.0,17.1,16,No,26.2,Tier 3 - Nurture
PROS-100369,Hospitality,North,50-249 employees,181000.0,69.7,12,No,52.0,Tier 2 - Warm
PROS-100370,Construction,Central,250-999 employees,125000.0,46.5,21,Yes,57.1,Tier 2 - Warm
PROS-100371,Technology,North,1-9 employees,919000.0,67.4,31,No,51.1,Tier 2 - Warm
PROS-100372,Healthcare,Central,1000+ employees,790000.0,35.3,25,No,63.2,Tier 2 - Warm
PROS-100373,Construction,West,50-249 employees,396000.0,41.8,7,No,36.7,Tier 2 - Warm
PROS-100374,Wholesale Distribution,North,1-9 employees,436000.0,58.2,1,Yes,23.6,Tier 3 - Nurture
PROS-100375,Manufacturing,Central,1-9 employees,1118000.0,40.4,6,No,20.3,Tier 3 - Nurture
PROS-100376,Hospitality,North,1-9 employees,3367000.0,17.3,35,No,33.7,Tier 2 - Warm
PROS-100377,Hospitality,North,250-999 employees,309000.0,34.0,5,No,39.4,Tier 2 - Warm
PROS-100378,Construction,East,1-9 employees,804000.0,50.4,7,Yes,25.2,Tier 3 - Nurture
PROS-100379,Professional Services,South,10-49 employees,2093000.0,2.3,17,Yes,20.9,Tier 3 - Nurture
PROS-100380,Manufacturing,South,50-249 employees,311000.0,5.1,8,No,22.4,Tier 3 - Nurture
PROS-100381,Education,North,250-999 employees,717000.0,71.5,5,Yes,54.7,Tier 2 - Warm
PROS-100382,Education,West,50-249 employees,700000.0,6.8,8,No,23.1,Tier 3 - Nurture
PROS-100383,Professional Services,North,50-249 employees,172000.0,41.2,1,Yes,31.7,Tier 3 - Nurture
PROS-100384,Manufacturing,South,1-9 employees,878000.0,43.6,21,No,33.4,Tier 2 - Warm
PROS-100385,Retail Trade,East,250-999 employees,755000.0,26.0,12,Yes,41.6,Tier 2 - Warm
PROS-100386,Manufacturing,East,1-9 employees,1343000.0,17.4,12,Yes,15.6,Tier 3 - Nurture
PROS-100387,Wholesale Distribution,West,1-9 employees,198000.0,13.8,39,No,35.5,Tier 2 - Warm
PROS-100388,Wholesale Distribution,South,1000+ employees,737000.0,42.6,36,Yes,74.9,Tier 1 - Priority
PROS-100389,Retail Trade,West,1-9 employees,3335000.0,78.3,1,Yes,31.8,Tier 3 - Nurture
PROS-100390,Hospitality,West,1-9 employees,724000.0,1.1,36,No,27.9,Tier 3 - Nurture
PROS-100391,Retail Trade,South,10-49 employees,2982000.0,29.8,3,Yes,21.1,Tier 3 - Nurture
PROS-100392,Construction,South,1-9 employees,200000.0,85.5,23,Yes,52.1,Tier 2 - Warm
PROS-100393,Transportation & Logistics,East,1-9 employees,1198000.0,58.9,23,No,41.3,Tier 2 - Warm
PROS-100394,Hospitality,East,10-49 employees,429000.0,34.5,25,Yes,40.4,Tier 2 - Warm
PROS-100395,Wholesale Distribution,North,50-249 employees,997000.0,26.0,20,No,40.5,Tier 2 - Warm
PROS-100396,Manufacturing,East,50-249 employees,312000.0,41.3,27,No,52.2,Tier 2 - Warm
PROS-100397,Retail Trade,North,1-9 employees,111000.0,9.0,5,No,6.7,Tier 3 - Nurture
PROS-100398,Professional Services,East,10-49 employees,499000.0,52.6,18,No,42.2,Tier 2 - Warm
PROS-100399,Construction,Central,50-249 employees,1615000.0,72.6,35,No,71.3,Tier 1 - Priority
PROS-100400,Education,East,1-9 employees,1001000.0,76.5,22,Yes,47.7,Tier 2 - Warm
PROS-100401,Hospitality,West,1-9 employees,1136000.0,21.6,27,No,29.2,Tier 3 - Nurture
PROS-100402,Construction,South,1-9 employees,925000.0,69.2,3,No,29.7,Tier 3 - Nurture
PROS-100403,Education,Central,10-49 employees,1138000.0,70.0,20,No,50.9,Tier 2 - Warm
PROS-100404,Healthcare,Central,1-9 employees,1306000.0,56.4,4,No,25.2,Tier 3 - Nurture
PROS-100405,Transportation & Logistics,Central,50-249 employees,539000.0,29.0,22,No,43.3,Tier 2 - Warm
PROS-100406,Healthcare,West,1000+ employees,705500.0,41.4,14,Yes,57.0,Tier 2 - Warm
PROS-100407,Retail Trade,West,1-9 employees,4963000.0,16.6,32,Yes,31.1,Tier 3 - Nurture
PROS-100408,Education,East,10-49 employees,853000.0,40.0,31,Yes,47.4,Tier 2 - Warm
PROS-100409,Manufacturing,Central,1-9 employees,764000.0,14.1,4,No,8.0,Tier 3 - Nurture
PROS-100410,Retail Trade,Central,1-9 employees,817000.0,42.1,15,No,28.1,Tier 3 - Nurture
PROS-100411,Professional Services,East,50-249 employees,574000.0,30.9,37,No,55.9,Tier 2 - Warm
PROS-100412,Professional Services,North,10-49 employees,452000.0,25.9,1,Yes,17.9,Tier 3 - Nurture
PROS-100413,Retail Trade,North,250-999 employees,918000.0,38.0,5,Yes,41.0,Tier 2 - Warm
PROS-100414,Manufacturing,South,10-49 employees,418000.0,34.6,37,Yes,49.9,Tier 2 - Warm
PROS-100415,Technology,North,1-9 employees,622000.0,45.0,18,Yes,31.6,Tier 3 - Nurture
PROS-100416,Education,South,10-49 employees,306000.0,42.6,25,No,43.7,Tier 2 - Warm
PROS-100417,Retail Trade,North,1-9 employees,821000.0,6.4,10,Yes,9.6,Tier 3 - Nurture
PROS-100418,Professional Services,Central,250-999 employees,1387000.0,40.1,17,No,51.4,Tier 2 - Warm
PROS-100419,Transportation & Logistics,North,50-249 employees,578000.0,17.0,26,No,41.5,Tier 2 - Warm
PROS-100420,Education,West,1-9 employees,80000.0,50.5,13,No,29.9,Tier 3 - Nurture
PROS-100421,Technology,South,10-49 employees,1396000.0,32.1,33,Yes,45.7,Tier 2 - Warm
PROS-100422,Hospitality,North,50-249 employees,833000.0,65.0,37,Yes,69.8,Tier 1 - Priority
PROS-100423,Transportation & Logistics,West,50-249 employees,245000.0,41.7,25,Yes,50.8,Tier 2 - Warm
PROS-100424,Healthcare,Central,1-9 employees,1708000.0,60.8,11,Yes,32.6,Tier 3 - Nurture
PROS-100425,Retail Trade,West,1-9 employees,157000.0,34.3,9,Yes,20.2,Tier 3 - Nurture
PROS-100426,Wholesale Distribution,Central,1-9 employees,724000.0,16.2,1,Yes,6.5,Tier 3 - Nurture
PROS-100427,Wholesale Distribution,East,10-49 employees,685000.0,39.05,31,No,47.0,Tier 2 - Warm
PROS-100428,Manufacturing,West,10-49 employees,60000.0,15.7,35,Yes,40.6,Tier 2 - Warm
PROS-100429,Hospitality,North,1-9 employees,887000.0,29.8,37,No,40.4,Tier 2 - Warm
PROS-100430,Manufacturing,Central,10-49 employees,467000.0,5.8,39,Yes,39.7,Tier 2 - Warm
PROS-100431,Hospitality,West,10-49 employees,395000.0,57.5,7,Yes,35.6,Tier 2 - Warm
PROS-100432,Wholesale Distribution,South,1-9 employees,324000.0,81.5,28,Yes,54.5,Tier 2 - Warm
PROS-100433,Retail Trade,South,250-999 employees,634000.0,34.7,10,Yes,43.6,Tier 2 - Warm
PROS-100434,Healthcare,West,10-49 employees,428000.0,34.2,7,Yes,26.0,Tier 3 - Nurture
PROS-100435,Retail Trade,North,10-49 employees,95000.0,39.0,21,No,39.1,Tier 2 - Warm
PROS-100436,Transportation & Logistics,Central,10-49 employees,2956000.0,40.2,27,Yes,44.3,Tier 2 - Warm
PROS-100437,Education,South,1-9 employees,557000.0,78.6,29,Yes,54.1,Tier 2 - Warm
PROS-100438,Manufacturing,North,250-999 employees,326000.0,44.4,20,Yes,55.5,Tier 2 - Warm
PROS-100439,Construction,South,10-49 employees,211000.0,62.6,5,Yes,36.1,Tier 2 - Warm
PROS-100440,Education,Central,10-49 employees,1703000.0,65.0,3,No,35.5,Tier 2 - Warm
PROS-100441,Construction,South,250-999 employees,175000.0,59.0,2,No,47.2,Tier 2 - Warm
PROS-100442,Retail Trade,East,50-249 employees,845000.0,53.4,30,No,59.5,Tier 2 - Warm
PROS-100443,Healthcare,Central,50-249 employees,384000.0,35.3,23,No,46.6,Tier 2 - Warm
PROS-100444,Transportation & Logistics,North,1-9 employees,409000.0,34.5,14,Yes,24.2,Tier 3 - Nurture
PROS-100445,Technology,West,1-9 employees,217000.0,36.6,32,Yes,39.3,Tier 2 - Warm
PROS-100446,Construction,South,50-249 employees,369000.0,38.599999999999994,14,No,40.9,Tier 2 - Warm
PROS-100447,Education,West,10-49 employees,737000.0,46.3,12,No,34.9,Tier 2 - Warm
PROS-100448,Transportation & Logistics,North,50-249 employees,945000.0,37.6,32,No,54.7,Tier 2 - Warm
PROS-100449,Professional Services,North,50-249 employees,307000.0,23.6,23,No,41.8,Tier 2 - Warm
PROS-100450,Education,West,1-9 employees,660000.0,32.7,27,No,33.7,Tier 2 - Warm
PROS-100451,Education,Central,1-9 employees,1938000.0,6.3,32,No,26.9,Tier 3 - Nurture
PROS-100452,Healthcare,Central,10-49 employees,117000.0,57.8,13,No,40.4,Tier 2 - Warm
PROS-100453,Manufacturing,West,1-9 employees,724000.0,59.6,2,No,25.0,Tier 3 - Nurture
PROS-100454,Transportation & Logistics,East,50-249 employees,256000.0,34.6,26,Yes,48.7,Tier 2 - Warm
PROS-100455,Transportation & Logistics,North,50-249 employees,229000.0,19.8,14,Yes,33.2,Tier 2 - Warm
PROS-100456,Retail Trade,South,10-49 employees,972000.0,52.4,38,No,58.0,Tier 2 - Warm
PROS-100457,Technology,West,50-249 employees,400000.0,5.0,12,Yes,25.6,Tier 3 - Nurture
PROS-100458,Wholesale Distribution,South,10-49 employees,191000.0,35.2,32,Yes,46.2,Tier 2 - Warm
PROS-100459,Retail Trade,East,50-249 employees,3131000.0,12.2,29,No,41.9,Tier 2 - Warm
PROS-100460,Hospitality,North,1-9 employees,2007000.0,9.6,28,Yes,25.1,Tier 3 - Nurture
PROS-100461,Retail Trade,East,50-249 employees,87000.0,37.1,26,Yes,49.7,Tier 2 - Warm
PROS-100462,Hospitality,South,50-249 employees,144000.0,64.9,3,Yes,42.9,Tier 2 - Warm
PROS-100463,Healthcare,North,1-9 employees,1401000.0,33.8,33,Yes,38.9,Tier 2 - Warm
PROS-100464,Manufacturing,North,10-49 employees,533000.0,23.4,11,No,24.8,Tier 3 - Nurture
PROS-100465,Education,East,250-999 employees,676000.0,11.9,22,Yes,43.8,Tier 2 - Warm
PROS-100466,Retail Trade,South,1-9 employees,1437000.0,64.4,11,Yes,34.0,Tier 2 - Warm
PROS-100467,Transportation & Logistics,North,50-249 employees,1014000.0,7.0,9,No,24.0,Tier 3 - Nurture
PROS-100468,Retail Trade,East,1000+ employees,237000.0,68.9,15,No,69.0,Tier 1 - Priority
PROS-100469,Education,North,250-999 employees,1252000.0,22.9,17,Yes,44.3,Tier 2 - Warm
PROS-100470,Hospitality,North,10-49 employees,179000.0,47.0,36,Yes,54.2,Tier 2 - Warm
PROS-100471,Wholesale Distribution,North,10-49 employees,3066000.0,31.4,16,Yes,32.0,Tier 3 - Nurture
PROS-100472,Healthcare,East,1000+ employees,1160000.0,51.3,37,Yes,79.2,Tier 1 - Priority
PROS-100473,Healthcare,Central,10-49 employees,294000.0,47.7,27,No,47.4,Tier 2 - Warm
PROS-100474,Technology,South,1-9 employees,1768000.0,41.1,25,Yes,35.6,Tier 2 - Warm
PROS-100475,Hospitality,South,1-9 employees,8586000.0,40.9,38,Yes,45.8,Tier 2 - Warm
PROS-100476,Wholesale Distribution,South,50-249 employees,574000.0,10.6,39,No,49.2,Tier 2 - Warm
PROS-100477,Manufacturing,South,10-49 employees,1336000.0,70.8,18,Yes,49.7,Tier 2 - Warm
PROS-100478,Technology,West,1-9 employees,454000.0,41.7,16,Yes,28.7,Tier 3 - Nurture
PROS-100479,Retail Trade,South,1-9 employees,801000.0,76.4,25,No,50.0,Tier 2 - Warm
PROS-100480,Professional Services,West,50-249 employees,139000.0,10.6,8,Yes,24.7,Tier 3 - Nurture
PROS-100481,Wholesale Distribution,Central,10-49 employees,729000.0,13.6,7,Yes,17.6,Tier 3 - Nurture
PROS-100482,Professional Services,Central,250-999 employees,765000.0,8.3,13,Yes,35.2,Tier 2 - Warm
PROS-100483,Hospitality,East,50-249 employees,5277000.0,55.6,23,No,54.9,Tier 2 - Warm
PROS-100484,Healthcare,West,1000+ employees,101000.0,77.3,39,No,91.4,Tier 1 - Priority
PROS-100485,Professional Services,Central,250-999 employees,536000.0,52.8,29,Yes,66.0,Tier 2 - Warm
PROS-100486,Construction,West,1-9 employees,3008000.0,52.0,12,No,29.8,Tier 3 - Nurture
PROS-100487,Transportation & Logistics,South,50-249 employees,559000.0,18.2,30,Yes,45.2,Tier 2 - Warm
PROS-100488,Hospitality,North,1-9 employees,604000.0,47.1,21,Yes,34.9,Tier 2 - Warm
PROS-100489,Technology,North,1000+ employees,292000.0,28.6,38,No,70.7,Tier 1 - Priority
PROS-100490,Education,Central,1-9 employees,261000.0,42.4,24,Yes,35.3,Tier 2 - Warm
PROS-100491,Wholesale Distribution,East,50-249 employees,98000.0,21.0,39,Yes,53.4,Tier 2 - Warm
PROS-100492,Hospitality,South,50-249 employees,365000.0,16.3,31,Yes,45.2,Tier 2 - Warm
PROS-100493,Technology,South,1-9 employees,246000.0,34.1,21,No,29.6,Tier 3 - Nurture
PROS-100494,Professional Services,South,50-249 employees,738500.0,39.0,31,No,54.5,Tier 2 - Warm
PROS-100495,Healthcare,Central,1-9 employees,307000.0,78.8,34,No,58.1,Tier 2 - Warm
PROS-100496,Retail Trade,West,10-49 employees,430000.0,4.1,9,No,15.3,Tier 3 - Nurture
PROS-100497,Construction,Central,10-49 employees,444000.0,24.8,29,No,39.6,Tier 2 - Warm
PROS-100498,Education,South,10-49 employees,692000.0,66.4,39,No,64.5,Tier 2 - Warm
PROS-100499,Healthcare,East,10-49 employees,408000.0,18.5,21,No,30.7,Tier 3 - Nurture
PROS-100500,Retail Trade,North,250-999 employees,227000.0,61.0,18,No,60.7,Tier 2 - Warm
PROS-100501,Technology,Central,1-9 employees,802000.0,70.7,2,No,29.5,Tier 3 - Nurture
PROS-100502,Education,East,10-49 employees,2360000.0,27.4,29,Yes,40.6,Tier 2 - Warm
PROS-100503,Wholesale Distribution,East,250-999 employees,840000.0,39.05,39,Yes,68.3,Tier 1 - Priority
PROS-100504,Professional Services,East,50-249 employees,738500.0,36.2,25,No,48.6,Tier 2 - Warm
PROS-100505,Healthcare,South,1-9 employees,637000.0,37.8,38,No,44.5,Tier 2 - Warm
PROS-100506,Transportation & Logistics,Central,250-999 employees,76000.0,33.5,6,Yes,40.0,Tier 2 - Warm
PROS-100507,Professional Services,East,1-9 employees,626000.0,56.5,21,No,38.7,Tier 2 - Warm
PROS-100508,Professional Services,West,10-49 employees,470000.0,51.4,31,No,52.0,Tier 2 - Warm
PROS-100509,Professional Services,North,10-49 employees,261000.0,54.3,14,Yes,39.8,Tier 2 - Warm
PROS-100510,Education,South,50-249 employees,319000.0,55.7,33,Yes,62.9,Tier 2 - Warm
PROS-100511,Hospitality,Central,1-9 employees,465000.0,52.8,5,Yes,24.6,Tier 3 - Nurture
PROS-100512,Wholesale Distribution,North,1-9 employees,2173000.0,34.5,34,Yes,40.0,Tier 2 - Warm
PROS-100513,Wholesale Distribution,North,50-249 employees,2425000.0,25.3,3,Yes,26.8,Tier 3 - Nurture
PROS-100514,Education,Central,1-9 employees,263000.0,20.1,4,Yes,10.4,Tier 3 - Nurture
PROS-100515,Retail Trade,South,10-49 employees,749000.0,37.15,32,No,47.0,Tier 2 - Warm
PROS-100516,Wholesale Distribution,South,50-249 employees,424000.0,46.2,38,Yes,62.9,Tier 2 - Warm
PROS-100517,Manufacturing,East,50-249 employees,1777000.0,31.6,16,Yes,39.6,Tier 2 - Warm
PROS-100518,Healthcare,North,1-9 employees,856000.0,33.1,9,No,19.7,Tier 3 - Nurture
PROS-100519,Transportation & Logistics,North,1-9 employees,808000.0,42.5,22,Yes,33.8,Tier 2 - Warm
PROS-100520,Construction,North,1000+ employees,1316000.0,56.7,12,No,61.7,Tier 2 - Warm
PROS-100521,Retail Trade,North,10-49 employees,378000.0,34.3,12,Yes,30.0,Tier 3 - Nurture
PROS-100522,Retail Trade,North,1-9 employees,3270000.0,34.8,1,No,14.1,Tier 3 - Nurture
PROS-100523,Wholesale Distribution,West,1-9 employees,728000.0,32.5,24,Yes,31.3,Tier 3 - Nurture
PROS-100524,Construction,South,1-9 employees,285000.0,6.0,7,No,7.0,Tier 3 - Nurture
PROS-100525,Construction,North,1000+ employees,567000.0,30.8,30,Yes,65.3,Tier 2 - Warm
PROS-100526,Education,North,1-9 employees,2828000.0,62.4,9,No,31.6,Tier 3 - Nurture
PROS-100527,Retail Trade,East,1-9 employees,457000.0,7.4,35,Yes,29.7,Tier 3 - Nurture
PROS-100528,Education,Central,10-49 employees,2073000.0,25.4,27,No,38.2,Tier 2 - Warm
PROS-100529,Education,South,1-9 employees,367000.0,80.0,20,Yes,47.5,Tier 2 - Warm
PROS-100530,Transportation & Logistics,North,1-9 employees,314000.0,37.9,17,Yes,28.0,Tier 3 - Nurture
PROS-100531,Retail Trade,South,1000+ employees,1507000.0,56.5,12,Yes,61.6,Tier 2 - Warm
PROS-100532,Retail Trade,East,50-249 employees,279000.0,9.2,3,No,20.2,Tier 3 - Nurture
PROS-100533,Professional Services,North,1-9 employees,1803000.0,57.8,3,Yes,25.0,Tier 3 - Nurture
PROS-100534,Transportation & Logistics,Central,10-49 employees,1074000.0,13.3,23,No,30.1,Tier 3 - Nurture
PROS-100535,Retail Trade,West,1-9 employees,279000.0,70.3,34,Yes,54.6,Tier 2 - Warm
PROS-100536,Healthcare,South,1-9 employees,674000.0,32.4,28,Yes,34.4,Tier 2 - Warm
PROS-100537,Retail Trade,Central,10-49 employees,399000.0,65.6,34,No,60.2,Tier 2 - Warm
PROS-100538,Transportation & Logistics,South,10-49 employees,1071000.0,17.5,29,Yes,36.6,Tier 2 - Warm
PROS-100539,Manufacturing,North,50-249 employees,5819000.0,46.2,14,Yes,44.0,Tier 2 - Warm
PROS-100540,Hospitality,Central,250-999 employees,485000.0,56.4,37,No,73.8,Tier 1 - Priority
PROS-100541,Manufacturing,Central,1-9 employees,1312000.0,34.4,9,Yes,20.2,Tier 3 - Nurture
PROS-100542,Retail Trade,South,250-999 employees,749000.0,62.1,11,No,55.6,Tier 2 - Warm
PROS-100543,Retail Trade,East,10-49 employees,749000.0,17.4,27,Yes,35.0,Tier 2 - Warm
PROS-100544,Wholesale Distribution,North,1-9 employees,608000.0,35.9,2,No,15.3,Tier 3 - Nurture
PROS-100545,Manufacturing,West,50-249 employees,284000.0,25.9,30,No,48.3,Tier 2 - Warm
PROS-100546,Healthcare,West,1-9 employees,1055000.0,28.1,12,No,20.0,Tier 3 - Nurture
PROS-100547,Transportation & Logistics,West,10-49 employees,531000.0,29.2,29,No,41.4,Tier 2 - Warm
PROS-100548,Transportation & Logistics,East,50-249 employees,270000.0,55.0,29,Yes,59.4,Tier 2 - Warm
PROS-100549,Technology,West,1-9 employees,2226000.0,43.2,3,Yes,19.1,Tier 3 - Nurture
PROS-100550,Wholesale Distribution,East,250-999 employees,813000.0,29.6,13,Yes,43.9,Tier 2 - Warm
PROS-100551,Construction,Central,1-9 employees,568000.0,55.9,39,No,52.7,Tier 2 - Warm
PROS-100552,Wholesale Distribution,North,50-249 employees,3185000.0,75.1,37,Yes,73.9,Tier 1 - Priority
PROS-100553,Construction,East,1-9 employees,97000.0,36.9,22,Yes,31.5,Tier 3 - Nurture
PROS-100554,Education,East,1-9 employees,2958000.0,12.6,17,Yes,17.6,Tier 3 - Nurture
PROS-100555,Transportation & Logistics,East,10-49 employees,277000.0,26.4,24,No,36.3,Tier 2 - Warm
PROS-100556,Hospitality,North,250-999 employees,921000.0,64.0,29,Yes,70.6,Tier 1 - Priority
PROS-100557,Wholesale Distribution,South,1-9 employees,382000.0,5.8,2,No,3.0,Tier 3 - Nurture
PROS-100558,Hospitality,Central,250-999 employees,264000.0,19.0,13,No,39.6,Tier 2 - Warm
PROS-100559,Wholesale Distribution,North,1-9 employees,3095000.0,54.8,1,Yes,22.2,Tier 3 - Nurture
PROS-100560,Transportation & Logistics,West,10-49 employees,749000.0,67.5,20,No,49.9,Tier 2 - Warm
PROS-100561,Manufacturing,West,10-49 employees,572000.0,33.2,5,No,24.1,Tier 3 - Nurture
PROS-100562,Healthcare,East,1-9 employees,1055000.0,56.5,35,Yes,49.8,Tier 2 - Warm
PROS-100563,Retail Trade,North,250-999 employees,777000.0,38.2,16,No,49.8,Tier 2 - Warm
PROS-100564,Wholesale Distribution,North,10-49 employees,4894000.0,32.8,35,Yes,47.6,Tier 2 - Warm
PROS-100565,Professional Services,South,50-249 employees,738500.0,38.9,37,No,59.2,Tier 2 - Warm
PROS-100566,Professional Services,North,10-49 employees,1104000.0,18.5,11,No,22.8,Tier 3 - Nurture
PROS-100567,Professional Services,North,10-49 employees,328000.0,41.2,29,No,46.3,Tier 2 - Warm
PROS-100568,Technology,North,10-49 employees,55000.0,69.9,2,No,36.7,Tier 2 - Warm
PROS-100569,Transportation & Logistics,North,250-999 employees,491000.0,53.4,39,No,74.2,Tier 1 - Priority
PROS-100570,Education,Central,50-249 employees,5570000.0,64.5,30,Yes,64.1,Tier 2 - Warm
PROS-100571,Healthcare,West,10-49 employees,354000.0,36.5,27,Yes,42.8,Tier 2 - Warm
PROS-100572,Professional Services,North,10-49 employees,1741000.0,77.8,23,No,56.5,Tier 2 - Warm
PROS-100573,Manufacturing,West,10-49 employees,2727000.0,70.7,4,No,38.6,Tier 2 - Warm
PROS-100574,Manufacturing,North,10-49 employees,719000.0,80.7,11,No,48.2,Tier 2 - Warm
PROS-100575,Construction,East,10-49 employees,749000.0,63.9,28,Yes,54.8,Tier 2 - Warm
PROS-100576,Education,North,10-49 employees,110000.0,18.6,9,Yes,21.3,Tier 3 - Nurture
PROS-100577,Transportation & Logistics,North,50-249 employees,332000.0,57.8,26,Yes,58.2,Tier 2 - Warm
PROS-100578,Wholesale Distribution,North,1000+ employees,1978000.0,25.5,33,No,65.5,Tier 2 - Warm
PROS-100579,Retail Trade,East,1000+ employees,780000.0,23.4,35,Yes,66.2,Tier 1 - Priority
PROS-100580,Manufacturing,East,50-249 employees,1093000.0,58.5,3,Yes,40.3,Tier 2 - Warm
PROS-100581,Wholesale Distribution,South,10-49 employees,844000.0,37.9,22,No,39.4,Tier 2 - Warm
PROS-100582,Retail Trade,West,50-249 employees,8131000.0,24.6,6,No,28.8,Tier 3 - Nurture
PROS-100583,Manufacturing,West,1-9 employees,454000.0,10.4,10,Yes,11.2,Tier 3 - Nurture
PROS-100584,Healthcare,West,10-49 employees,4265000.0,37.6,35,No,49.5,Tier 2 - Warm
PROS-100585,Education,East,1-9 employees,845000.0,64.7,29,Yes,48.4,Tier 2 - Warm
PROS-100586,Technology,East,1-9 employees,4703000.0,5.6,27,No,22.7,Tier 3 - Nurture
PROS-100587,Manufacturing,East,1000+ employees,190000.0,15.7,30,Yes,59.1,Tier 2 - Warm
PROS-100588,Wholesale Distribution,South,250-999 employees,894000.0,33.0,5,Yes,39.0,Tier 2 - Warm
PROS-100589,Wholesale Distribution,East,10-49 employees,473000.0,49.7,21,No,43.4,Tier 2 - Warm
PROS-100590,Wholesale Distribution,North,1-9 employees,850000.0,41.4,9,Yes,23.1,Tier 3 - Nurture
PROS-100591,Education,Central,50-249 employees,2799000.0,22.5,4,No,26.4,Tier 3 - Nurture
PROS-100592,Professional Services,South,10-49 employees,1106000.0,38.9,36,Yes,50.9,Tier 2 - Warm
PROS-100593,Education,West,50-249 employees,2792000.0,34.8,17,Yes,41.7,Tier 2 - Warm
PROS-100594,Construction,Central,1000+ employees,349000.0,57.2,8,No,58.7,Tier 2 - Warm
PROS-100595,Wholesale Distribution,East,1-9 employees,295000.0,54.5,33,Yes,47.4,Tier 2 - Warm
PROS-100596,Transportation & Logistics,Central,1-9 employees,742000.0,66.1,28,Yes,48.2,Tier 2 - Warm
PROS-100597,Hospitality,East,1-9 employees,699000.0,67.5,12,Yes,36.1,Tier 2 - Warm
PROS-100598,Technology,North,1-9 employees,595000.0,74.3,32,Yes,54.7,Tier 2 - Warm
PROS-100599,Technology,North,10-49 employees,254000.0,33.0,29,No,42.9,Tier 2 - Warm
PROS-100600,Technology,North,1-9 employees,2726000.0,37.9,11,Yes,23.2,Tier 3 - Nurture
PROS-100601,Hospitality,Central,1-9 employees,489000.0,52.3,10,No,28.3,Tier 3 - Nurture
PROS-100602,Hospitality,East,1-9 employees,3501000.0,32.7,7,Yes,17.9,Tier 3 - Nurture
PROS-100603,Retail Trade,South,1-9 employees,740000.0,63.7,13,Yes,35.3,Tier 2 - Warm
PROS-100604,Wholesale Distribution,East,50-249 employees,1488000.0,67.2,12,Yes,51.0,Tier 2 - Warm
PROS-100605,Transportation & Logistics,South,1-9 employees,1347000.0,66.6,14,Yes,37.3,Tier 2 - Warm
PROS-100606,Construction,Central,250-999 employees,295000.0,43.849999999999994,8,Yes,45.8,Tier 2 - Warm
PROS-100607,Transportation & Logistics,Central,1-9 employees,1092000.0,75.5,6,Yes,34.6,Tier 2 - Warm
PROS-100608,Education,North,1-9 employees,6084000.0,43.6,28,Yes,39.0,Tier 2 - Warm
PROS-100609,Wholesale Distribution,West,1-9 employees,962000.0,9.9,14,No,14.1,Tier 3 - Nurture
PROS-100610,Wholesale Distribution,South,50-249 employees,1966000.0,57.9,4,No,40.9,Tier 2 - Warm
PROS-100611,Healthcare,North,1-9 employees,1564000.0,70.0,29,Yes,50.5,Tier 2 - Warm
PROS-100612,Hospitality,Central,10-49 employees,1022000.0,17.9,9,Yes,21.0,Tier 3 - Nurture
PROS-100613,Construction,North,1-9 employees,895000.0,15.1,16,No,17.8,Tier 3 - Nurture
PROS-100614,Technology,South,1000+ employees,1332000.0,33.3,33,Yes,68.7,Tier 1 - Priority
PROS-100615,Technology,North,1-9 employees,1689000.0,43.0,12,Yes,26.1,Tier 3 - Nurture
PROS-100616,Professional Services,East,10-49 employees,165000.0,31.7,8,No,25.8,Tier 3 - Nurture
PROS-100617,Professional Services,East,250-999 employees,957000.0,32.7,28,Yes,57.0,Tier 2 - Warm
PROS-100618,Manufacturing,South,1-9 employees,596000.0,41.5,4,Yes,19.2,Tier 3 - Nurture
PROS-100619,Retail Trade,North,1-9 employees,474000.0,14.9,21,Yes,21.7,Tier 3 - Nurture
PROS-100620,Healthcare,North,50-249 employees,3035000.0,21.3,32,Yes,48.0,Tier 2 - Warm
PROS-100621,Healthcare,Central,1-9 employees,326000.0,6.9,17,No,15.3,Tier 3 - Nurture
PROS-100622,Retail Trade,Central,1-9 employees,157000.0,56.1,7,Yes,27.5,Tier 3 - Nurture
PROS-100623,Healthcare,Central,10-49 employees,1750000.0,27.2,32,Yes,42.9,Tier 2 - Warm
PROS-100624,Technology,East,1-9 employees,153000.0,67.7,29,Yes,49.6,Tier 2 - Warm
PROS-100625,Professional Services,East,250-999 employees,87000.0,61.3,15,No,58.4,Tier 2 - Warm
PROS-100626,Construction,West,10-49 employees,1981000.0,56.4,6,Yes,34.3,Tier 2 - Warm
PROS-100627,Construction,West,10-49 employees,869000.0,55.0,22,Yes,46.4,Tier 2 - Warm
PROS-100628,Transportation & Logistics,East,1-9 employees,1227000.0,21.8,31,Yes,32.4,Tier 3 - Nurture
PROS-100629,Construction,South,50-249 employees,448000.0,51.9,2,Yes,36.8,Tier 2 - Warm
PROS-100630,Hospitality,East,50-249 employees,159000.0,49.7,20,No,50.1,Tier 2 - Warm
PROS-100631,Construction,North,1-9 employees,198000.0,9.3,14,Yes,13.9,Tier 3 - Nurture
PROS-100632,Healthcare,North,250-999 employees,541000.0,32.0,15,Yes,46.5,Tier 2 - Warm
PROS-100633,Construction,West,10-49 employees,180000.0,13.7,10,No,20.0,Tier 3 - Nurture
PROS-100634,Retail Trade,Central,50-249 employees,738500.0,59.9,26,No,59.0,Tier 2 - Warm
PROS-100635,Technology,North,1-9 employees,439000.0,40.4,35,Yes,43.2,Tier 2 - Warm
PROS-100636,Professional Services,North,1-9 employees,894000.0,27.4,4,Yes,13.4,Tier 3 - Nurture
PROS-100637,Professional Services,North,50-249 employees,865000.0,73.4,1,No,44.8,Tier 2 - Warm
PROS-100638,Hospitality,West,50-249 employees,1116000.0,27.9,16,Yes,38.1,Tier 2 - Warm
PROS-100639,Education,South,10-49 employees,1264000.0,45.0,28,Yes,47.0,Tier 2 - Warm
PROS-100640,Technology,South,1-9 employees,500000.0,53.0,4,Yes,23.9,Tier 3 - Nurture
PROS-100641,Education,North,50-249 employees,738500.0,26.3,30,No,48.5,Tier 2 - Warm
PROS-100642,Wholesale Distribution,Central,1-9 employees,946000.0,60.1,29,Yes,46.5,Tier 2 - Warm
PROS-100643,Healthcare,East,1-9 employees,50000.0,47.6,13,Yes,28.8,Tier 3 - Nurture
PROS-100644,Hospitality,West,10-49 employees,1485000.0,53.9,13,No,38.8,Tier 2 - Warm
PROS-100645,Construction,West,1-9 employees,860000.0,39.3,11,No,23.8,Tier 3 - Nurture
PROS-100646,Healthcare,North,1-9 employees,1357000.0,11.5,28,Yes,25.9,Tier 3 - Nurture
PROS-100647,Transportation & Logistics,Central,1-9 employees,177000.0,50.0,7,Yes,25.0,Tier 3 - Nurture
PROS-100648,Education,East,250-999 employees,515000.0,38.9,14,No,48.5,Tier 2 - Warm
PROS-100649,Wholesale Distribution,West,1-9 employees,220000.0,35.6,11,Yes,22.3,Tier 3 - Nurture
PROS-100650,Healthcare,South,50-249 employees,1655000.0,8.2,15,No,29.2,Tier 3 - Nurture
PROS-100651,Technology,Central,1000+ employees,155000.0,36.4,36,Yes,72.3,Tier 1 - Priority
PROS-100652,Professional Services,Central,50-249 employees,263000.0,31.0,1,No,27.5,Tier 3 - Nurture
PROS-100653,Wholesale Distribution,East,10-49 employees,1313000.0,21.9,2,Yes,17.1,Tier 3 - Nurture
PROS-100654,Transportation & Logistics,North,10-49 employees,365000.0,30.1,16,Yes,31.5,Tier 3 - Nurture
PROS-100655,Transportation & Logistics,Central,10-49 employees,263000.0,49.0,18,Yes,40.8,Tier 2 - Warm
PROS-100656,Hospitality,Central,10-49 employees,1978000.0,53.4,39,Yes,59.2,Tier 2 - Warm
PROS-100657,Technology,East,1000+ employees,705500.0,12.3,11,No,42.8,Tier 2 - Warm
PROS-100658,Manufacturing,East,50-249 employees,1614000.0,36.2,22,No,46.2,Tier 2 - Warm
PROS-100659,Professional Services,South,10-49 employees,1855000.0,53.3,28,No,50.4,Tier 2 - Warm
PROS-100660,Retail Trade,North,1-9 employees,565000.0,77.5,28,No,52.8,Tier 2 - Warm
PROS-100661,Hospitality,Central,250-999 employees,582000.0,25.6,14,Yes,43.1,Tier 2 - Warm
PROS-100662,Manufacturing,East,1-9 employees,358000.0,41.8,34,No,43.0,Tier 2 - Warm
PROS-100663,Professional Services,South,50-249 employees,877000.0,13.5,14,Yes,30.6,Tier 3 - Nurture
PROS-100664,Transportation & Logistics,West,1-9 employees,408000.0,50.1,17,No,32.9,Tier 3 - Nurture
PROS-100665,Technology,North,50-249 employees,453000.0,62.5,3,Yes,42.0,Tier 2 - Warm
PROS-100666,Transportation & Logistics,North,50-249 employees,1411000.0,42.5,39,Yes,62.2,Tier 2 - Warm
PROS-100667,Wholesale Distribution,South,10-49 employees,2684000.0,57.9,36,No,58.6,Tier 2 - Warm
PROS-100668,Education,East,1-9 employees,1130000.0,38.9,10,No,22.8,Tier 3 - Nurture
PROS-100669,Retail Trade,South,50-249 employees,5250000.0,36.8,21,Yes,45.7,Tier 2 - Warm
PROS-100670,Education,North,10-49 employees,336000.0,47.3,33,No,51.9,Tier 2 - Warm
PROS-100671,Technology,South,1-9 employees,97000.0,56.9,3,Yes,24.7,Tier 3 - Nurture
PROS-100672,Technology,South,10-49 employees,1601000.0,34.1,27,Yes,41.8,Tier 2 - Warm
PROS-100673,Manufacturing,East,10-49 employees,312000.0,34.150000000000006,30,Yes,44.2,Tier 2 - Warm
PROS-100674,Technology,East,50-249 employees,540000.0,62.3,26,Yes,60.0,Tier 2 - Warm
PROS-100675,Hospitality,Central,1-9 employees,104000.0,50.8,31,Yes,44.3,Tier 2 - Warm
PROS-100676,Transportation & Logistics,Central,10-49 employees,271000.0,62.8,9,No,39.3,Tier 2 - Warm
PROS-100677,Manufacturing,South,250-999 employees,140000.0,16.9,18,Yes,42.7,Tier 2 - Warm
PROS-100678,Transportation & Logistics,Central,1-9 employees,452000.0,58.3,25,Yes,42.6,Tier 2 - Warm
PROS-100679,Education,East,10-49 employees,473000.0,49.9,39,Yes,57.7,Tier 2 - Warm
PROS-100680,Hospitality,North,50-249 employees,805000.0,69.7,3,Yes,44.9,Tier 2 - Warm
PROS-100681,Retail Trade,South,250-999 employees,2852000.0,37.4,9,No,43.9,Tier 2 - Warm
PROS-100682,Education,West,10-49 employees,1536000.0,30.8,13,No,29.4,Tier 3 - Nurture
PROS-100683,Education,Central,50-249 employees,122000.0,64.5,33,Yes,66.5,Tier 1 - Priority
PROS-100684,Retail Trade,South,1-9 employees,1424000.0,17.6,30,No,29.9,Tier 3 - Nurture
PROS-100685,Wholesale Distribution,North,10-49 employees,825000.0,29.0,34,No,45.2,Tier 2 - Warm
PROS-100686,Healthcare,North,250-999 employees,655000.0,59.4,26,Yes,66.3,Tier 1 - Priority
PROS-100687,Transportation & Logistics,North,250-999 employees,711000.0,37.0,21,Yes,53.2,Tier 2 - Warm
PROS-100688,Healthcare,West,10-49 employees,913000.0,41.7,16,Yes,36.2,Tier 2 - Warm
PROS-100689,Hospitality,East,10-49 employees,341000.0,73.2,22,Yes,53.8,Tier 2 - Warm
PROS-100690,Education,East,10-49 employees,597000.0,44.2,4,Yes,27.8,Tier 3 - Nurture
PROS-100691,Hospitality,West,1-9 employees,2683000.0,47.8,5,Yes,22.5,Tier 3 - Nurture
PROS-100692,Education,Central,250-999 employees,336000.0,31.4,3,Yes,36.7,Tier 2 - Warm
PROS-100693,Education,West,50-249 employees,235000.0,5.0,6,Yes,20.8,Tier 3 - Nurture
PROS-100694,Manufacturing,North,10-49 employees,682000.0,36.8,13,Yes,31.8,Tier 3 - Nurture
PROS-100695,Professional Services,East,1-9 employees,210000.0,60.6,17,No,37.2,Tier 2 - Warm
PROS-100696,Hospitality,Central,1-9 employees,110000.0,22.1,39,No,38.9,Tier 2 - Warm
PROS-100697,Transportation & Logistics,West,1-9 employees,499000.0,8.9,36,No,31.1,Tier 3 - Nurture
PROS-100698,Manufacturing,South,50-249 employees,738500.0,34.7,31,No,52.7,Tier 2 - Warm
PROS-100699,Manufacturing,South,10-49 employees,699000.0,60.4,9,No,38.3,Tier 2 - Warm
PROS-100700,Transportation & Logistics,Central,1-9 employees,888000.0,32.5,21,Yes,28.9,Tier 3 - Nurture
PROS-100701,Technology,North,10-49 employees,70000.0,37.2,19,Yes,36.7,Tier 2 - Warm
PROS-100702,Retail Trade,East,1000+ employees,1181000.0,79.6,25,No,81.3,Tier 1 - Priority
PROS-100703,Retail Trade,North,1-9 employees,808000.0,17.4,3,Yes,8.5,Tier 3 - Nurture
PROS-100704,Retail Trade,Central,10-49 employees,351000.0,12.8,3,Yes,14.1,Tier 3 - Nurture
PROS-100705,Transportation & Logistics,North,10-49 employees,889000.0,49.1,12,No,36.1,Tier 2 - Warm
PROS-100706,Manufacturing,North,1-9 employees,880000.0,19.6,4,No,10.2,Tier 3 - Nurture
PROS-100707,Transportation & Logistics,South,10-49 employees,227000.0,9.7,15,Yes,22.4,Tier 3 - Nurture
PROS-100708,Healthcare,South,10-49 employees,1051000.0,56.6,16,Yes,42.3,Tier 2 - Warm
PROS-100709,Healthcare,East,1-9 employees,2722000.0,37.2,38,Yes,44.2,Tier 2 - Warm
PROS-100710,Technology,South,1-9 employees,568000.0,55.6,27,Yes,43.1,Tier 2 - Warm
PROS-100711,Transportation & Logistics,South,250-999 employees,281000.0,27.3,8,No,39.0,Tier 2 - Warm
PROS-100712,Hospitality,East,1-9 employees,600000.0,13.3,23,Yes,22.6,Tier 3 - Nurture
PROS-100713,Hospitality,East,10-49 employees,1867000.0,16.1,4,Yes,16.3,Tier 3 - Nurture
PROS-100714,Education,Central,10-49 employees,189000.0,64.4,38,No,62.9,Tier 2 - Warm
PROS-100715,Hospitality,East,50-249 employees,1378000.0,41.5,3,Yes,33.4,Tier 2 - Warm
PROS-100716,Transportation & Logistics,East,50-249 employees,346000.0,44.5,9,No,39.3,Tier 2 - Warm
PROS-100717,Healthcare,West,50-249 employees,952000.0,37.8,21,No,46.1,Tier 2 - Warm
PROS-100718,Professional Services,North,10-49 employees,392000.0,17.5,27,No,35.0,Tier 2 - Warm
PROS-100719,Transportation & Logistics,West,10-49 employees,391000.0,42.4,21,No,40.4,Tier 2 - Warm
PROS-100720,Retail Trade,Central,10-49 employees,3896000.0,87.1,37,No,71.3,Tier 1 - Priority
PROS-100721,Education,South,10-49 employees,155000.0,23.0,8,Yes,22.3,Tier 3 - Nurture
PROS-100722,Wholesale Distribution,North,10-49 employees,1244000.0,72.4,39,Yes,66.9,Tier 1 - Priority
PROS-100723,Retail Trade,South,1-9 employees,4899000.0,57.8,10,No,30.6,Tier 3 - Nurture
PROS-100724,Hospitality,South,10-49 employees,1550000.0,67.7,29,No,57.1,Tier 2 - Warm
PROS-100725,Retail Trade,East,10-49 employees,749000.0,83.8,13,Yes,51.0,Tier 2 - Warm
PROS-100726,Hospitality,Central,1-9 employees,178000.0,21.7,27,No,29.2,Tier 3 - Nurture
PROS-100727,Manufacturing,East,1-9 employees,319000.0,13.6,1,No,5.4,Tier 3 - Nurture
PROS-100728,Healthcare,North,50-249 employees,868000.0,52.9,29,Yes,58.6,Tier 2 - Warm
PROS-100729,Technology,South,10-49 employees,935000.0,54.4,32,Yes,54.0,Tier 2 - Warm
PROS-100730,Hospitality,West,50-249 employees,180000.0,18.6,14,No,32.7,Tier 3 - Nurture
PROS-100731,Healthcare,South,10-49 employees,279000.0,65.1,31,No,57.6,Tier 2 - Warm
PROS-100732,Education,East,250-999 employees,299000.0,43.0,21,No,55.7,Tier 2 - Warm
PROS-100733,Hospitality,West,50-249 employees,598000.0,50.9,13,No,45.1,Tier 2 - Warm
PROS-100734,Professional Services,South,1-9 employees,6473000.0,38.9,23,Yes,33.1,Tier 2 - Warm
PROS-100735,Technology,West,1000+ employees,261000.0,69.3,23,Yes,75.5,Tier 1 - Priority
PROS-100736,Hospitality,South,1-9 employees,249000.0,84.0,14,Yes,44.4,Tier 2 - Warm
PROS-100737,Construction,North,10-49 employees,210000.0,40.2,13,Yes,33.2,Tier 2 - Warm
PROS-100738,Hospitality,South,50-249 employees,1468000.0,42.9,18,No,45.8,Tier 2 - Warm
PROS-100739,Wholesale Distribution,East,1-9 employees,724000.0,36.6,2,Yes,15.6,Tier 3 - Nurture
PROS-100740,Wholesale Distribution,North,10-49 employees,272000.0,52.7,23,Yes,46.2,Tier 2 - Warm
PROS-100741,Hospitality,Central,10-49 employees,489000.0,6.5,24,No,28.2,Tier 3 - Nurture
PROS-100742,Technology,East,1-9 employees,305000.0,37.6,22,No,31.8,Tier 3 - Nurture
PROS-100743,Professional Services,North,1-9 employees,1010000.0,60.8,29,Yes,46.8,Tier 2 - Warm
PROS-100744,Hospitality,Central,1-9 employees,724000.0,24.3,20,Yes,24.8,Tier 3 - Nurture
PROS-100745,Construction,Central,1-9 employees,1337000.0,67.7,14,Yes,37.8,Tier 2 - Warm
PROS-100746,Transportation & Logistics,North,10-49 employees,658000.0,86.5,32,No,67.2,Tier 1 - Priority
PROS-100747,Construction,North,10-49 employees,351000.0,69.1,10,No,42.7,Tier 2 - Warm
PROS-100748,Construction,South,10-49 employees,166000.0,40.5,1,Yes,23.9,Tier 3 - Nurture
PROS-100749,Retail Trade,East,50-249 employees,1635000.0,52.9,11,Yes,44.3,Tier 2 - Warm
PROS-100750,Education,West,1-9 employees,1540000.0,27.6,28,No,32.4,Tier 3 - Nurture
PROS-100751,Retail Trade,East,1-9 employees,437000.0,91.3,14,Yes,47.4,Tier 2 - Warm
PROS-100752,Manufacturing,West,50-249 employees,738500.0,13.6,7,No,25.1,Tier 3 - Nurture
PROS-100753,Education,North,250-999 employees,747000.0,80.4,19,Yes,69.4,Tier 1 - Priority
PROS-100754,Transportation & Logistics,West,10-49 employees,1710000.0,36.400000000000006,8,Yes,27.7,Tier 3 - Nurture
PROS-100755,Healthcare,Central,1-9 employees,1010000.0,20.7,30,Yes,31.2,Tier 3 - Nurture
PROS-100756,Hospitality,East,50-249 employees,600000.0,59.6,5,No,42.3,Tier 2 - Warm
PROS-100757,Construction,East,250-999 employees,255000.0,40.5,8,Yes,44.4,Tier 2 - Warm
PROS-100758,Retail Trade,South,10-49 employees,622000.0,37.0,31,Yes,46.1,Tier 2 - Warm
PROS-100759,Hospitality,Central,1-9 employees,1842000.0,34.2,28,No,35.1,Tier 2 - Warm
PROS-100760,Retail Trade,North,1-9 employees,417000.0,35.1,10,Yes,21.3,Tier 3 - Nurture
PROS-100761,Transportation & Logistics,South,10-49 employees,1183000.0,50.0,38,Yes,57.0,Tier 2 - Warm
PROS-100762,Education,North,250-999 employees,676000.0,75.8,3,Yes,54.9,Tier 2 - Warm
PROS-100763,Education,Central,50-249 employees,1720000.0,7.6,8,Yes,23.5,Tier 3 - Nurture
PROS-100764,Construction,East,1-9 employees,1029000.0,15.5,9,Yes,12.5,Tier 3 - Nurture
PROS-100765,Hospitality,Central,10-49 employees,194000.0,10.8,20,Yes,26.7,Tier 3 - Nurture
PROS-100766,Technology,West,50-249 employees,570000.0,64.3,20,Yes,56.1,Tier 2 - Warm
PROS-100767,Healthcare,East,10-49 employees,2032000.0,43.3,15,No,36.1,Tier 2 - Warm
PROS-100768,Retail Trade,East,50-249 employees,183000.0,36.75,10,Yes,37.0,Tier 2 - Warm
PROS-100769,Construction,South,10-49 employees,225000.0,37.0,24,No,40.6,Tier 2 - Warm
PROS-100770,Technology,East,1-9 employees,676000.0,50.3,16,No,32.2,Tier 3 - Nurture
PROS-100771,Education,West,10-49 employees,7623000.0,18.8,35,Yes,41.9,Tier 2 - Warm
PROS-100772,Manufacturing,Central,10-49 employees,348000.0,41.1,3,Yes,25.7,Tier 3 - Nurture
PROS-100773,Hospitality,East,1000+ employees,1258000.0,47.0,35,No,75.9,Tier 1 - Priority
PROS-100774,Wholesale Distribution,Central,10-49 employees,971000.0,4.1,32,Yes,33.5,Tier 2 - Warm
PROS-100775,Education,Central,10-49 employees,381000.0,57.5,18,Yes,44.3,Tier 2 - Warm
PROS-100776,Healthcare,East,10-49 employees,749000.0,71.7,28,Yes,57.9,Tier 2 - Warm
PROS-100777,Retail Trade,East,10-49 employees,446000.0,53.5,30,Yes,52.1,Tier 2 - Warm
PROS-100778,Professional Services,North,10-49 employees,492000.0,33.8,35,Yes,48.0,Tier 2 - Warm
PROS-100779,Wholesale Distribution,South,50-249 employees,117000.0,38.5,20,Yes,45.6,Tier 2 - Warm
PROS-100780,Wholesale Distribution,Central,10-49 employees,710000.0,39.6,4,Yes,25.9,Tier 3 - Nurture
PROS-100781,Technology,North,10-49 employees,1961000.0,52.8,31,Yes,52.6,Tier 2 - Warm
PROS-100782,Retail Trade,South,10-49 employees,777000.0,62.4,7,No,37.6,Tier 2 - Warm
PROS-100783,Retail Trade,West,1-9 employees,2421000.0,24.4,35,Yes,36.6,Tier 2 - Warm
PROS-100784,Healthcare,South,50-249 employees,1381000.0,43.1,32,No,56.9,Tier 2 - Warm
PROS-100785,Transportation & Logistics,Central,10-49 employees,683000.0,36.3,28,No,43.5,Tier 2 - Warm
PROS-100786,Manufacturing,West,10-49 employees,366000.0,60.1,14,Yes,42.2,Tier 2 - Warm
PROS-100787,Technology,North,50-249 employees,427000.0,56.8,3,Yes,39.6,Tier 2 - Warm
PROS-100788,Transportation & Logistics,South,50-249 employees,738500.0,43.5,17,Yes,45.2,Tier 2 - Warm
PROS-100789,Manufacturing,West,50-249 employees,544000.0,19.6,10,Yes,30.0,Tier 3 - Nurture
PROS-100790,Manufacturing,Central,10-49 employees,749000.0,25.5,38,Yes,47.0,Tier 2 - Warm
PROS-100791,Healthcare,Central,1-9 employees,4814000.0,38.3,31,No,39.2,Tier 2 - Warm
PROS-100792,Hospitality,Central,50-249 employees,1304000.0,52.4,8,No,41.8,Tier 2 - Warm
PROS-100793,Wholesale Distribution,North,10-49 employees,282000.0,34.5,1,Yes,21.4,Tier 3 - Nurture
PROS-100794,Healthcare,West,10-49 employees,150000.0,83.4,36,No,69.0,Tier 1 - Priority
PROS-100795,Professional Services,North,10-49 employees,581000.0,18.1,21,No,30.5,Tier 3 - Nurture
PROS-100796,Education,North,50-249 employees,1781000.0,71.9,29,Yes,66.3,Tier 1 - Priority
PROS-100797,Healthcare,West,1-9 employees,572000.0,42.1,24,No,35.2,Tier 2 - Warm
PROS-100798,Construction,East,10-49 employees,749000.0,85.8,13,Yes,51.9,Tier 2 - Warm
PROS-100799,Healthcare,West,1-9 employees,724000.0,33.7,32,No,38.1,Tier 2 - Warm
PROS-100800,Manufacturing,Central,10-49 employees,1605000.0,52.2,9,No,35.0,Tier 2 - Warm
PROS-100801,Construction,North,50-249 employees,126000.0,54.1,32,Yes,61.4,Tier 2 - Warm
PROS-100802,Transportation & Logistics,East,10-49 employees,4259000.0,34.6,38,Yes,50.7,Tier 2 - Warm
PROS-100803,Education,Central,10-49 employees,215000.0,59.6,3,No,33.3,Tier 2 - Warm
PROS-100804,Hospitality,East,250-999 employees,1746000.0,7.8,31,Yes,49.2,Tier 2 - Warm
PROS-100805,Hospitality,East,50-249 employees,541000.0,23.1,27,No,44.8,Tier 2 - Warm
PROS-100806,Transportation & Logistics,East,10-49 employees,642000.0,34.2,30,No,44.2,Tier 2 - Warm
PROS-100807,Retail Trade,Central,1000+ employees,559000.0,43.7,31,Yes,71.4,Tier 1 - Priority
PROS-100808,Construction,North,10-49 employees,966000.0,21.1,37,Yes,44.4,Tier 2 - Warm
PROS-100809,Education,Central,50-249 employees,1207000.0,16.9,5,No,24.9,Tier 3 - Nurture
PROS-100810,Manufacturing,Central,1-9 employees,2337000.0,61.5,12,No,33.6,Tier 2 - Warm
PROS-100811,Wholesale Distribution,Central,1-9 employees,3432000.0,48.2,19,Yes,33.7,Tier 2 - Warm
PROS-100812,Technology,East,1-9 employees,1051000.0,9.1,35,Yes,30.4,Tier 3 - Nurture
PROS-100813,Professional Services,East,1-9 employees,724000.0,42.6,26,No,37.0,Tier 2 - Warm
PROS-100814,Hospitality,South,10-49 employees,808000.0,28.8,24,Yes,37.3,Tier 2 - Warm
PROS-100815,Wholesale Distribution,South,1-9 employees,2386000.0,48.2,14,Yes,29.8,Tier 3 - Nurture
PROS-100816,Manufacturing,Central,10-49 employees,1169000.0,87.5,5,Yes,46.2,Tier 2 - Warm
PROS-100817,Retail Trade,East,1-9 employees,399000.0,18.2,15,No,18.3,Tier 3 - Nurture
PROS-100818,Technology,West,1-9 employees,890000.0,34.9,19,No,28.3,Tier 3 - Nurture
PROS-100819,Education,North,1000+ employees,1269000.0,26.9,5,No,44.0,Tier 2 - Warm
PROS-100820,Manufacturing,West,50-249 employees,704000.0,27.6,7,No,30.9,Tier 3 - Nurture
PROS-100821,Technology,West,250-999 employees,1149000.0,40.099999999999994,31,Yes,62.4,Tier 2 - Warm
PROS-100822,Retail Trade,Central,10-49 employees,1890000.0,44.0,10,No,32.4,Tier 3 - Nurture
PROS-100823,Technology,North,1-9 employees,711000.0,26.1,10,No,17.6,Tier 3 - Nurture
PROS-100824,Technology,East,10-49 employees,29000.0,37.9,5,No,26.0,Tier 3 - Nurture
PROS-100825,Manufacturing,East,10-49 employees,4621000.0,24.4,17,No,29.9,Tier 3 - Nurture
PROS-100826,Technology,East,1-9 employees,526000.0,86.1,2,Yes,35.8,Tier 2 - Warm
PROS-100827,Wholesale Distribution,North,250-999 employees,295000.0,53.4,21,Yes,59.9,Tier 2 - Warm
PROS-100828,Wholesale Distribution,East,10-49 employees,212000.0,48.4,3,No,28.7,Tier 3 - Nurture
PROS-100829,Manufacturing,South,50-249 employees,504000.0,56.2,4,Yes,40.2,Tier 2 - Warm
PROS-100830,Professional Services,West,10-49 employees,393000.0,40.1,39,Yes,53.7,Tier 2 - Warm
PROS-100831,Professional Services,South,10-49 employees,749000.0,90.0,17,No,56.7,Tier 2 - Warm
PROS-100832,Healthcare,East,1-9 employees,344000.0,49.0,12,No,28.5,Tier 3 - Nurture
PROS-100833,Retail Trade,West,1000+ employees,1306000.0,24.9,6,Yes,44.0,Tier 2 - Warm
PROS-100834,Wholesale Distribution,North,10-49 employees,6807000.0,32.6,18,Yes,34.1,Tier 2 - Warm
PROS-100835,Hospitality,West,1-9 employees,1799000.0,74.9,10,Yes,37.5,Tier 2 - Warm
PROS-100836,Wholesale Distribution,West,1-9 employees,2508000.0,19.3,9,Yes,14.0,Tier 3 - Nurture
PROS-100837,Retail Trade,North,10-49 employees,482000.0,4.7,14,Yes,19.5,Tier 3 - Nurture
PROS-100838,Manufacturing,North,1000+ employees,818000.0,27.2,6,Yes,44.9,Tier 2 - Warm
PROS-100839,Education,Central,250-999 employees,1166000.0,69.5,20,No,65.7,Tier 2 - Warm
PROS-100840,Professional Services,South,50-249 employees,353000.0,38.9,16,Yes,42.6,Tier 2 - Warm
PROS-100841,Technology,Central,1000+ employees,457000.0,58.4,17,Yes,66.3,Tier 1 - Priority
PROS-100842,Education,East,50-249 employees,1867000.0,14.1,31,No,44.3,Tier 2 - Warm
PROS-100843,Manufacturing,South,1-9 employees,2420000.0,13.3,3,Yes,6.8,Tier 3 - Nurture
PROS-100844,Manufacturing,South,10-49 employees,786000.0,21.0,11,No,23.8,Tier 3 - Nurture
PROS-100845,Manufacturing,West,1-9 employees,196000.0,54.0,14,Yes,32.2,Tier 3 - Nurture
PROS-100846,Retail Trade,North,1-9 employees,724000.0,47.7,15,Yes,30.4,Tier 3 - Nurture
PROS-100847,Manufacturing,East,10-49 employees,149000.0,34.150000000000006,2,Yes,22.1,Tier 3 - Nurture
PROS-100848,Wholesale Distribution,South,1-9 employees,792000.0,46.2,10,Yes,25.8,Tier 3 - Nurture
PROS-100849,Technology,North,1000+ employees,966000.0,66.5,10,Yes,64.1,Tier 2 - Warm
PROS-100850,Education,South,1000+ employees,542000.0,86.1,36,No,92.6,Tier 1 - Priority
PROS-100851,Wholesale Distribution,East,10-49 employees,952000.0,31.5,4,No,22.6,Tier 3 - Nurture
PROS-100852,Education,West,50-249 employees,1154000.0,15.4,20,No,36.1,Tier 2 - Warm
PROS-100853,Professional Services,North,10-49 employees,968000.0,29.5,7,No,24.1,Tier 3 - Nurture
PROS-100854,Professional Services,Central,1-9 employees,195000.0,35.5,39,Yes,44.3,Tier 2 - Warm
PROS-100855,Wholesale Distribution,Central,1-9 employees,552000.0,85.2,20,No,49.6,Tier 2 - Warm
PROS-100856,Professional Services,West,1-9 employees,1145000.0,16.8,13,No,16.2,Tier 3 - Nurture
PROS-100857,Manufacturing,Central,1-9 employees,4142000.0,73.0,37,Yes,58.1,Tier 2 - Warm
PROS-100858,Technology,East,1-9 employees,541000.0,32.7,26,No,32.9,Tier 3 - Nurture
PROS-100859,Wholesale Distribution,Central,1-9 employees,1337000.0,45.9,8,No,24.1,Tier 3 - Nurture
PROS-100860,Education,West,1-9 employees,1916000.0,39.0,28,No,37.1,Tier 2 - Warm
PROS-100861,Education,East,250-999 employees,588000.0,98.3,29,No,84.6,Tier 1 - Priority
PROS-100862,Retail Trade,North,1-9 employees,2580000.0,44.0,20,No,32.8,Tier 3 - Nurture
PROS-100863,Hospitality,East,1-9 employees,2737000.0,41.5,2,No,17.6,Tier 3 - Nurture
PROS-100864,Wholesale Distribution,Central,10-49 employees,3330000.0,39.6,29,No,45.6,Tier 2 - Warm
PROS-100865,Technology,Central,10-49 employees,1208000.0,39.7,14,No,33.8,Tier 2 - Warm
PROS-100866,Wholesale Distribution,East,10-49 employees,9783000.0,39.05,5,Yes,26.4,Tier 3 - Nurture
PROS-100867,Wholesale Distribution,South,1-9 employees,371000.0,26.2,16,No,22.4,Tier 3 - Nurture
PROS-100868,Healthcare,West,10-49 employees,7546000.0,47.8,20,No,41.9,Tier 2 - Warm
PROS-100869,Manufacturing,North,10-49 employees,1698000.0,73.1,5,Yes,40.4,Tier 2 - Warm
PROS-100870,Healthcare,North,50-249 employees,3186000.0,20.7,9,No,29.6,Tier 3 - Nurture
PROS-100871,Professional Services,East,10-49 employees,513000.0,23.0,25,Yes,35.7,Tier 2 - Warm
PROS-100872,Retail Trade,Central,10-49 employees,1847000.0,58.2,27,Yes,51.6,Tier 2 - Warm
PROS-100873,Retail Trade,South,10-49 employees,3505000.0,61.6,6,No,36.5,Tier 2 - Warm
PROS-100874,Technology,East,1-9 employees,221000.0,65.0,10,No,33.5,Tier 2 - Warm
PROS-100875,Transportation & Logistics,South,10-49 employees,609000.0,22.4,32,Yes,41.0,Tier 2 - Warm
PROS-100876,Transportation & Logistics,East,1-9 employees,69000.0,53.7,4,No,24.1,Tier 3 - Nurture
PROS-100877,Hospitality,North,1-9 employees,599000.0,57.1,24,Yes,41.3,Tier 2 - Warm
PROS-100878,Transportation & Logistics,East,50-249 employees,297000.0,35.2,17,No,41.9,Tier 2 - Warm
PROS-100879,Technology,East,1-9 employees,574000.0,68.5,29,No,49.9,Tier 2 - Warm
PROS-100880,Manufacturing,South,1-9 employees,18183000.0,42.8,2,No,18.1,Tier 3 - Nurture
PROS-100881,Wholesale Distribution,South,50-249 employees,4826000.0,18.2,7,Yes,27.0,Tier 3 - Nurture
PROS-100882,Healthcare,West,10-49 employees,150000.0,80.4,33,No,65.4,Tier 2 - Warm
PROS-100883,Retail Trade,North,50-249 employees,1344000.0,13.1,13,No,29.7,Tier 3 - Nurture
PROS-100884,Wholesale Distribution,North,250-999 employees,1756000.0,47.0,15,Yes,52.6,Tier 2 - Warm
PROS-100885,Hospitality,North,1000+ employees,503000.0,68.2,28,Yes,79.0,Tier 1 - Priority
PROS-100886,Manufacturing,Central,10-49 employees,887000.0,30.3,19,No,33.9,Tier 2 - Warm
PROS-100887,Retail Trade,South,1-9 employees,988000.0,20.0,18,Yes,21.4,Tier 3 - Nurture
PROS-100888,Manufacturing,North,10-49 employees,166000.0,30.7,3,No,21.5,Tier 3 - Nurture
PROS-100889,Professional Services,Central,10-49 employees,235000.0,77.5,25,Yes,57.9,Tier 2 - Warm
PROS-100890,Manufacturing,North,10-49 employees,882000.0,22.2,6,Yes,20.4,Tier 3 - Nurture
PROS-100891,Hospitality,South,1-9 employees,814000.0,54.3,17,Yes,34.7,Tier 2 - Warm
PROS-100892,Transportation & Logistics,North,1-9 employees,335000.0,57.2,14,Yes,33.5,Tier 2 - Warm
PROS-100893,Education,West,1-9 employees,304000.0,30.6,27,Yes,32.9,Tier 3 - Nurture
PROS-100894,Hospitality,West,1-9 employees,661000.0,32.6,27,No,33.7,Tier 2 - Warm
PROS-100895,Technology,West,1-9 employees,1933000.0,76.6,26,No,50.9,Tier 2 - Warm
PROS-100896,Transportation & Logistics,South,250-999 employees,671000.0,79.7,25,Yes,73.8,Tier 1 - Priority
PROS-100897,Manufacturing,South,1-9 employees,4347000.0,47.3,12,No,27.8,Tier 3 - Nurture
PROS-100898,Manufacturing,Central,10-49 employees,749000.0,63.0,14,Yes,43.3,Tier 2 - Warm
PROS-100899,Technology,Central,250-999 employees,902000.0,35.0,35,Yes,63.5,Tier 2 - Warm
PROS-100900,Manufacturing,North,10-49 employees,494000.0,36.8,28,Yes,43.7,Tier 2 - Warm
PROS-100901,Manufacturing,West,10-49 employees,1393000.0,21.4,29,Yes,38.2,Tier 2 - Warm
PROS-100902,Professional Services,Central,50-249 employees,309000.0,4.2,34,Yes,42.6,Tier 2 - Warm
PROS-100903,Wholesale Distribution,East,1-9 employees,6078000.0,34.8,3,No,15.6,Tier 3 - Nurture
PROS-100904,Healthcare,West,10-49 employees,114000.0,4.1,1,No,9.0,Tier 3 - Nurture
PROS-100905,Hospitality,North,50-249 employees,4814000.0,14.5,2,Yes,21.6,Tier 3 - Nurture
PROS-100906,Healthcare,North,50-249 employees,805000.0,33.8,20,Yes,43.6,Tier 2 - Warm
PROS-100907,Retail Trade,North,50-249 employees,1339000.0,81.5,28,No,69.5,Tier 1 - Priority
PROS-100908,Construction,North,1000+ employees,3166000.0,52.6,38,No,80.5,Tier 1 - Priority
PROS-100909,Manufacturing,Central,10-49 employees,1874000.0,38.7,25,Yes,42.1,Tier 2 - Warm
PROS-100910,Hospitality,West,50-249 employees,327000.0,55.4,29,No,59.6,Tier 2 - Warm
PROS-100911,Retail Trade,West,10-49 employees,1411000.0,32.0,37,No,48.8,Tier 2 - Warm
PROS-100912,Construction,South,50-249 employees,5690000.0,63.9,7,Yes,45.7,Tier 2 - Warm
PROS-100913,Education,Central,50-249 employees,275000.0,8.2,27,Yes,38.7,Tier 2 - Warm
PROS-100914,Transportation & Logistics,North,50-249 employees,7499000.0,47.6,26,No,54.0,Tier 2 - Warm
PROS-100915,Healthcare,Central,250-999 employees,1115000.0,55.3,9,Yes,51.2,Tier 2 - Warm
PROS-100916,Transportation & Logistics,North,1-9 employees,724000.0,33.3,19,Yes,27.7,Tier 3 - Nurture
PROS-100917,Hospitality,North,50-249 employees,273000.0,37.1,2,No,30.8,Tier 3 - Nurture
PROS-100918,Professional Services,North,1-9 employees,571000.0,46.9,19,No,33.2,Tier 2 - Warm
PROS-100919,Technology,West,10-49 employees,85000.0,40.099999999999994,21,No,39.5,Tier 2 - Warm
PROS-100920,Wholesale Distribution,South,50-249 employees,462000.0,83.0,15,No,59.8,Tier 2 - Warm
PROS-100921,Transportation & Logistics,East,50-249 employees,546000.0,18.4,20,Yes,37.4,Tier 2 - Warm
PROS-100922,Healthcare,East,10-49 employees,224000.0,67.6,25,No,53.9,Tier 2 - Warm
PROS-100923,Retail Trade,West,10-49 employees,1661000.0,51.0,37,No,56.6,Tier 2 - Warm
PROS-100924,Professional Services,South,1-9 employees,573000.0,8.6,16,No,15.2,Tier 3 - Nurture
PROS-100925,Education,North,1-9 employees,362000.0,15.8,28,Yes,27.6,Tier 3 - Nurture
PROS-100926,Transportation & Logistics,South,1-9 employees,510000.0,38.150000000000006,18,No,28.8,Tier 3 - Nurture
PROS-100927,Construction,South,250-999 employees,1078000.0,38.599999999999994,36,No,65.7,Tier 2 - Warm
PROS-100928,Healthcare,West,1-9 employees,791000.0,28.3,22,Yes,28.0,Tier 3 - Nurture
PROS-100929,Transportation & Logistics,West,1000+ employees,337000.0,77.4,30,Yes,84.4,Tier 1 - Priority
PROS-100930,Transportation & Logistics,North,1-9 employees,838000.0,28.5,12,Yes,20.2,Tier 3 - Nurture
PROS-100931,Technology,West,50-249 employees,690000.0,20.2,26,Yes,42.8,Tier 2 - Warm
PROS-100932,Professional Services,North,10-49 employees,208000.0,16.0,10,Yes,21.0,Tier 3 - Nurture
PROS-100933,Technology,West,50-249 employees,531000.0,65.1,22,Yes,58.0,Tier 2 - Warm
PROS-100934,Healthcare,South,10-49 employees,1380000.0,11.5,8,Yes,17.6,Tier 3 - Nurture
PROS-100935,Education,South,50-249 employees,1369000.0,70.9,23,Yes,61.2,Tier 2 - Warm
PROS-100936,Retail Trade,East,250-999 employees,566000.0,74.6,7,No,57.6,Tier 2 - Warm
PROS-100937,Retail Trade,South,10-49 employees,1536000.0,27.4,20,No,33.5,Tier 2 - Warm
PROS-100938,Healthcare,West,1-9 employees,248000.0,59.0,19,No,38.2,Tier 2 - Warm
PROS-100939,Transportation & Logistics,Central,1-9 employees,257000.0,36.5,33,No,40.0,Tier 2 - Warm
PROS-100940,Technology,Central,50-249 employees,553000.0,13.5,5,Yes,23.5,Tier 3 - Nurture
PROS-100941,Healthcare,East,10-49 employees,3788000.0,44.2,10,No,32.5,Tier 3 - Nurture
PROS-100942,Education,East,10-49 employees,873000.0,56.5,28,No,51.7,Tier 2 - Warm
PROS-100943,Healthcare,East,10-49 employees,539000.0,54.9,36,No,57.4,Tier 2 - Warm
PROS-100944,Retail Trade,West,10-49 employees,3987000.0,43.4,32,No,49.5,Tier 2 - Warm
PROS-100945,Retail Trade,East,50-249 employees,532000.0,6.2,22,Yes,33.9,Tier 2 - Warm
PROS-100946,Education,East,50-249 employees,8522000.0,43.0,11,No,40.3,Tier 2 - Warm
PROS-100947,Retail Trade,East,50-249 employees,416000.0,32.8,18,No,41.7,Tier 2 - Warm
PROS-100948,Education,South,50-249 employees,240000.0,56.8,34,Yes,64.1,Tier 2 - Warm
PROS-100949,Professional Services,East,250-999 employees,607000.0,20.9,9,Yes,37.2,Tier 2 - Warm
PROS-100950,Manufacturing,West,10-49 employees,555000.0,44.5,39,Yes,55.5,Tier 2 - Warm
PROS-100951,Construction,East,1000+ employees,300000.0,29.2,11,Yes,49.7,Tier 2 - Warm
PROS-100952,Technology,Central,1-9 employees,12764000.0,24.9,19,No,24.2,Tier 3 - Nurture
PROS-100953,Healthcare,Central,10-49 employees,1036000.0,36.5,23,No,39.6,Tier 2 - Warm
PROS-100954,Hospitality,East,50-249 employees,1216000.0,41.5,12,Yes,40.5,Tier 2 - Warm
PROS-100955,Technology,Central,10-49 employees,439000.0,13.9,6,Yes,17.0,Tier 3 - Nurture
PROS-100956,Healthcare,North,1-9 employees,386000.0,19.0,13,No,17.1,Tier 3 - Nurture
PROS-100957,Technology,Central,10-49 employees,2254000.0,64.6,1,No,33.7,Tier 2 - Warm
PROS-100958,Education,South,10-49 employees,115000.0,11.0,25,Yes,30.8,Tier 3 - Nurture
PROS-100959,Healthcare,East,250-999 employees,207000.0,49.1,11,Yes,50.3,Tier 2 - Warm
PROS-100960,Retail Trade,South,10-49 employees,556000.0,22.5,18,No,30.0,Tier 3 - Nurture
PROS-100961,Healthcare,East,1-9 employees,3224000.0,12.3,12,Yes,13.5,Tier 3 - Nurture
PROS-100962,Wholesale Distribution,South,10-49 employees,483000.0,37.8,8,Yes,28.3,Tier 3 - Nurture
PROS-100963,Professional Services,West,10-49 employees,1153000.0,37.6,37,Yes,51.1,Tier 2 - Warm
PROS-100964,Education,North,1-9 employees,752000.0,14.9,14,No,16.2,Tier 3 - Nurture
PROS-100965,Transportation & Logistics,Central,10-49 employees,3035000.0,36.5,23,No,39.6,Tier 2 - Warm
PROS-100966,Technology,Central,10-49 employees,128000.0,17.0,14,Yes,24.5,Tier 3 - Nurture
PROS-100967,Construction,East,1-9 employees,1639000.0,34.45,16,Yes,25.8,Tier 3 - Nurture
PROS-100968,Education,East,10-49 employees,586000.0,44.1,10,No,32.5,Tier 3 - Nurture
PROS-100969,Manufacturing,West,10-49 employees,749000.0,34.5,39,Yes,51.4,Tier 2 - Warm
PROS-100970,Professional Services,North,50-249 employees,296000.0,45.0,24,Yes,51.4,Tier 2 - Warm
PROS-100971,Healthcare,West,10-49 employees,749000.0,7.2,15,Yes,21.3,Tier 3 - Nurture
PROS-100972,Healthcare,South,1-9 employees,652000.0,9.4,22,Yes,20.3,Tier 3 - Nurture
PROS-100973,Healthcare,West,1000+ employees,242000.0,12.6,38,No,64.2,Tier 2 - Warm
PROS-100974,Retail Trade,South,10-49 employees,178000.0,34.4,25,Yes,40.3,Tier 2 - Warm
PROS-100975,Professional Services,West,1-9 employees,385000.0,37.6,37,Yes,43.6,Tier 2 - Warm
PROS-100976,Manufacturing,West,50-249 employees,841000.0,47.8,26,Yes,54.1,Tier 2 - Warm
PROS-100977,Transportation & Logistics,South,1-9 employees,317000.0,61.2,27,Yes,45.4,Tier 2 - Warm
PROS-100978,Construction,West,50-249 employees,507000.0,29.0,15,Yes,37.7,Tier 2 - Warm
PROS-100979,Transportation & Logistics,East,50-249 employees,92000.0,10.2,21,No,34.8,Tier 2 - Warm
PROS-100980,Transportation & Logistics,South,1000+ employees,485000.0,38.6,24,Yes,63.8,Tier 2 - Warm
PROS-100981,Hospitality,East,1000+ employees,2249000.0,41.5,33,Yes,72.1,Tier 1 - Priority
PROS-100982,Transportation & Logistics,Central,1-9 employees,1584000.0,51.7,29,Yes,43.1,Tier 2 - Warm
PROS-100983,Technology,North,50-249 employees,663000.0,35.6,13,No,38.9,Tier 2 - Warm
PROS-100984,Transportation & Logistics,Central,1-9 employees,954000.0,25.1,17,No,22.7,Tier 3 - Nurture
PROS-100985,Technology,Central,10-49 employees,293000.0,13.1,15,No,23.7,Tier 3 - Nurture
PROS-100986,Technology,East,10-49 employees,4355000.0,50.2,39,Yes,57.8,Tier 2 - Warm
PROS-100987,Construction,West,1-9 employees,7092000.0,25.1,9,No,16.4,Tier 3 - Nurture
PROS-100988,Professional Services,South,1-9 employees,874000.0,26.7,23,No,28.1,Tier 3 - Nurture
PROS-100989,Hospitality,North,1-9 employees,12607000.0,40.4,10,Yes,23.4,Tier 3 - Nurture
PROS-100990,Construction,East,1-9 employees,345000.0,59.7,6,No,28.2,Tier 3 - Nurture
PROS-100991,Transportation & Logistics,Central,1-9 employees,184000.0,30.6,6,No,16.3,Tier 3 - Nurture
PROS-100992,Retail Trade,South,250-999 employees,334000.0,12.0,1,No,27.2,Tier 3 - Nurture
PROS-100993,Healthcare,West,10-49 employees,573000.0,25.2,34,Yes,43.7,Tier 2 - Warm
PROS-100994,Transportation & Logistics,West,50-249 employees,9279000.0,35.1,33,Yes,54.4,Tier 2 - Warm
PROS-100995,Technology,West,50-249 employees,535000.0,40.099999999999994,1,No,31.2,Tier 3 - Nurture
PROS-100996,Transportation & Logistics,South,50-249 employees,738500.0,21.6,11,Yes,31.6,Tier 3 - Nurture
PROS-100997,Construction,South,10-49 employees,271000.0,17.0,17,Yes,26.9,Tier 3 - Nurture
PROS-100998,Education,East,250-999 employees,2556000.0,42.7,7,No,44.5,Tier 2 - Warm
PROS-100999,Transportation & Logistics,Central,50-249 employees,2185000.0,29.6,15,Yes,38.0,Tier 2 - Warm
PROS-101000,Wholesale Distribution,Central,50-249 employees,428000.0,60.8,37,Yes,68.1,Tier 1 - Priority
PROS-101001,Hospitality,East,250-999 employees,93000.0,8.3,16,Yes,37.6,Tier 2 - Warm
PROS-101002,Transportation & Logistics,Central,10-49 employees,211000.0,31.6,20,Yes,35.2,Tier 2 - Warm
PROS-101003,Wholesale Distribution,East,10-49 employees,749000.0,39.4,33,Yes,48.7,Tier 2 - Warm
PROS-101004,Retail Trade,South,250-999 employees,1556000.0,31.4,1,No,35.2,Tier 2 - Warm
PROS-101005,Education,North,10-49 employees,784000.0,48.2,33,No,52.3,Tier 2 - Warm
PROS-101006,Wholesale Distribution,West,50-249 employees,5699000.0,29.1,18,Yes,40.1,Tier 2 - Warm
PROS-101007,Transportation & Logistics,West,1-9 employees,6288000.0,25.7,26,No,30.1,Tier 3 - Nurture
PROS-101008,Hospitality,Central,1-9 employees,701000.0,66.1,38,Yes,56.1,Tier 2 - Warm
PROS-101009,Transportation & Logistics,West,10-49 employees,715000.0,40.1,27,Yes,44.2,Tier 2 - Warm
PROS-101010,Professional Services,North,1-9 employees,385000.0,56.3,12,No,31.5,Tier 3 - Nurture
PROS-101011,Hospitality,East,1000+ employees,533000.0,41.5,32,No,71.3,Tier 1 - Priority
PROS-101012,Professional Services,West,1-9 employees,142000.0,40.5,10,Yes,23.5,Tier 3 - Nurture
PROS-101013,Construction,East,50-249 employees,142000.0,48.2,16,No,46.4,Tier 2 - Warm
PROS-101014,Transportation & Logistics,East,1-9 employees,110000.0,36.8,26,Yes,34.6,Tier 2 - Warm
PROS-101015,Wholesale Distribution,Central,1000+ employees,705500.0,69.0,18,No,71.4,Tier 1 - Priority
PROS-101016,Construction,West,10-49 employees,131000.0,2.6,34,No,34.5,Tier 2 - Warm
PROS-101017,Healthcare,West,1-9 employees,6230000.0,34.2,10,Yes,20.9,Tier 3 - Nurture
PROS-101018,Manufacturing,East,1-9 employees,327000.0,51.7,25,No,39.9,Tier 2 - Warm
PROS-101019,Retail Trade,South,10-49 employees,4931000.0,53.4,10,No,36.3,Tier 2 - Warm
PROS-101020,Manufacturing,East,1000+ employees,488000.0,50.8,24,No,68.8,Tier 1 - Priority
PROS-101021,Manufacturing,Central,1000+ employees,130000.0,38.3,37,Yes,73.9,Tier 1 - Priority
PROS-101022,Wholesale Distribution,West,1-9 employees,2994000.0,40.5,38,No,45.6,Tier 2 - Warm
PROS-101023,Wholesale Distribution,West,10-49 employees,3409000.0,51.5,30,No,51.3,Tier 2 - Warm
PROS-101024,Wholesale Distribution,North,1-9 employees,269000.0,46.5,25,Yes,37.8,Tier 2 - Warm
PROS-101025,Manufacturing,Central,10-49 employees,506000.0,61.0,18,Yes,45.7,Tier 2 - Warm
PROS-101026,Manufacturing,South,10-49 employees,269000.0,52.9,13,No,38.4,Tier 2 - Warm
PROS-101027,Professional Services,Central,1-9 employees,639000.0,50.5,2,No,21.3,Tier 3 - Nurture
PROS-101028,Transportation & Logistics,East,10-49 employees,821000.0,58.1,20,Yes,46.1,Tier 2 - Warm
PROS-101029,Construction,Central,250-999 employees,496000.0,32.5,29,Yes,57.7,Tier 2 - Warm
PROS-101030,Healthcare,Central,1-9 employees,99000.0,39.5,33,Yes,41.2,Tier 2 - Warm
PROS-101031,Retail Trade,West,1-9 employees,385000.0,48.1,37,Yes,47.9,Tier 2 - Warm
PROS-101032,Hospitality,Central,1-9 employees,1581000.0,64.5,8,Yes,31.7,Tier 3 - Nurture
PROS-101033,Construction,West,1-9 employees,580000.0,9.1,37,No,32.0,Tier 3 - Nurture
PROS-101034,Manufacturing,Central,1-9 employees,509000.0,45.9,11,Yes,26.5,Tier 3 - Nurture
PROS-101035,Hospitality,North,10-49 employees,262000.0,68.8,28,Yes,56.8,Tier 2 - Warm
PROS-101036,Education,North,1-9 employees,373000.0,58.7,30,Yes,46.7,Tier 2 - Warm
PROS-101037,Manufacturing,East,50-249 employees,3436000.0,50.6,26,Yes,55.2,Tier 2 - Warm
PROS-101038,Healthcare,Central,250-999 employees,208000.0,45.3,17,No,53.5,Tier 2 - Warm
PROS-101039,Wholesale Distribution,West,250-999 employees,1612000.0,51.4,5,Yes,46.5,Tier 2 - Warm
PROS-101040,Hospitality,East,50-249 employees,768000.0,18.8,20,No,37.5,Tier 2 - Warm
PROS-101041,Wholesale Distribution,East,1-9 employees,955000.0,70.7,4,No,31.1,Tier 3 - Nurture
PROS-101042,Healthcare,West,1-9 employees,326000.0,5.0,25,No,20.8,Tier 3 - Nurture
PROS-101043,Construction,Central,1-9 employees,495000.0,43.849999999999994,11,Yes,25.6,Tier 3 - Nurture
PROS-101044,Hospitality,Central,1000+ employees,725000.0,30.7,8,No,47.9,Tier 2 - Warm
PROS-101045,Retail Trade,North,1000+ employees,411000.0,65.6,22,No,73.2,Tier 1 - Priority
PROS-101046,Professional Services,East,10-49 employees,1050000.0,49.3,10,No,34.6,Tier 2 - Warm
PROS-101047,Technology,South,1-9 employees,1206000.0,37.6,36,No,42.8,Tier 2 - Warm
PROS-101048,Technology,West,10-49 employees,7960000.0,44.6,4,No,27.9,Tier 3 - Nurture
PROS-101049,Retail Trade,East,1-9 employees,991000.0,39.7,34,No,42.1,Tier 2 - Warm
PROS-101050,Transportation & Logistics,Central,1000+ employees,89000.0,2.3,31,No,54.5,Tier 2 - Warm
PROS-101051,Construction,East,1-9 employees,2622000.0,32.9,12,No,22.0,Tier 3 - Nurture
PROS-101052,Transportation & Logistics,West,10-49 employees,583000.0,51.8,23,Yes,45.9,Tier 2 - Warm
PROS-101053,Education,North,10-49 employees,6670000.0,79.1,15,No,50.7,Tier 2 - Warm
PROS-101054,Manufacturing,Central,1-9 employees,3679000.0,36.5,10,No,21.9,Tier 3 - Nurture
PROS-101055,Education,North,10-49 employees,418000.0,30.4,13,No,29.2,Tier 3 - Nurture
PROS-101056,Healthcare,South,250-999 employees,1614000.0,5.2,14,No,34.7,Tier 2 - Warm
PROS-101057,Hospitality,Central,1-9 employees,724000.0,26.0,21,Yes,26.2,Tier 3 - Nurture
PROS-101058,Healthcare,Central,10-49 employees,732000.0,38.4,23,No,40.4,Tier 2 - Warm
PROS-101059,Construction,East,10-49 employees,1534000.0,52.6,32,Yes,53.3,Tier 2 - Warm
PROS-101060,Hospitality,East,1-9 employees,2481000.0,17.7,23,No,24.4,Tier 3 - Nurture
PROS-101061,Technology,North,1-9 employees,1953000.0,62.3,31,Yes,49.0,Tier 2 - Warm
PROS-101062,Retail Trade,Central,1-9 employees,792000.0,47.2,36,Yes,46.8,Tier 2 - Warm
PROS-101063,Hospitality,North,1-9 employees,11204000.0,36.3,35,Yes,41.5,Tier 2 - Warm
PROS-101064,Hospitality,North,10-49 employees,488000.0,74.0,16,Yes,49.4,Tier 2 - Warm
PROS-101065,Construction,East,50-249 employees,125000.0,34.45,21,Yes,44.7,Tier 2 - Warm
PROS-101066,Education,North,50-249 employees,154000.0,40.2,32,No,55.7,Tier 2 - Warm
PROS-101067,Technology,North,250-999 employees,3691000.0,49.1,26,Yes,62.1,Tier 2 - Warm
PROS-101068,Construction,West,10-49 employees,670000.0,43.2,6,No,28.9,Tier 3 - Nurture
PROS-101069,Manufacturing,West,50-249 employees,869000.0,34.0,38,Yes,57.9,Tier 2 - Warm
PROS-101070,Technology,South,50-249 employees,402000.0,12.0,30,Yes,42.6,Tier 2 - Warm
PROS-101071,Professional Services,West,1-9 employees,443000.0,9.4,27,Yes,24.2,Tier 3 - Nurture
PROS-101072,Hospitality,West,1-9 employees,307000.0,37.1,39,Yes,45.0,Tier 2 - Warm
PROS-101073,Transportation & Logistics,South,10-49 employees,749000.0,42.6,7,No,29.5,Tier 3 - Nurture
PROS-101074,Healthcare,West,50-249 employees,655000.0,23.5,35,No,51.3,Tier 2 - Warm
PROS-101075,Retail Trade,East,10-49 employees,1177000.0,54.5,13,No,39.1,Tier 2 - Warm
PROS-101076,Hospitality,Central,1-9 employees,1060000.0,10.6,32,No,28.6,Tier 3 - Nurture
PROS-101077,Retail Trade,North,1000+ employees,457000.0,38.2,3,No,47.0,Tier 2 - Warm
PROS-101078,Healthcare,South,1-9 employees,147000.0,37.8,22,No,31.9,Tier 3 - Nurture
PROS-101079,Wholesale Distribution,South,1000+ employees,133000.0,45.8,5,Yes,51.7,Tier 2 - Warm
PROS-101080,Education,South,50-249 employees,20365000.0,24.8,37,Yes,53.4,Tier 2 - Warm
PROS-101081,Education,Central,50-249 employees,3708000.0,44.1,20,No,47.9,Tier 2 - Warm
PROS-101082,Education,West,50-249 employees,738500.0,18.3,34,Yes,48.4,Tier 2 - Warm
PROS-101083,Transportation & Logistics,East,1-9 employees,724000.0,56.3,29,No,44.9,Tier 2 - Warm
PROS-101084,Professional Services,East,10-49 employees,737000.0,49.2,19,No,41.6,Tier 2 - Warm
PROS-101085,Wholesale Distribution,Central,50-249 employees,297000.0,34.2,8,Yes,34.3,Tier 2 - Warm
PROS-101086,Wholesale Distribution,East,50-249 employees,172000.0,20.5,19,No,37.4,Tier 2 - Warm
PROS-101087,Education,South,1-9 employees,382000.0,34.5,13,Yes,23.4,Tier 3 - Nurture
PROS-101088,Technology,North,1-9 employees,3137000.0,64.4,10,No,33.3,Tier 2 - Warm
PROS-101089,Retail Trade,South,1-9 employees,1839000.0,20.5,14,No,18.5,Tier 3 - Nurture
PROS-101090,Transportation & Logistics,West,10-49 employees,251000.0,36.0,9,No,28.4,Tier 3 - Nurture
PROS-101091,Healthcare,East,10-49 employees,516000.0,2.2,33,Yes,33.5,Tier 2 - Warm
PROS-101092,Wholesale Distribution,East,50-249 employees,1663000.0,64.6,36,Yes,68.9,Tier 1 - Priority
PROS-101093,Construction,East,50-249 employees,738500.0,55.9,8,Yes,43.2,Tier 2 - Warm
PROS-101094,Construction,Central,50-249 employees,796000.0,38.4,9,Yes,36.8,Tier 2 - Warm
PROS-101095,Manufacturing,Central,1-9 employees,1135000.0,55.1,2,Yes,23.1,Tier 3 - Nurture
PROS-101096,Wholesale Distribution,North,10-49 employees,1121000.0,34.5,17,Yes,34.1,Tier 2 - Warm
PROS-101097,Hospitality,North,1-9 employees,965000.0,27.8,25,No,30.1,Tier 3 - Nurture
PROS-101098,Manufacturing,South,1-9 employees,355000.0,40.4,11,Yes,24.2,Tier 3 - Nurture
PROS-101099,Healthcare,Central,1-9 employees,398000.0,35.3,21,Yes,30.0,Tier 3 - Nurture
PROS-101100,Healthcare,East,1-9 employees,210000.0,62.2,14,Yes,35.5,Tier 2 - Warm
PROS-101101,Healthcare,Central,1-9 employees,131000.0,17.0,1,No,6.8,Tier 3 - Nurture
PROS-101102,Education,West,10-49 employees,643000.0,78.8,10,No,46.6,Tier 2 - Warm
PROS-101103,Retail Trade,East,1-9 employees,1790000.0,23.9,30,Yes,32.5,Tier 3 - Nurture
PROS-101104,Construction,South,1-9 employees,160000.0,16.4,35,Yes,33.4,Tier 2 - Warm
PROS-101105,Retail Trade,South,1-9 employees,985000.0,64.0,17,Yes,38.6,Tier 2 - Warm
PROS-101106,Professional Services,North,10-49 employees,1729000.0,50.1,23,Yes,45.2,Tier 2 - Warm
PROS-101107,Education,East,10-49 employees,97000.0,43.0,22,No,41.5,Tier 2 - Warm
PROS-101108,Education,South,1-9 employees,542000.0,44.5,12,Yes,26.7,Tier 3 - Nurture
PROS-101109,Manufacturing,South,1-9 employees,4461000.0,80.2,27,Yes,53.1,Tier 2 - Warm
PROS-101110,Technology,North,1000+ employees,1339000.0,40.4,16,No,58.2,Tier 2 - Warm
PROS-101111,Professional Services,West,10-49 employees,93000.0,4.6,3,No,10.8,Tier 3 - Nurture
PROS-101112,Retail Trade,Central,50-249 employees,1505000.0,60.6,16,Yes,51.4,Tier 2 - Warm
PROS-101113,Professional Services,East,10-49 employees,320000.0,41.3,7,No,28.9,Tier 3 - Nurture
PROS-101114,Retail Trade,East,50-249 employees,1560000.0,24.9,19,No,39.2,Tier 2 - Warm
PROS-101115,Healthcare,Central,250-999 employees,341000.0,84.9,19,No,71.2,Tier 1 - Priority
PROS-101116,Education,East,10-49 employees,688000.0,28.8,19,Yes,33.3,Tier 2 - Warm
PROS-101117,Transportation & Logistics,West,50-249 employees,404000.0,9.4,7,Yes,23.4,Tier 3 - Nurture
PROS-101118,Hospitality,East,1-9 employees,732000.0,35.2,37,No,42.6,Tier 2 - Warm
PROS-101119,Healthcare,East,50-249 employees,391000.0,3.7,5,No,19.5,Tier 3 - Nurture
PROS-101120,Manufacturing,East,10-49 employees,749000.0,48.9,12,No,36.0,Tier 2 - Warm
PROS-101121,Manufacturing,West,1-9 employees,200000.0,40.7,13,No,25.9,Tier 3 - Nurture
PROS-101122,Professional Services,West,1000+ employees,1251000.0,41.6,18,No,60.3,Tier 2 - Warm
PROS-101123,Professional Services,East,250-999 employees,885000.0,65.9,17,Yes,61.9,Tier 2 - Warm
PROS-101124,Wholesale Distribution,North,1-9 employees,123000.0,13.7,39,Yes,35.4,Tier 2 - Warm
PROS-101125,Wholesale Distribution,Central,1000+ employees,2174000.0,6.4,34,No,58.5,Tier 2 - Warm
PROS-101126,Wholesale Distribution,Central,1-9 employees,601000.0,51.5,3,Yes,22.5,Tier 3 - Nurture
PROS-101127,Technology,North,10-49 employees,871000.0,43.5,24,No,43.3,Tier 2 - Warm
PROS-101128,Transportation & Logistics,South,250-999 employees,1691000.0,6.7,21,Yes,40.9,Tier 2 - Warm
PROS-101129,Technology,Central,1-9 employees,1047000.0,80.0,37,Yes,60.9,Tier 2 - Warm
PROS-101130,Healthcare,South,10-49 employees,2628000.0,29.9,14,No,29.8,Tier 3 - Nurture
PROS-101131,Technology,Central,50-249 employees,528000.0,42.0,18,Yes,45.4,Tier 2 - Warm
PROS-101132,Hospitality,West,1-9 employees,2276000.0,19.0,37,No,36.0,Tier 2 - Warm
PROS-101133,Hospitality,Central,10-49 employees,835000.0,66.4,19,Yes,48.7,Tier 2 - Warm
PROS-101134,Technology,North,1-9 employees,1275000.0,61.9,24,No,43.3,Tier 2 - Warm
PROS-101135,Manufacturing,East,50-249 employees,1137000.0,15.0,13,Yes,30.4,Tier 3 - Nurture
PROS-101136,Hospitality,East,1-9 employees,2856000.0,34.3,31,Yes,37.5,Tier 2 - Warm
PROS-101137,Construction,Central,1-9 employees,1613000.0,41.4,4,Yes,19.1,Tier 3 - Nurture
PROS-101138,Hospitality,South,50-249 employees,448000.0,40.9,39,Yes,61.5,Tier 2 - Warm
PROS-101139,Transportation & Logistics,South,1-9 employees,724000.0,55.6,7,No,27.3,Tier 3 - Nurture
PROS-101140,Wholesale Distribution,North,10-49 employees,691000.0,58.9,23,Yes,48.8,Tier 2 - Warm
PROS-101141,Construction,West,50-249 employees,316000.0,14.8,3,Yes,22.5,Tier 3 - Nurture
PROS-101142,Education,Central,50-249 employees,229000.0,66.4,4,No,44.3,Tier 2 - Warm
PROS-101143,Wholesale Distribution,North,1-9 employees,70000.0,47.4,28,No,40.5,Tier 2 - Warm
PROS-101144,Construction,South,250-999 employees,133000.0,23.5,31,No,55.6,Tier 2 - Warm
PROS-101145,Healthcare,South,50-249 employees,6478000.0,51.5,14,No,46.1,Tier 2 - Warm
PROS-101146,Transportation & Logistics,Central,1-9 employees,724000.0,36.5,3,No,16.3,Tier 3 - Nurture
PROS-101147,Hospitality,East,50-249 employees,5920000.0,51.5,2,Yes,36.7,Tier 2 - Warm
PROS-101148,Technology,South,50-249 employees,1137000.0,78.6,37,No,75.4,Tier 1 - Priority
PROS-101149,Wholesale Distribution,South,10-49 employees,691000.0,57.9,30,Yes,53.9,Tier 2 - Warm
PROS-101150,Construction,East,10-49 employees,140000.0,34.45,16,Yes,33.3,Tier 2 - Warm
PROS-101151,Transportation & Logistics,South,50-249 employees,733000.0,56.0,10,Yes,44.8,Tier 2 - Warm
PROS-101152,Healthcare,North,1000+ employees,5847000.0,33.849999999999994,28,Yes,65.0,Tier 2 - Warm
PROS-101153,Education,Central,10-49 employees,4047000.0,58.3,35,No,58.0,Tier 2 - Warm
PROS-101154,Construction,East,50-249 employees,986000.0,20.1,26,Yes,42.8,Tier 2 - Warm
PROS-101155,Transportation & Logistics,South,50-249 employees,206000.0,30.0,33,Yes,52.4,Tier 2 - Warm
PROS-101156,Retail Trade,West,250-999 employees,255000.0,24.3,34,No,58.3,Tier 2 - Warm
PROS-101157,Wholesale Distribution,West,1000+ employees,286000.0,24.5,12,No,48.5,Tier 2 - Warm
PROS-101158,Construction,North,1-9 employees,2976000.0,49.3,29,No,42.1,Tier 2 - Warm
PROS-101159,Construction,North,1-9 employees,4390000.0,58.6,10,No,30.9,Tier 3 - Nurture
PROS-101160,Transportation & Logistics,North,10-49 employees,905000.0,51.5,9,Yes,34.7,Tier 2 - Warm
PROS-101161,Healthcare,West,10-49 employees,523000.0,27.8,39,Yes,48.7,Tier 2 - Warm
PROS-101162,Wholesale Distribution,West,10-49 employees,4007000.0,43.3,13,Yes,34.5,Tier 2 - Warm
PROS-101163,Transportation & Logistics,West,50-249 employees,249000.0,37.4,32,Yes,54.6,Tier 2 - Warm
PROS-101164,Transportation & Logistics,West,250-999 employees,772000.0,27.0,14,No,43.6,Tier 2 - Warm
PROS-101165,Retail Trade,East,10-49 employees,1214000.0,47.7,37,No,55.2,Tier 2 - Warm
PROS-101166,Manufacturing,East,50-249 employees,282000.0,56.3,11,Yes,45.7,Tier 2 - Warm
PROS-101167,Construction,West,1-9 employees,724000.0,41.6,1,Yes,16.8,Tier 3 - Nurture
PROS-101168,Education,South,10-49 employees,333000.0,22.8,19,No,30.9,Tier 3 - Nurture
PROS-101169,Education,Central,1-9 employees,3466000.0,35.7,24,Yes,32.6,Tier 3 - Nurture
PROS-101170,Technology,Central,10-49 employees,5991000.0,29.4,15,Yes,30.4,Tier 3 - Nurture
PROS-101171,Technology,Central,10-49 employees,828000.0,40.1,11,Yes,31.6,Tier 3 - Nurture
PROS-101172,Construction,Central,50-249 employees,543000.0,34.2,33,Yes,54.1,Tier 2 - Warm
PROS-101173,Retail Trade,South,10-49 employees,749000.0,23.8,15,Yes,28.1,Tier 3 - Nurture
PROS-101174,Manufacturing,North,10-49 employees,731000.0,29.5,28,No,40.7,Tier 2 - Warm
PROS-101175,Construction,East,1-9 employees,398000.0,11.0,4,Yes,6.7,Tier 3 - Nurture
PROS-101176,Construction,West,1-9 employees,656000.0,39.3,35,Yes,42.7,Tier 2 - Warm
PROS-101177,Retail Trade,West,1000+ employees,1149000.0,33.6,30,Yes,66.5,Tier 1 - Priority
PROS-101178,Professional Services,South,250-999 employees,467000.0,77.8,7,Yes,58.9,Tier 2 - Warm
PROS-101179,Manufacturing,South,1-9 employees,592000.0,52.2,21,Yes,37.0,Tier 2 - Warm
PROS-101180,Technology,East,1-9 employees,595000.0,35.3,30,Yes,37.2,Tier 2 - Warm
PROS-101181,Education,Central,10-49 employees,514000.0,5.5,31,Yes,33.3,Tier 2 - Warm
PROS-101182,Technology,North,50-249 employees,449000.0,14.8,17,Yes,33.5,Tier 2 - Warm
PROS-101183,Healthcare,South,10-49 employees,1687000.0,58.6,5,No,34.4,Tier 2 - Warm
PROS-101184,Healthcare,South,1-9 employees,104000.0,36.2,3,Yes,16.2,Tier 3 - Nurture
PROS-101185,Construction,Central,10-49 employees,4121000.0,31.7,39,No,50.3,Tier 2 - Warm
PROS-101186,Retail Trade,East,1-9 employees,847000.0,57.6,5,No,26.5,Tier 3 - Nurture
PROS-101187,Transportation & Logistics,North,1-9 employees,1427000.0,42.5,14,Yes,27.5,Tier 3 - Nurture
PROS-101188,Transportation & Logistics,South,1-9 employees,1619000.0,35.0,34,Yes,40.2,Tier 2 - Warm
PROS-101189,Manufacturing,North,50-249 employees,335000.0,32.3,38,Yes,57.2,Tier 2 - Warm
PROS-101190,Healthcare,East,10-49 employees,267000.0,35.6,19,No,36.1,Tier 2 - Warm
PROS-101191,Professional Services,Central,1-9 employees,234000.0,25.5,27,Yes,30.8,Tier 3 - Nurture
PROS-101192,Retail Trade,East,10-49 employees,556000.0,26.6,20,Yes,33.2,Tier 2 - Warm
PROS-101193,Hospitality,Central,10-49 employees,1574000.0,30.7,5,Yes,23.0,Tier 3 - Nurture
PROS-101194,Transportation & Logistics,West,50-249 employees,384000.0,38.9,20,Yes,45.7,Tier 2 - Warm
PROS-101195,Technology,Central,1000+ employees,1424000.0,40.4,31,No,70.0,Tier 1 - Priority
PROS-101196,Hospitality,South,1-9 employees,54000.0,5.3,25,No,20.9,Tier 3 - Nurture
PROS-101197,Education,Central,250-999 employees,477000.0,78.5,22,Yes,71.0,Tier 1 - Priority
PROS-101198,Wholesale Distribution,South,50-249 employees,2634000.0,38.2,33,Yes,55.7,Tier 2 - Warm
PROS-101199,Technology,East,50-249 employees,604000.0,43.3,8,No,38.1,Tier 2 - Warm
PROS-101200,Wholesale Distribution,West,10-49 employees,293000.0,17.9,23,No,32.0,Tier 3 - Nurture
PROS-101201,Healthcare,South,1-9 employees,354000.0,65.6,8,Yes,32.2,Tier 3 - Nurture
PROS-101202,Education,South,1-9 employees,724000.0,45.1,3,No,19.8,Tier 3 - Nurture
PROS-101203,Hospitality,North,1000+ employees,240000.0,50.3,38,No,79.6,Tier 1 - Priority
PROS-101204,Technology,North,10-49 employees,2334000.0,32.8,31,Yes,44.4,Tier 2 - Warm
PROS-101205,Education,East,10-49 employees,384000.0,57.3,39,Yes,60.7,Tier 2 - Warm
PROS-101206,Transportation & Logistics,Central,10-49 employees,438000.0,25.2,18,Yes,31.1,Tier 3 - Nurture
PROS-101207,Hospitality,South,1-9 employees,56000.0,40.9,23,Yes,33.9,Tier 2 - Warm
PROS-101208,Professional Services,East,1-9 employees,121000.0,10.2,3,Yes,5.6,Tier 3 - Nurture
PROS-101209,Education,Central,10-49 employees,2701000.0,24.4,8,No,22.8,Tier 3 - Nurture
PROS-101210,Technology,West,10-49 employees,1438000.0,40.099999999999994,4,No,26.1,Tier 3 - Nurture
PROS-101211,Hospitality,North,50-249 employees,175000.0,53.5,14,No,47.0,Tier 2 - Warm
PROS-101212,Healthcare,East,50-249 employees,365000.0,39.8,16,No,42.9,Tier 2 - Warm
PROS-101213,Wholesale Distribution,North,10-49 employees,706000.0,39.2,9,No,29.7,Tier 3 - Nurture
PROS-101214,Manufacturing,South,50-249 employees,196000.0,51.0,31,No,59.4,Tier 2 - Warm
PROS-101215,Retail Trade,South,1-9 employees,80000.0,44.5,24,No,36.2,Tier 2 - Warm
PROS-101216,Transportation & Logistics,West,50-249 employees,612000.0,43.2,17,No,45.1,Tier 2 - Warm
PROS-101217,Hospitality,North,50-249 employees,1369000.0,41.5,16,Yes,43.6,Tier 2 - Warm
PROS-101218,Wholesale Distribution,South,1-9 employees,1399000.0,12.2,23,No,22.2,Tier 3 - Nurture
PROS-101219,Healthcare,South,1-9 employees,1910000.0,57.6,15,No,34.4,Tier 2 - Warm
PROS-101220,Technology,South,1-9 employees,132000.0,34.1,31,Yes,37.5,Tier 2 - Warm
PROS-101221,Transportation & Logistics,West,1-9 employees,777000.0,79.7,32,No,56.9,Tier 2 - Warm
PROS-101222,Education,South,10-49 employees,543000.0,66.0,8,Yes,39.8,Tier 2 - Warm
PROS-101223,Technology,South,1-9 employees,663000.0,43.2,38,Yes,46.7,Tier 2 - Warm
PROS-101224,Healthcare,East,50-249 employees,578000.0,15.2,18,No,34.5,Tier 2 - Warm
PROS-101225,Education,West,1-9 employees,353000.0,14.7,8,Yes,11.4,Tier 3 - Nurture
PROS-101226,Retail Trade,North,1-9 employees,26000.0,14.9,34,No,32.0,Tier 3 - Nurture
PROS-101227,Education,Central,1-9 employees,2618000.0,63.6,17,Yes,38.5,Tier 2 - Warm
PROS-101228,Retail Trade,Central,1-9 employees,1049000.0,55.5,6,Yes,26.5,Tier 3 - Nurture
PROS-101229,Professional Services,West,1000+ employees,143000.0,24.1,21,No,55.5,Tier 2 - Warm
PROS-101230,Wholesale Distribution,East,1-9 employees,1227000.0,30.6,16,No,24.2,Tier 3 - Nurture
PROS-101231,Hospitality,West,1-9 employees,446000.0,26.0,10,Yes,17.6,Tier 3 - Nurture
PROS-101232,Education,East,1-9 employees,460000.0,34.8,29,Yes,36.2,Tier 2 - Warm
PROS-101233,Hospitality,South,10-49 employees,313000.0,65.1,16,Yes,45.8,Tier 2 - Warm
PROS-101234,Technology,South,10-49 employees,749000.0,28.5,21,Yes,34.8,Tier 2 - Warm
PROS-101235,Construction,North,50-249 employees,303000.0,30.4,3,Yes,28.8,Tier 3 - Nurture
PROS-101236,Manufacturing,Central,10-49 employees,218000.0,8.1,15,Yes,21.7,Tier 3 - Nurture
PROS-101237,Retail Trade,South,10-49 employees,2533000.0,74.6,2,No,38.6,Tier 2 - Warm
PROS-101238,Professional Services,South,10-49 employees,599000.0,43.2,11,Yes,32.9,Tier 3 - Nurture
PROS-101239,Manufacturing,Central,50-249 employees,620000.0,44.7,31,No,56.8,Tier 2 - Warm
PROS-101240,Transportation & Logistics,East,10-49 employees,1562000.0,62.0,37,Yes,61.1,Tier 2 - Warm
PROS-101241,Hospitality,West,1-9 employees,350000.0,55.5,14,No,32.8,Tier 3 - Nurture
PROS-101242,Education,South,50-249 employees,436000.0,20.2,28,Yes,44.4,Tier 2 - Warm
PROS-101243,Healthcare,South,50-249 employees,1021000.0,25.1,28,Yes,46.4,Tier 2 - Warm
PROS-101244,Wholesale Distribution,West,10-49 employees,134000.0,32.0,31,Yes,44.1,Tier 2 - Warm
PROS-101245,Education,East,1000+ employees,930000.0,12.1,4,Yes,37.1,Tier 2 - Warm
PROS-101246,Wholesale Distribution,North,250-999 employees,318000.0,43.0,12,No,48.6,Tier 2 - Warm
PROS-101247,Healthcare,Central,1-9 employees,1869000.0,69.9,27,Yes,48.9,Tier 2 - Warm
PROS-101248,Construction,East,50-249 employees,1331000.0,12.2,12,Yes,28.5,Tier 3 - Nurture
PROS-101249,Education,West,10-49 employees,1151000.0,59.5,26,No,51.4,Tier 2 - Warm
PROS-101250,Professional Services,South,10-49 employees,125000.0,39.6,36,Yes,51.1,Tier 2 - Warm
PROS-101251,Healthcare,East,10-49 employees,651000.0,43.0,33,No,50.2,Tier 2 - Warm
PROS-101252,Manufacturing,West,250-999 employees,200000.0,38.8,20,Yes,53.2,Tier 2 - Warm
PROS-101253,Hospitality,Central,10-49 employees,700000.0,63.8,8,No,38.9,Tier 2 - Warm
PROS-101254,Technology,South,10-49 employees,57000.0,29.9,13,No,29.0,Tier 3 - Nurture
PROS-101255,Manufacturing,West,1-9 employees,134000.0,37.4,22,Yes,31.7,Tier 3 - Nurture
PROS-101256,Professional Services,Central,10-49 employees,2698000.0,51.0,30,Yes,51.1,Tier 2 - Warm
PROS-101257,Transportation & Logistics,West,250-999 employees,1095000.0,17.6,36,No,57.2,Tier 2 - Warm
PROS-101258,Transportation & Logistics,North,50-249 employees,494000.0,42.5,33,No,57.5,Tier 2 - Warm
PROS-101259,Wholesale Distribution,North,1-9 employees,268000.0,82.7,9,No,39.9,Tier 2 - Warm
PROS-101260,Professional Services,South,250-999 employees,221000.0,23.0,5,Yes,34.9,Tier 2 - Warm
PROS-101261,Education,North,50-249 employees,909000.0,52.7,5,Yes,39.5,Tier 2 - Warm
PROS-101262,Healthcare,West,10-49 employees,500000.0,33.4,9,No,27.3,Tier 3 - Nurture
PROS-101263,Wholesale Distribution,Central,1-9 employees,724000.0,13.9,14,Yes,15.8,Tier 3 - Nurture
PROS-101264,Professional Services,East,10-49 employees,595000.0,62.4,2,Yes,33.6,Tier 2 - Warm
PROS-101265,Manufacturing,East,1-9 employees,778000.0,32.3,38,Yes,42.2,Tier 2 - Warm
PROS-101266,Manufacturing,West,1-9 employees,158000.0,14.1,14,Yes,15.9,Tier 3 - Nurture
PROS-101267,Construction,East,10-49 employees,491000.0,59.8,7,No,36.5,Tier 2 - Warm
PROS-101268,Education,East,250-999 employees,886000.0,77.8,21,Yes,69.9,Tier 1 - Priority
PROS-101269,Manufacturing,East,10-49 employees,484000.0,34.150000000000006,5,Yes,24.4,Tier 3 - Nurture
PROS-101270,Construction,South,250-999 employees,428000.0,36.6,34,No,63.3,Tier 2 - Warm
PROS-101271,Retail Trade,North,250-999 employees,1045000.0,44.6,39,No,70.6,Tier 1 - Priority
PROS-101272,Education,East,1-9 employees,3860000.0,59.9,36,No,51.9,Tier 2 - Warm
PROS-101273,Technology,Central,1-9 employees,856000.0,48.3,16,No,31.4,Tier 3 - Nurture
PROS-101274,Hospitality,North,50-249 employees,2568000.0,52.3,25,No,55.2,Tier 2 - Warm
PROS-101275,Hospitality,South,50-249 employees,1445000.0,17.2,6,Yes,25.8,Tier 3 - Nurture
PROS-101276,Technology,South,10-49 employees,749000.0,26.7,2,Yes,19.0,Tier 3 - Nurture
PROS-101277,Hospitality,Central,50-249 employees,373000.0,30.7,22,Yes,44.0,Tier 2 - Warm
PROS-101278,Manufacturing,East,10-49 employees,581000.0,8.8,30,Yes,33.8,Tier 2 - Warm
PROS-101279,Wholesale Distribution,East,50-249 employees,584000.0,42.6,1,Yes,32.2,Tier 3 - Nurture
PROS-101280,Hospitality,West,50-249 employees,1330000.0,39.0,39,Yes,60.8,Tier 2 - Warm
PROS-101281,Hospitality,South,1-9 employees,1744000.0,68.3,17,Yes,40.4,Tier 2 - Warm
PROS-101282,Construction,West,1-9 employees,837000.0,82.6,25,Yes,52.5,Tier 2 - Warm
PROS-101283,Wholesale Distribution,North,1-9 employees,1913000.0,24.8,2,Yes,10.8,Tier 3 - Nurture
PROS-101284,Construction,North,250-999 employees,393000.0,53.1,35,Yes,70.9,Tier 1 - Priority
PROS-101285,Manufacturing,Central,250-999 employees,1932000.0,21.0,23,No,48.3,Tier 2 - Warm
PROS-101286,Education,West,50-249 employees,738500.0,34.3,19,No,43.1,Tier 2 - Warm
PROS-101287,Professional Services,North,1-9 employees,1537000.0,33.4,25,No,32.4,Tier 3 - Nurture
PROS-101288,Retail Trade,East,10-49 employees,845000.0,25.1,33,No,42.9,Tier 2 - Warm
PROS-101289,Technology,North,1-9 employees,1599000.0,37.3,1,Yes,15.1,Tier 3 - Nurture
PROS-101290,Professional Services,West,10-49 employees,749000.0,21.9,2,No,17.1,Tier 3 - Nurture
PROS-101291,Wholesale Distribution,West,1-9 employees,907000.0,32.7,20,Yes,28.2,Tier 3 - Nurture
PROS-101292,Healthcare,South,50-249 employees,1015000.0,75.9,31,Yes,69.5,Tier 1 - Priority
PROS-101293,Manufacturing,South,1-9 employees,169000.0,40.25,37,No,44.7,Tier 2 - Warm
PROS-101294,Education,South,10-49 employees,1229000.0,47.4,4,No,29.1,Tier 3 - Nurture
PROS-101295,Transportation & Logistics,South,1000+ employees,185000.0,17.3,16,Yes,48.7,Tier 2 - Warm
PROS-101296,Professional Services,South,50-249 employees,456000.0,36.4,31,Yes,53.4,Tier 2 - Warm
PROS-101297,Technology,South,1-9 employees,762000.0,21.7,38,No,37.9,Tier 2 - Warm
PROS-101298,Transportation & Logistics,East,250-999 employees,327000.0,70.7,10,Yes,58.3,Tier 2 - Warm
PROS-101299,Manufacturing,Central,10-49 employees,799000.0,62.6,38,Yes,62.1,Tier 2 - Warm
PROS-101300,Hospitality,West,10-49 employees,785000.0,20.4,32,Yes,40.1,Tier 2 - Warm
PROS-101301,Healthcare,South,50-249 employees,296000.0,33.6,10,Yes,35.7,Tier 2 - Warm
PROS-101302,Technology,Central,250-999 employees,1362000.0,34.8,32,Yes,61.0,Tier 2 - Warm
PROS-101303,Wholesale Distribution,South,10-49 employees,315000.0,17.0,23,Yes,31.7,Tier 3 - Nurture
PROS-101304,Technology,Central,10-49 employees,9036000.0,36.4,33,Yes,47.5,Tier 2 - Warm
PROS-101305,Technology,South,10-49 employees,647000.0,64.0,33,No,58.7,Tier 2 - Warm
PROS-101306,Professional Services,East,1-9 employees,724000.0,39.8,8,No,21.6,Tier 3 - Nurture
PROS-101307,Professional Services,South,50-249 employees,247000.0,61.9,28,Yes,61.4,Tier 2 - Warm
PROS-101308,Healthcare,West,1-9 employees,2578000.0,45.0,18,Yes,31.6,Tier 3 - Nurture
PROS-101309,Wholesale Distribution,South,10-49 employees,465000.0,41.0,30,No,47.0,Tier 2 - Warm
PROS-101310,Transportation & Logistics,Central,10-49 employees,163000.0,11.6,6,No,16.0,Tier 3 - Nurture
PROS-101311,Construction,North,1-9 employees,1866000.0,18.5,11,No,15.3,Tier 3 - Nurture
PROS-101312,Hospitality,East,10-49 employees,462000.0,30.0,9,No,25.9,Tier 3 - Nurture
PROS-101313,Wholesale Distribution,North,10-49 employees,1497000.0,27.8,36,No,46.3,Tier 2 - Warm
PROS-101314,Education,Central,1-9 employees,2041000.0,74.6,15,Yes,41.4,Tier 2 - Warm
PROS-101315,Professional Services,East,1-9 employees,986000.0,48.2,10,Yes,26.6,Tier 3 - Nurture
PROS-101316,Hospitality,West,250-999 employees,10176000.0,22.3,29,Yes,53.6,Tier 2 - Warm
PROS-101317,Transportation & Logistics,Central,1000+ employees,109000.0,61.0,26,Yes,74.5,Tier 1 - Priority
PROS-101318,Healthcare,East,10-49 employees,297000.0,56.5,25,Yes,49.4,Tier 2 - Warm
PROS-101319,Construction,North,1-9 employees,550000.0,13.8,35,No,32.3,Tier 3 - Nurture
PROS-101320,Retail Trade,South,1-9 employees,8774000.0,38.3,36,Yes,43.1,Tier 2 - Warm
PROS-101321,Professional Services,South,1-9 employees,5271000.0,72.2,15,Yes,40.4,Tier 2 - Warm
PROS-101322,Transportation & Logistics,Central,10-49 employees,3010000.0,16.4,38,No,43.2,Tier 2 - Warm
PROS-101323,Wholesale Distribution,Central,250-999 employees,305000.0,39.6,22,No,55.1,Tier 2 - Warm
PROS-101324,Wholesale Distribution,East,50-249 employees,346000.0,72.8,35,Yes,71.4,Tier 1 - Priority
PROS-101325,Retail Trade,Central,1-9 employees,293000.0,48.8,27,Yes,40.3,Tier 2 - Warm
PROS-101326,Technology,South,1000+ employees,308000.0,30.1,4,Yes,44.5,Tier 2 - Warm
PROS-101327,Manufacturing,West,10-49 employees,3768000.0,26.4,37,Yes,46.5,Tier 2 - Warm
PROS-101328,Technology,South,1-9 employees,558000.0,74.0,23,Yes,47.4,Tier 2 - Warm
PROS-101329,Construction,South,10-49 employees,645000.0,10.6,18,No,25.1,Tier 3 - Nurture
PROS-101330,Healthcare,South,1-9 employees,1710000.0,58.7,14,No,34.1,Tier 2 - Warm
PROS-101331,Hospitality,East,250-999 employees,117000.0,37.9,24,Yes,56.0,Tier 2 - Warm
PROS-101332,Healthcare,South,10-49 employees,773000.0,50.5,36,Yes,55.6,Tier 2 - Warm
PROS-101333,Wholesale Distribution,South,50-249 employees,218000.0,46.0,6,Yes,37.6,Tier 2 - Warm
PROS-101334,Transportation & Logistics,South,10-49 employees,528000.0,31.5,9,No,26.5,Tier 3 - Nurture
PROS-101335,Education,North,250-999 employees,383000.0,33.7,3,Yes,37.7,Tier 2 - Warm
PROS-101336,Technology,Central,10-49 employees,749000.0,62.1,8,No,38.2,Tier 2 - Warm
PROS-101337,Professional Services,South,10-49 employees,935000.0,68.3,1,Yes,35.2,Tier 2 - Warm
PROS-101338,Hospitality,North,1-9 employees,930000.0,11.1,9,Yes,10.7,Tier 3 - Nurture
PROS-101339,Healthcare,East,250-999 employees,573000.0,53.3,19,No,58.3,Tier 2 - Warm
PROS-101340,Transportation & Logistics,Central,10-49 employees,1097000.0,32.7,33,Yes,46.0,Tier 2 - Warm
PROS-101341,Retail Trade,South,1-9 employees,281000.0,12.3,22,No,21.4,Tier 3 - Nurture
PROS-101342,Retail Trade,Central,250-999 employees,676000.0,40.5,9,Yes,45.2,Tier 2 - Warm
PROS-101343,Transportation & Logistics,West,1-9 employees,581000.0,59.2,4,No,26.4,Tier 3 - Nurture
PROS-101344,Retail Trade,West,1-9 employees,428000.0,73.5,35,No,56.7,Tier 2 - Warm
PROS-101345,Education,South,10-49 employees,304000.0,43.2,8,Yes,30.5,Tier 3 - Nurture
PROS-101346,Wholesale Distribution,North,1-9 employees,559000.0,20.0,30,No,30.9,Tier 3 - Nurture
PROS-101347,Hospitality,South,10-49 employees,5710000.0,52.3,11,No,36.6,Tier 2 - Warm
PROS-101348,Hospitality,Central,1-9 employees,680000.0,21.5,25,Yes,27.6,Tier 3 - Nurture
PROS-101349,Transportation & Logistics,West,1-9 employees,724000.0,84.0,35,Yes,61.0,Tier 2 - Warm
PROS-101350,Manufacturing,West,1-9 employees,2004000.0,45.5,36,Yes,46.1,Tier 2 - Warm
PROS-101351,Construction,Central,1-9 employees,434000.0,14.2,4,No,8.0,Tier 3 - Nurture
PROS-101352,Healthcare,South,1000+ employees,997000.0,32.3,20,No,58.0,Tier 2 - Warm
PROS-101353,Education,South,10-49 employees,375000.0,40.8,20,Yes,39.0,Tier 2 - Warm
PROS-101354,Professional Services,Central,10-49 employees,2984000.0,21.1,35,No,42.8,Tier 2 - Warm
PROS-101355,Healthcare,East,10-49 employees,381000.0,53.2,31,No,52.8,Tier 2 - Warm
PROS-101356,Construction,South,50-249 employees,3394000.0,45.8,6,Yes,37.5,Tier 2 - Warm
PROS-101357,Retail Trade,South,1-9 employees,230000.0,37.4,34,Yes,41.2,Tier 2 - Warm
PROS-101358,Retail Trade,Central,1-9 employees,529000.0,87.4,15,Yes,46.6,Tier 2 - Warm
PROS-101359,Construction,North,50-249 employees,3402000.0,53.0,28,No,57.8,Tier 2 - Warm
PROS-101360,Manufacturing,North,10-49 employees,878000.0,58.0,7,Yes,35.8,Tier 2 - Warm
PROS-101361,Manufacturing,West,50-249 employees,8874000.0,32.4,11,Yes,36.0,Tier 2 - Warm
PROS-101362,Construction,North,250-999 employees,543000.0,34.4,3,Yes,38.0,Tier 2 - Warm
PROS-101363,Professional Services,North,50-249 employees,968000.0,35.3,5,Yes,32.4,Tier 3 - Nurture
PROS-101364,Transportation & Logistics,Central,1-9 employees,5931000.0,73.7,37,Yes,58.4,Tier 2 - Warm
PROS-101365,Manufacturing,East,1-9 employees,138000.0,48.1,7,Yes,24.2,Tier 3 - Nurture
PROS-101366,Construction,West,1-9 employees,120000.0,2.9,25,Yes,20.0,Tier 3 - Nurture
PROS-101367,Healthcare,East,50-249 employees,304000.0,53.5,31,Yes,60.4,Tier 2 - Warm
PROS-101368,Education,North,250-999 employees,1785000.0,40.2,3,No,40.3,Tier 2 - Warm
PROS-101369,Technology,North,250-999 employees,124000.0,55.5,12,No,53.7,Tier 2 - Warm
PROS-101370,Wholesale Distribution,West,1-9 employees,1407000.0,58.5,19,No,37.9,Tier 2 - Warm
PROS-101371,Construction,North,50-249 employees,1302000.0,59.3,14,Yes,49.3,Tier 2 - Warm
PROS-101372,Healthcare,East,10-49 employees,6688000.0,36.0,35,No,48.9,Tier 2 - Warm
PROS-101373,Healthcare,South,50-249 employees,2304000.0,10.4,7,Yes,23.8,Tier 3 - Nurture
PROS-101374,Wholesale Distribution,South,10-49 employees,1089000.0,43.5,29,No,47.2,Tier 2 - Warm
PROS-101375,Education,Central,1-9 employees,3253000.0,53.2,17,No,34.2,Tier 2 - Warm
PROS-101376,Education,West,1-9 employees,1320000.0,46.2,16,Yes,30.6,Tier 3 - Nurture
PROS-101377,Hospitality,West,1000+ employees,440000.0,8.2,14,Yes,43.5,Tier 2 - Warm
PROS-101378,Transportation & Logistics,South,10-49 employees,207000.0,24.1,27,No,37.7,Tier 2 - Warm
PROS-101379,Transportation & Logistics,South,10-49 employees,390000.0,38.150000000000006,14,No,33.2,Tier 2 - Warm
PROS-101380,Education,West,10-49 employees,698000.0,74.5,25,No,56.7,Tier 2 - Warm
PROS-101381,Professional Services,North,10-49 employees,884000.0,55.5,2,No,30.8,Tier 3 - Nurture
PROS-101382,Construction,South,250-999 employees,70000.0,56.6,11,No,53.4,Tier 2 - Warm
PROS-101383,Wholesale Distribution,West,1-9 employees,573000.0,37.7,19,No,29.5,Tier 3 - Nurture
PROS-101384,Construction,West,1-9 employees,753000.0,60.9,9,Yes,31.0,Tier 3 - Nurture
PROS-101385,Professional Services,North,50-249 employees,1332000.0,55.2,5,No,40.5,Tier 2 - Warm
PROS-101386,Transportation & Logistics,West,10-49 employees,4367000.0,36.400000000000006,9,No,28.5,Tier 3 - Nurture
PROS-101387,Construction,East,1-9 employees,895000.0,73.9,21,Yes,45.8,Tier 2 - Warm
PROS-101388,Wholesale Distribution,South,1-9 employees,268000.0,64.9,38,No,55.6,Tier 2 - Warm
PROS-101389,Education,West,1-9 employees,99000.0,65.5,27,Yes,47.1,Tier 2 - Warm
PROS-101390,Construction,Central,1-9 employees,1553000.0,39.4,36,No,43.6,Tier 2 - Warm
PROS-101391,Transportation & Logistics,East,1-9 employees,280000.0,79.1,22,No,48.7,Tier 2 - Warm
PROS-101392,Education,South,1-9 employees,1893000.0,88.1,2,Yes,36.6,Tier 2 - Warm
PROS-101393,Hospitality,South,50-249 employees,3393000.0,24.2,6,No,28.7,Tier 3 - Nurture
PROS-101394,Professional Services,East,250-999 employees,133000.0,7.0,30,Yes,48.1,Tier 2 - Warm
PROS-101395,Transportation & Logistics,North,250-999 employees,1341000.0,73.4,25,Yes,71.3,Tier 1 - Priority
PROS-101396,Technology,East,10-49 employees,3023000.0,47.6,33,Yes,52.0,Tier 2 - Warm
PROS-101397,Technology,North,1-9 employees,2238000.0,17.4,17,Yes,19.6,Tier 3 - Nurture
PROS-101398,Manufacturing,North,1000+ employees,73000.0,16.3,37,Yes,64.9,Tier 2 - Warm
PROS-101399,Professional Services,East,50-249 employees,285000.0,39.5,15,No,42.0,Tier 2 - Warm
PROS-101400,Wholesale Distribution,West,10-49 employees,178000.0,22.5,33,Yes,41.8,Tier 2 - Warm
PROS-101401,Professional Services,Central,1-9 employees,1297000.0,39.0,6,No,19.7,Tier 3 - Nurture
PROS-101402,Professional Services,North,1-9 employees,724000.0,58.1,18,Yes,37.0,Tier 2 - Warm
PROS-101403,Construction,South,10-49 employees,38000.0,8.8,39,Yes,40.9,Tier 2 - Warm
PROS-101404,Retail Trade,East,10-49 employees,524000.0,4.7,32,Yes,33.7,Tier 2 - Warm
PROS-101405,Retail Trade,East,1-9 employees,1760000.0,33.6,16,Yes,25.4,Tier 3 - Nurture
PROS-101406,Construction,Central,1000+ employees,858000.0,33.4,36,No,71.1,Tier 1 - Priority
PROS-101407,Wholesale Distribution,West,10-49 employees,857000.0,53.0,18,No,42.4,Tier 2 - Warm
PROS-101408,Manufacturing,East,10-49 employees,488000.0,14.6,37,Yes,41.7,Tier 2 - Warm
PROS-101409,Professional Services,North,1-9 employees,228000.0,50.1,4,Yes,22.7,Tier 3 - Nurture
PROS-101410,Manufacturing,North,50-249 employees,716000.0,48.5,33,Yes,59.9,Tier 2 - Warm
PROS-101411,Transportation & Logistics,North,50-249 employees,772000.0,64.0,27,No,61.5,Tier 2 - Warm
PROS-101412,Professional Services,West,1-9 employees,1435000.0,37.6,7,Yes,19.9,Tier 3 - Nurture
PROS-101413,Hospitality,South,10-49 employees,1569000.0,30.3,12,Yes,28.4,Tier 3 - Nurture
PROS-101414,Transportation & Logistics,South,50-249 employees,802000.0,45.9,32,No,58.1,Tier 2 - Warm
PROS-101415,Hospitality,West,50-249 employees,2432000.0,30.0,29,No,49.2,Tier 2 - Warm
PROS-101416,Technology,Central,1-9 employees,483000.0,35.6,8,Yes,19.9,Tier 3 - Nurture
PROS-101417,Healthcare,East,250-999 employees,149000.0,25.1,3,No,34.2,Tier 2 - Warm
PROS-101418,Wholesale Distribution,Central,10-49 employees,1233000.0,54.9,13,No,39.2,Tier 2 - Warm
PROS-101419,Healthcare,West,1-9 employees,724000.0,34.2,12,Yes,22.5,Tier 3 - Nurture
PROS-101420,Education,West,1-9 employees,1260000.0,8.8,25,No,22.4,Tier 3 - Nurture
PROS-101421,Education,Central,1-9 employees,182000.0,54.8,30,Yes,45.1,Tier 2 - Warm
PROS-101422,Transportation & Logistics,North,1-9 employees,5230000.0,46.2,11,Yes,26.6,Tier 3 - Nurture
PROS-101423,Technology,West,10-49 employees,1594000.0,51.7,16,Yes,40.3,Tier 2 - Warm
PROS-101424,Professional Services,Central,50-249 employees,531000.0,19.0,8,No,28.1,Tier 3 - Nurture
PROS-101425,Wholesale Distribution,Central,1-9 employees,261000.0,8.0,2,Yes,3.9,Tier 3 - Nurture
PROS-101426,Technology,East,1000+ employees,2385000.0,26.0,36,No,68.1,Tier 1 - Priority
PROS-101427,Education,West,1-9 employees,217000.0,24.6,31,Yes,33.6,Tier 2 - Warm
PROS-101428,Professional Services,Central,10-49 employees,8776000.0,63.4,31,Yes,56.9,Tier 2 - Warm
PROS-101429,Hospitality,Central,250-999 employees,372000.0,48.5,38,No,71.4,Tier 1 - Priority
PROS-101430,Healthcare,Central,50-249 employees,738500.0,36.1,2,Yes,30.4,Tier 3 - Nurture
PROS-101431,Retail Trade,Central,10-49 employees,595000.0,36.2,15,No,33.2,Tier 2 - Warm
PROS-101432,Retail Trade,South,50-249 employees,4151000.0,71.3,29,No,66.1,Tier 1 - Priority
PROS-101433,Transportation & Logistics,West,1-9 employees,325000.0,36.1,25,No,33.5,Tier 2 - Warm
PROS-101434,Construction,East,1-9 employees,745000.0,54.7,31,No,45.9,Tier 2 - Warm
PROS-101435,Retail Trade,Central,10-49 employees,1768000.0,77.0,15,No,49.8,Tier 2 - Warm
PROS-101436,Healthcare,Central,1-9 employees,1511000.0,52.8,4,No,23.8,Tier 3 - Nurture
PROS-101437,Technology,Central,10-49 employees,2448000.0,39.2,22,No,39.9,Tier 2 - Warm
PROS-101438,Construction,East,1-9 employees,427000.0,9.2,29,No,25.7,Tier 3 - Nurture
PROS-101439,Education,East,250-999 employees,801000.0,17.3,29,Yes,51.5,Tier 2 - Warm
PROS-101440,Hospitality,North,250-999 employees,2880000.0,21.0,7,No,35.7,Tier 2 - Warm
PROS-101441,Transportation & Logistics,West,50-249 employees,336000.0,63.6,25,Yes,59.8,Tier 2 - Warm
PROS-101442,Education,East,50-249 employees,1369000.0,68.5,25,Yes,61.8,Tier 2 - Warm
PROS-101443,Healthcare,East,1-9 employees,573000.0,38.2,13,No,24.9,Tier 3 - Nurture
PROS-101444,Retail Trade,West,1-9 employees,915000.0,16.6,11,Yes,14.5,Tier 3 - Nurture
PROS-101445,Manufacturing,Central,50-249 employees,801000.0,44.1,8,No,38.4,Tier 2 - Warm
PROS-101446,Education,North,10-49 employees,306000.0,46.9,5,Yes,29.7,Tier 3 - Nurture
PROS-101447,Education,East,10-49 employees,749000.0,27.4,22,No,35.1,Tier 2 - Warm
PROS-101448,Hospitality,West,10-49 employees,855000.0,70.7,13,Yes,45.7,Tier 2 - Warm
PROS-101449,Retail Trade,Central,10-49 employees,651000.0,71.6,26,Yes,56.3,Tier 2 - Warm
PROS-101450,Professional Services,West,1-9 employees,4114000.0,31.9,23,No,30.2,Tier 3 - Nurture
PROS-101451,Manufacturing,West,1-9 employees,2215000.0,34.5,23,No,31.3,Tier 3 - Nurture
PROS-101452,Manufacturing,Central,10-49 employees,749000.0,28.8,38,No,48.3,Tier 2 - Warm
PROS-101453,Professional Services,Central,10-49 employees,315000.0,31.3,5,No,23.3,Tier 3 - Nurture
PROS-101454,Transportation & Logistics,West,1000+ employees,295000.0,39.5,2,No,46.8,Tier 2 - Warm
PROS-101455,Manufacturing,South,10-49 employees,6396000.0,19.3,14,Yes,25.5,Tier 3 - Nurture
PROS-101456,Education,East,50-249 employees,738500.0,36.7,1,Yes,29.8,Tier 3 - Nurture
PROS-101457,Healthcare,West,50-249 employees,827000.0,57.1,30,Yes,61.1,Tier 2 - Warm
PROS-101458,Professional Services,North,1-9 employees,1085000.0,13.3,15,Yes,16.3,Tier 3 - Nurture
PROS-101459,Transportation & Logistics,West,50-249 employees,518000.0,18.8,6,No,26.5,Tier 3 - Nurture
PROS-101460,Hospitality,East,10-49 employees,242000.0,60.0,4,Yes,34.2,Tier 2 - Warm
PROS-101461,Construction,Central,10-49 employees,308000.0,9.5,35,Yes,38.1,Tier 2 - Warm
PROS-101462,Manufacturing,South,1-9 employees,400000.0,50.5,15,Yes,31.5,Tier 3 - Nurture
PROS-101463,Manufacturing,Central,250-999 employees,334000.0,34.7,19,No,50.7,Tier 2 - Warm
PROS-101464,Wholesale Distribution,East,1000+ employees,3142000.0,36.9,7,No,49.7,Tier 2 - Warm
PROS-101465,Retail Trade,East,1-9 employees,724000.0,40.6,31,No,40.1,Tier 2 - Warm
PROS-101466,Technology,West,1-9 employees,410000.0,3.4,29,Yes,23.3,Tier 3 - Nurture
PROS-101467,Construction,East,1-9 employees,820000.0,34.45,14,Yes,24.2,Tier 3 - Nurture
PROS-101468,Hospitality,Central,50-249 employees,1521000.0,21.6,34,Yes,49.7,Tier 2 - Warm
PROS-101469,Manufacturing,North,10-49 employees,499000.0,51.2,15,Yes,39.3,Tier 2 - Warm
PROS-101470,Wholesale Distribution,West,1-9 employees,1967000.0,40.3,36,No,43.9,Tier 2 - Warm
PROS-101471,Technology,Central,50-249 employees,738500.0,29.0,38,No,55.9,Tier 2 - Warm
PROS-101472,Healthcare,South,10-49 employees,2646000.0,26.5,19,Yes,32.4,Tier 3 - Nurture
PROS-101473,Professional Services,South,10-49 employees,722000.0,53.7,23,Yes,46.6,Tier 2 - Warm
PROS-101474,Education,East,10-49 employees,692000.0,43.0,33,Yes,50.2,Tier 2 - Warm
PROS-101475,Construction,West,10-49 employees,340000.0,57.5,4,No,33.2,Tier 2 - Warm
PROS-101476,Healthcare,Central,10-49 employees,189000.0,51.1,19,No,42.4,Tier 2 - Warm
PROS-101477,Construction,West,1-9 employees,117000.0,8.7,38,Yes,32.6,Tier 3 - Nurture
PROS-101478,Professional Services,West,10-49 employees,315000.0,38.4,8,Yes,28.6,Tier 3 - Nurture
PROS-101479,Healthcare,East,250-999 employees,1392000.0,55.9,15,Yes,56.2,Tier 2 - Warm
PROS-101480,Retail Trade,West,10-49 employees,253000.0,18.0,34,No,40.7,Tier 2 - Warm
PROS-101481,Manufacturing,South,250-999 employees,133000.0,27.0,28,Yes,54.7,Tier 2 - Warm
PROS-101482,Professional Services,East,10-49 employees,268000.0,66.2,20,Yes,49.4,Tier 2 - Warm
PROS-101483,Retail Trade,North,50-249 employees,478000.0,31.4,6,No,31.6,Tier 3 - Nurture
PROS-101484,Healthcare,North,1-9 employees,499000.0,73.2,8,Yes,35.3,Tier 2 - Warm
PROS-101485,Wholesale Distribution,Central,50-249 employees,633000.0,39.6,34,Yes,57.1,Tier 2 - Warm
PROS-101486,Retail Trade,Central,1-9 employees,2271000.0,65.7,20,Yes,41.7,Tier 2 - Warm
PROS-101487,Manufacturing,East,1-9 employees,2883000.0,13.1,38,Yes,34.4,Tier 2 - Warm
PROS-101488,Retail Trade,North,1-9 employees,6623000.0,74.4,4,No,32.6,Tier 3 - Nurture
PROS-101489,Transportation & Logistics,North,1-9 employees,122000.0,11.8,15,Yes,15.7,Tier 3 - Nurture
PROS-101490,Professional Services,North,250-999 employees,285000.0,41.2,4,No,41.5,Tier 2 - Warm
PROS-101491,Healthcare,West,1000+ employees,1573000.0,31.4,6,Yes,46.6,Tier 2 - Warm
PROS-101492,Manufacturing,South,50-249 employees,443000.0,37.9,1,Yes,30.3,Tier 3 - Nurture
PROS-101493,Construction,South,1-9 employees,1880000.0,54.4,22,Yes,38.6,Tier 2 - Warm
PROS-101494,Healthcare,Central,250-999 employees,916000.0,16.9,10,No,36.3,Tier 2 - Warm
PROS-101495,Healthcare,Central,50-249 employees,4144000.0,64.5,7,Yes,45.9,Tier 2 - Warm
PROS-101496,Transportation & Logistics,West,1-9 employees,2297000.0,23.6,35,No,36.3,Tier 2 - Warm
PROS-101497,Hospitality,South,10-49 employees,2343000.0,40.9,18,Yes,37.5,Tier 2 - Warm
PROS-101498,Healthcare,East,50-249 employees,464000.0,8.3,22,No,34.8,Tier 2 - Warm
PROS-101499,Wholesale Distribution,South,1-9 employees,655000.0,25.0,25,Yes,29.0,Tier 3 - Nurture
PROS-101500,Transportation & Logistics,Central,10-49 employees,749000.0,36.5,17,No,34.9,Tier 2 - Warm
PROS-101501,Professional Services,North,50-249 employees,139000.0,27.8,6,Yes,30.1,Tier 3 - Nurture
PROS-101502,Professional Services,West,1-9 employees,3682000.0,27.2,20,No,25.9,Tier 3 - Nurture
PROS-101503,Construction,East,10-49 employees,1656000.0,25.3,37,No,46.1,Tier 2 - Warm
PROS-101504,Transportation & Logistics,West,10-49 employees,499000.0,36.7,27,Yes,42.9,Tier 2 - Warm
PROS-101505,Professional Services,East,50-249 employees,3063000.0,5.8,28,No,38.5,Tier 2 - Warm
PROS-101506,Education,North,1000+ employees,365000.0,43.1,23,Yes,64.8,Tier 2 - Warm
PROS-101507,Healthcare,West,50-249 employees,97000.0,22.2,15,No,35.0,Tier 2 - Warm
PROS-101508,Wholesale Distribution,West,10-49 employees,2209000.0,53.7,19,Yes,43.5,Tier 2 - Warm
PROS-101509,Technology,East,10-49 employees,179000.0,34.9,17,Yes,34.2,Tier 2 - Warm
PROS-101510,Construction,South,10-49 employees,588000.0,46.8,23,Yes,43.8,Tier 2 - Warm
PROS-101511,Professional Services,South,10-49 employees,915000.0,19.4,34,No,41.3,Tier 2 - Warm
PROS-101512,Hospitality,East,1-9 employees,1115000.0,53.8,1,No,21.8,Tier 3 - Nurture
PROS-101513,Construction,South,50-249 employees,1855000.0,22.6,19,Yes,38.3,Tier 2 - Warm
PROS-101514,Professional Services,South,50-249 employees,1382000.0,37.4,11,Yes,38.0,Tier 2 - Warm
PROS-101515,Education,South,10-49 employees,1336000.0,48.2,39,No,57.0,Tier 2 - Warm
PROS-101516,Healthcare,North,250-999 employees,306000.0,33.849999999999994,6,Yes,40.1,Tier 2 - Warm
PROS-101517,Manufacturing,Central,50-249 employees,1008000.0,27.2,3,No,27.5,Tier 3 - Nurture
PROS-101518,Healthcare,South,10-49 employees,139000.0,17.1,28,Yes,35.6,Tier 2 - Warm
PROS-101519,Healthcare,North,1-9 employees,4067000.0,39.0,11,No,23.7,Tier 3 - Nurture
PROS-101520,Wholesale Distribution,North,1-9 employees,156000.0,25.8,9,Yes,16.7,Tier 3 - Nurture
PROS-101521,Hospitality,Central,10-49 employees,498000.0,63.3,21,No,49.0,Tier 2 - Warm
PROS-101522,Retail Trade,East,10-49 employees,749000.0,12.2,37,No,40.7,Tier 2 - Warm
PROS-101523,Retail Trade,South,1-9 employees,327000.0,46.0,6,No,22.6,Tier 3 - Nurture
PROS-101524,Technology,East,1-9 employees,740000.0,33.2,22,Yes,30.0,Tier 3 - Nurture
PROS-101525,Manufacturing,North,1-9 employees,408000.0,47.4,14,Yes,29.5,Tier 3 - Nurture
PROS-101526,Construction,South,50-249 employees,2568000.0,30.7,8,Yes,32.9,Tier 3 - Nurture
PROS-101527,Retail Trade,South,50-249 employees,936000.0,19.8,21,No,38.7,Tier 2 - Warm
PROS-101528,Manufacturing,Central,10-49 employees,438000.0,40.4,38,Yes,53.1,Tier 2 - Warm
PROS-101529,Education,North,1-9 employees,630000.0,11.5,11,Yes,12.4,Tier 3 - Nurture
PROS-101530,Manufacturing,East,1-9 employees,2790000.0,35.9,9,No,20.8,Tier 3 - Nurture
PROS-101531,Manufacturing,West,1-9 employees,1982000.0,33.9,7,Yes,18.4,Tier 3 - Nurture
PROS-101532,Education,Central,10-49 employees,208000.0,37.1,25,No,41.4,Tier 2 - Warm
PROS-101533,Retail Trade,East,1-9 employees,345000.0,26.3,11,No,18.5,Tier 3 - Nurture
PROS-101534,Wholesale Distribution,South,1-9 employees,1230000.0,38.9,24,Yes,33.9,Tier 2 - Warm
PROS-101535,Manufacturing,South,1000+ employees,1076000.0,59.3,4,No,56.4,Tier 2 - Warm
PROS-101536,Retail Trade,South,10-49 employees,230000.0,18.5,28,Yes,36.2,Tier 2 - Warm
PROS-101537,Retail Trade,West,50-249 employees,1663000.0,44.3,8,Yes,38.5,Tier 2 - Warm
PROS-101538,Hospitality,South,1-9 employees,274000.0,56.4,4,No,25.2,Tier 3 - Nurture
PROS-101539,Technology,West,1-9 employees,3061000.0,15.4,3,Yes,7.7,Tier 3 - Nurture
PROS-101540,Healthcare,West,250-999 employees,1306000.0,30.5,31,No,58.5,Tier 2 - Warm
PROS-101541,Professional Services,Central,10-49 employees,210000.0,38.1,38,Yes,52.1,Tier 2 - Warm
PROS-101542,Manufacturing,South,10-49 employees,408000.0,84.5,17,Yes,54.5,Tier 2 - Warm
PROS-101543,Transportation & Logistics,Central,1000+ employees,400000.0,7.0,7,Yes,37.4,Tier 2 - Warm
PROS-101544,Professional Services,East,10-49 employees,870000.0,8.2,33,Yes,36.0,Tier 2 - Warm
PROS-101545,Transportation & Logistics,West,1-9 employees,583000.0,73.3,1,No,29.8,Tier 3 - Nurture
PROS-101546,Technology,West,10-49 employees,207000.0,43.3,13,No,34.5,Tier 2 - Warm
PROS-101547,Wholesale Distribution,Central,1-9 employees,157000.0,13.4,38,No,34.5,Tier 2 - Warm
PROS-101548,Healthcare,East,1-9 employees,1334000.0,25.0,16,No,21.9,Tier 3 - Nurture
PROS-101549,Manufacturing,West,1-9 employees,999000.0,57.6,30,Yes,46.3,Tier 2 - Warm
PROS-101550,Professional Services,South,250-999 employees,819000.0,13.1,15,Yes,38.7,Tier 2 - Warm
PROS-101551,Wholesale Distribution,East,50-249 employees,982000.0,39.05,11,No,38.7,Tier 2 - Warm
PROS-101552,Transportation & Logistics,East,1-9 employees,369000.0,21.7,13,No,18.2,Tier 3 - Nurture
PROS-101553,Technology,West,1-9 employees,893000.0,19.0,35,Yes,34.4,Tier 2 - Warm
PROS-101554,Healthcare,West,50-249 employees,11904000.0,25.0,18,No,38.5,Tier 2 - Warm
PROS-101555,Retail Trade,North,250-999 employees,2655000.0,42.1,34,Yes,65.6,Tier 2 - Warm
PROS-101556,Wholesale Distribution,Central,1-9 employees,531000.0,39.6,39,No,46.0,Tier 2 - Warm
PROS-101557,Hospitality,West,1-9 employees,410000.0,59.8,29,No,46.4,Tier 2 - Warm
PROS-101558,Education,North,250-999 employees,31000.0,62.5,12,Yes,56.6,Tier 2 - Warm
PROS-101559,Wholesale Distribution,Central,250-999 employees,2363000.0,60.5,24,No,65.2,Tier 2 - Warm
PROS-101560,Professional Services,West,250-999 employees,1733000.0,38.0,15,No,48.9,Tier 2 - Warm
PROS-101561,Professional Services,North,1-9 employees,401000.0,44.2,23,Yes,35.3,Tier 2 - Warm
PROS-101562,Professional Services,East,1-9 employees,151000.0,21.9,28,Yes,30.1,Tier 3 - Nurture
PROS-101563,Education,Central,10-49 employees,205000.0,74.8,38,No,67.1,Tier 1 - Priority
PROS-101564,Transportation & Logistics,South,1-9 employees,1189000.0,51.8,31,Yes,44.7,Tier 2 - Warm
PROS-101565,Healthcare,Central,250-999 employees,661000.0,44.8,19,Yes,54.9,Tier 2 - Warm
PROS-101566,Education,East,1-9 employees,1561000.0,26.9,34,Yes,36.9,Tier 2 - Warm
PROS-101567,Technology,South,10-49 employees,802000.0,74.1,32,Yes,62.1,Tier 2 - Warm
PROS-101568,Education,South,250-999 employees,2113000.0,26.8,12,Yes,42.0,Tier 2 - Warm
PROS-101569,Education,East,1000+ employees,1095000.0,62.8,5,No,58.7,Tier 2 - Warm
PROS-101570,Manufacturing,West,50-249 employees,1815000.0,47.5,17,Yes,46.9,Tier 2 - Warm
PROS-101571,Construction,Central,250-999 employees,676000.0,50.0,28,Yes,64.1,Tier 2 - Warm
PROS-101572,Hospitality,North,1-9 employees,188000.0,17.8,10,No,14.2,Tier 3 - Nurture
PROS-101573,Wholesale Distribution,Central,10-49 employees,489000.0,11.4,39,Yes,42.0,Tier 2 - Warm
PROS-101574,Retail Trade,East,1-9 employees,2392000.0,77.2,38,Yes,60.6,Tier 2 - Warm
PROS-101575,Construction,North,1000+ employees,5772000.0,81.9,1,No,63.3,Tier 2 - Warm
PROS-101576,Transportation & Logistics,Central,250-999 employees,609000.0,40.9,16,Yes,50.9,Tier 2 - Warm
PROS-101577,Hospitality,South,1-9 employees,372000.0,25.3,11,Yes,18.1,Tier 3 - Nurture
PROS-101578,Retail Trade,West,1-9 employees,85000.0,52.5,34,No,47.3,Tier 2 - Warm
PROS-101579,Technology,West,10-49 employees,1886000.0,46.0,31,Yes,49.8,Tier 2 - Warm
PROS-101580,Professional Services,North,1-9 employees,398000.0,68.6,27,Yes,48.4,Tier 2 - Warm
PROS-101581,Professional Services,South,50-249 employees,18890000.0,17.5,29,No,44.1,Tier 2 - Warm
PROS-101582,Transportation & Logistics,West,1-9 employees,323000.0,42.1,32,Yes,41.5,Tier 2 - Warm
PROS-101583,Healthcare,South,50-249 employees,7391000.0,31.1,29,No,49.6,Tier 2 - Warm
PROS-101584,Technology,North,10-49 employees,1661000.0,7.4,27,Yes,30.9,Tier 3 - Nurture
PROS-101585,Construction,North,10-49 employees,235000.0,15.1,39,No,43.5,Tier 2 - Warm
PROS-101586,Wholesale Distribution,Central,1-9 employees,942000.0,22.8,22,Yes,25.7,Tier 3 - Nurture
PROS-101587,Manufacturing,North,1000+ employees,1704000.0,36.8,4,Yes,47.2,Tier 2 - Warm
PROS-101588,Wholesale Distribution,North,10-49 employees,569000.0,35.8,17,No,34.6,Tier 2 - Warm
PROS-101589,Manufacturing,East,10-49 employees,1834000.0,34.150000000000006,27,Yes,41.8,Tier 2 - Warm
PROS-101590,Hospitality,North,10-49 employees,1790000.0,42.1,35,Yes,51.4,Tier 2 - Warm
PROS-101591,Construction,West,250-999 employees,1406000.0,73.1,26,No,71.9,Tier 1 - Priority
PROS-101592,Construction,East,50-249 employees,716000.0,2.3,11,No,23.7,Tier 3 - Nurture
PROS-101593,Manufacturing,West,50-249 employees,200000.0,16.3,9,Yes,27.8,Tier 3 - Nurture
PROS-101594,Hospitality,East,10-49 employees,670000.0,67.4,33,No,60.1,Tier 2 - Warm
PROS-101595,Retail Trade,West,250-999 employees,885000.0,38.5,9,Yes,44.4,Tier 2 - Warm
PROS-101596,Technology,West,1-9 employees,93000.0,53.1,2,No,22.3,Tier 3 - Nurture
PROS-101597,Hospitality,East,50-249 employees,879000.0,39.1,26,Yes,50.5,Tier 2 - Warm
PROS-101598,Wholesale Distribution,North,10-49 employees,656000.0,50.7,21,No,43.8,Tier 2 - Warm
PROS-101599,Hospitality,South,10-49 employees,175000.0,45.9,26,Yes,45.8,Tier 2 - Warm
PROS-101600,Construction,North,1000+ employees,506000.0,39.3,18,Yes,59.3,Tier 2 - Warm
PROS-101601,Hospitality,North,1000+ employees,518000.0,18.5,24,Yes,55.6,Tier 2 - Warm
PROS-101602,Wholesale Distribution,South,10-49 employees,6096000.0,11.7,14,Yes,22.4,Tier 3 - Nurture
PROS-101603,Construction,South,10-49 employees,929000.0,14.9,19,No,27.6,Tier 3 - Nurture
PROS-101604,Retail Trade,North,250-999 employees,2280000.0,60.5,7,Yes,51.8,Tier 2 - Warm
PROS-101605,Wholesale Distribution,South,1000+ employees,641000.0,60.5,27,Yes,75.1,Tier 1 - Priority
PROS-101606,Retail Trade,East,50-249 employees,93000.0,74.2,24,Yes,63.3,Tier 2 - Warm
PROS-101607,Transportation & Logistics,North,1-9 employees,1528000.0,41.2,13,Yes,26.1,Tier 3 - Nurture
PROS-101608,Professional Services,South,1-9 employees,354000.0,58.0,23,Yes,40.9,Tier 2 - Warm
PROS-101609,Retail Trade,North,250-999 employees,504000.0,88.8,10,No,65.7,Tier 2 - Warm
PROS-101610,Hospitality,North,50-249 employees,229000.0,79.9,29,Yes,69.6,Tier 1 - Priority
PROS-101611,Retail Trade,North,50-249 employees,790000.0,24.0,24,Yes,42.8,Tier 2 - Warm
PROS-101612,Technology,East,50-249 employees,2354000.0,26.7,26,Yes,45.5,Tier 2 - Warm
PROS-101613,Technology,West,10-49 employees,749000.0,30.2,25,No,38.6,Tier 2 - Warm
PROS-101614,Manufacturing,West,10-49 employees,4176000.0,14.8,33,No,38.6,Tier 2 - Warm
PROS-101615,Retail Trade,West,50-249 employees,4880000.0,34.7,32,Yes,53.5,Tier 2 - Warm
PROS-101616,Hospitality,West,1-9 employees,77000.0,27.8,11,Yes,19.1,Tier 3 - Nurture
PROS-101617,Transportation & Logistics,Central,50-249 employees,196000.0,26.9,17,No,38.5,Tier 2 - Warm
PROS-101618,Retail Trade,South,50-249 employees,100000.0,88.9,22,Yes,67.7,Tier 1 - Priority
PROS-101619,Education,West,50-249 employees,1462000.0,29.7,30,No,49.9,Tier 2 - Warm
PROS-101620,Professional Services,Central,1-9 employees,340000.0,88.5,2,Yes,36.8,Tier 2 - Warm
PROS-101621,Manufacturing,East,50-249 employees,426000.0,15.6,36,No,48.8,Tier 2 - Warm
PROS-101622,Education,Central,1-9 employees,575000.0,20.7,13,No,17.8,Tier 3 - Nurture
PROS-101623,Manufacturing,North,1-9 employees,1111000.0,65.7,17,Yes,39.3,Tier 2 - Warm
PROS-101624,Transportation & Logistics,Central,10-49 employees,142000.0,46.1,11,Yes,34.1,Tier 2 - Warm
PROS-101625,Education,East,1-9 employees,724000.0,61.8,22,Yes,41.7,Tier 2 - Warm
PROS-101626,Transportation & Logistics,South,250-999 employees,730000.0,49.5,11,No,50.5,Tier 2 - Warm
PROS-101627,Transportation & Logistics,North,250-999 employees,2727000.0,29.1,36,Yes,61.9,Tier 2 - Warm
PROS-101628,Construction,West,1-9 employees,709000.0,15.7,13,Yes,15.7,Tier 3 - Nurture
PROS-101629,Retail Trade,East,50-249 employees,738500.0,38.7,12,No,39.3,Tier 2 - Warm
PROS-101630,Transportation & Logistics,South,10-49 employees,69000.0,40.8,1,No,24.0,Tier 3 - Nurture
PROS-101631,Wholesale Distribution,South,50-249 employees,2080000.0,0.8,29,Yes,37.3,Tier 2 - Warm
PROS-101632,Manufacturing,Central,250-999 employees,325000.0,40.4,36,Yes,66.5,Tier 1 - Priority
PROS-101633,Wholesale Distribution,East,10-49 employees,206000.0,73.4,23,Yes,54.7,Tier 2 - Warm
PROS-101634,Healthcare,North,1-9 employees,111000.0,33.849999999999994,36,Yes,41.3,Tier 2 - Warm
PROS-101635,Transportation & Logistics,South,1-9 employees,150000.0,30.1,17,Yes,24.8,Tier 3 - Nurture
PROS-101636,Retail Trade,North,10-49 employees,253000.0,15.5,28,No,35.0,Tier 2 - Warm
PROS-101637,Technology,West,250-999 employees,561000.0,40.099999999999994,34,No,64.8,Tier 2 - Warm
PROS-101638,Retail Trade,Central,10-49 employees,193000.0,72.6,29,No,59.1,Tier 2 - Warm
PROS-101639,Professional Services,Central,10-49 employees,895000.0,26.4,7,Yes,22.9,Tier 3 - Nurture
PROS-101640,Hospitality,West,1-9 employees,556000.0,42.0,38,Yes,46.2,Tier 2 - Warm
PROS-101641,Manufacturing,West,250-999 employees,8404000.0,59.7,2,Yes,47.5,Tier 2 - Warm
PROS-101642,Healthcare,East,1-9 employees,112000.0,23.3,5,Yes,12.5,Tier 3 - Nurture
PROS-101643,Transportation & Logistics,West,50-249 employees,871000.0,29.9,9,No,33.4,Tier 2 - Warm
PROS-101644,Retail Trade,North,50-249 employees,883000.0,19.6,29,No,45.0,Tier 2 - Warm
PROS-101645,Professional Services,East,1-9 employees,235000.0,33.6,35,No,40.4,Tier 2 - Warm
PROS-101646,Construction,East,1-9 employees,810000.0,36.7,22,No,31.4,Tier 3 - Nurture
PROS-101647,Technology,North,10-49 employees,1701000.0,15.6,14,Yes,24.0,Tier 3 - Nurture
PROS-101648,Education,East,1-9 employees,811000.0,60.6,18,Yes,38.0,Tier 2 - Warm
PROS-101649,Wholesale Distribution,West,50-249 employees,3345000.0,25.8,27,No,45.9,Tier 2 - Warm
PROS-101650,Retail Trade,South,50-249 employees,66000.0,47.1,9,No,40.4,Tier 2 - Warm
PROS-101651,Manufacturing,East,1-9 employees,289000.0,19.3,10,No,14.8,Tier 3 - Nurture
PROS-101652,Manufacturing,South,10-49 employees,3695000.0,43.4,12,Yes,33.8,Tier 2 - Warm
PROS-101653,Transportation & Logistics,South,1-9 employees,1989000.0,57.3,20,Yes,38.2,Tier 2 - Warm
PROS-101654,Retail Trade,North,1-9 employees,1322000.0,74.6,29,Yes,52.4,Tier 2 - Warm
PROS-101655,Professional Services,South,50-249 employees,2832000.0,66.9,21,Yes,58.0,Tier 2 - Warm
PROS-101656,Wholesale Distribution,Central,50-249 employees,89000.0,19.1,4,Yes,25.0,Tier 3 - Nurture
PROS-101657,Wholesale Distribution,Central,50-249 employees,1750000.0,16.1,10,Yes,28.5,Tier 3 - Nurture
PROS-101658,Wholesale Distribution,West,1-9 employees,2352000.0,40.5,2,Yes,17.2,Tier 3 - Nurture
PROS-101659,Professional Services,West,10-49 employees,353000.0,25.8,16,Yes,29.7,Tier 3 - Nurture
PROS-101660,Technology,West,10-49 employees,13153000.0,40.099999999999994,20,Yes,38.7,Tier 2 - Warm
PROS-101661,Technology,East,1000+ employees,905000.0,24.9,11,No,47.9,Tier 2 - Warm
PROS-101662,Retail Trade,East,50-249 employees,65000.0,24.8,2,Yes,25.8,Tier 3 - Nurture
PROS-101663,Transportation & Logistics,West,250-999 employees,1109000.0,27.6,4,No,36.0,Tier 2 - Warm
PROS-101664,Transportation & Logistics,West,1-9 employees,330000.0,38.7,27,Yes,36.2,Tier 2 - Warm
PROS-101665,Construction,East,10-49 employees,749000.0,44.8,17,No,38.3,Tier 2 - Warm
PROS-101666,Hospitality,East,50-249 employees,1333000.0,18.0,38,Yes,51.4,Tier 2 - Warm
PROS-101667,Technology,East,10-49 employees,378000.0,52.3,22,No,45.3,Tier 2 - Warm
PROS-101668,Transportation & Logistics,South,10-49 employees,3808000.0,52.2,12,No,37.3,Tier 2 - Warm
PROS-101669,Hospitality,South,10-49 employees,2050000.0,53.1,4,Yes,31.4,Tier 3 - Nurture
PROS-101670,Hospitality,North,1000+ employees,705500.0,28.9,29,No,63.7,Tier 2 - Warm
PROS-101671,Transportation & Logistics,East,1-9 employees,617000.0,34.6,14,Yes,24.2,Tier 3 - Nurture
PROS-101672,Professional Services,West,250-999 employees,1288000.0,64.7,24,Yes,66.9,Tier 1 - Priority
PROS-101673,Hospitality,West,10-49 employees,489000.0,34.7,19,Yes,35.7,Tier 2 - Warm
PROS-101674,Hospitality,Central,10-49 employees,749000.0,20.0,4,No,17.9,Tier 3 - Nurture
PROS-101675,Education,North,10-49 employees,759000.0,34.1,37,No,49.7,Tier 2 - Warm
PROS-101676,Retail Trade,West,1-9 employees,226000.0,43.4,5,No,20.7,Tier 3 - Nurture
PROS-101677,Healthcare,West,1000+ employees,63000.0,67.7,24,Yes,75.7,Tier 1 - Priority
PROS-101678,Education,East,250-999 employees,949000.0,73.9,6,Yes,56.5,Tier 2 - Warm
PROS-101679,Transportation & Logistics,South,1000+ employees,82000.0,45.7,37,Yes,76.9,Tier 1 - Priority
PROS-101680,Education,South,1000+ employees,245000.0,66.6,12,No,65.7,Tier 2 - Warm
PROS-101681,Manufacturing,West,50-249 employees,104000.0,63.9,21,Yes,56.7,Tier 2 - Warm
PROS-101682,Manufacturing,Central,10-49 employees,119000.0,59.9,4,Yes,34.2,Tier 2 - Warm
PROS-101683,Hospitality,West,250-999 employees,1166000.0,19.3,32,No,54.7,Tier 2 - Warm
PROS-101684,Construction,East,1-9 employees,571000.0,38.2,9,Yes,21.8,Tier 3 - Nurture
PROS-101685,Transportation & Logistics,West,50-249 employees,549000.0,14.6,4,Yes,23.2,Tier 3 - Nurture
PROS-101686,Healthcare,North,10-49 employees,172000.0,71.5,12,Yes,45.2,Tier 2 - Warm
PROS-101687,Healthcare,West,50-249 employees,355000.0,38.3,23,Yes,47.9,Tier 2 - Warm
PROS-101688,Education,North,10-49 employees,1104000.0,32.6,13,Yes,30.1,Tier 3 - Nurture
PROS-101689,Manufacturing,Central,10-49 employees,689000.0,65.8,14,Yes,44.5,Tier 2 - Warm
PROS-101690,Hospitality,Central,1-9 employees,1803000.0,47.8,3,Yes,20.9,Tier 3 - Nurture
PROS-101691,Wholesale Distribution,East,10-49 employees,2109000.0,30.3,29,Yes,41.8,Tier 2 - Warm
PROS-101692,Technology,South,10-49 employees,553000.0,31.1,14,Yes,30.3,Tier 3 - Nurture
PROS-101693,Construction,West,1-9 employees,95000.0,5.6,35,Yes,29.0,Tier 3 - Nurture
PROS-101694,Retail Trade,West,1-9 employees,317000.0,74.8,16,No,42.2,Tier 2 - Warm
PROS-101695,Technology,West,10-49 employees,655000.0,79.3,28,Yes,61.1,Tier 2 - Warm
PROS-101696,Healthcare,East,1-9 employees,310000.0,81.2,13,Yes,42.5,Tier 2 - Warm
PROS-101697,Retail Trade,South,50-249 employees,229000.0,16.3,4,No,23.9,Tier 3 - Nurture
PROS-101698,Construction,North,1-9 employees,788000.0,52.1,25,No,40.1,Tier 2 - Warm
PROS-101699,Education,South,10-49 employees,10568000.0,53.6,25,No,48.2,Tier 2 - Warm
PROS-101700,Professional Services,East,1-9 employees,426000.0,57.1,39,Yes,53.2,Tier 2 - Warm
PROS-101701,Retail Trade,East,10-49 employees,727000.0,33.4,30,No,43.9,Tier 2 - Warm
PROS-101702,Technology,East,10-49 employees,172000.0,46.4,25,No,45.2,Tier 2 - Warm
PROS-101703,Retail Trade,South,10-49 employees,2864000.0,47.4,2,Yes,27.5,Tier 3 - Nurture
PROS-101704,Education,Central,10-49 employees,1909000.0,63.2,33,Yes,58.4,Tier 2 - Warm
PROS-101705,Wholesale Distribution,South,10-49 employees,1770000.0,67.5,7,Yes,39.7,Tier 2 - Warm
PROS-101706,Education,Central,1-9 employees,3255000.0,25.1,29,Yes,32.2,Tier 3 - Nurture
PROS-101707,Education,South,10-49 employees,456000.0,19.0,27,Yes,35.6,Tier 2 - Warm
PROS-101708,Professional Services,East,10-49 employees,523000.0,53.4,32,Yes,53.6,Tier 2 - Warm
PROS-101709,Professional Services,West,50-249 employees,4784000.0,4.8,13,No,26.3,Tier 3 - Nurture
PROS-101710,Construction,South,10-49 employees,1463000.0,64.0,20,No,48.5,Tier 2 - Warm
PROS-101711,Healthcare,South,50-249 employees,64000.0,52.7,3,Yes,37.9,Tier 2 - Warm
PROS-101712,Wholesale Distribution,South,10-49 employees,1203000.0,37.9,14,Yes,33.1,Tier 2 - Warm
PROS-101713,Hospitality,Central,1-9 employees,724000.0,34.3,35,No,40.7,Tier 2 - Warm
PROS-101714,Technology,North,1-9 employees,1959000.0,35.4,8,Yes,19.8,Tier 3 - Nurture
PROS-101715,Wholesale Distribution,East,1-9 employees,1143000.0,31.9,38,No,42.1,Tier 2 - Warm
PROS-101716,Technology,West,10-49 employees,108000.0,38.3,2,No,23.8,Tier 3 - Nurture
PROS-101717,Construction,West,50-249 employees,980000.0,24.2,15,Yes,35.8,Tier 2 - Warm
PROS-101718,Healthcare,East,50-249 employees,920000.0,36.0,15,Yes,40.6,Tier 2 - Warm
PROS-101719,Transportation & Logistics,North,10-49 employees,1088000.0,42.5,39,No,54.7,Tier 2 - Warm
PROS-101720,Manufacturing,North,1-9 employees,724000.0,74.1,22,Yes,46.7,Tier 2 - Warm
PROS-101721,Hospitality,East,250-999 employees,3781000.0,17.1,34,Yes,55.4,Tier 2 - Warm
PROS-101722,Technology,Central,1-9 employees,1150000.0,14.2,34,No,31.7,Tier 3 - Nurture
PROS-101723,Hospitality,North,10-49 employees,748000.0,81.4,22,Yes,57.2,Tier 2 - Warm
PROS-101724,Transportation & Logistics,Central,250-999 employees,2579000.0,34.5,29,Yes,58.5,Tier 2 - Warm
PROS-101725,Hospitality,West,10-49 employees,8598000.0,9.8,30,No,34.2,Tier 2 - Warm
PROS-101726,Education,North,1-9 employees,1996000.0,48.1,20,Yes,34.5,Tier 2 - Warm
PROS-101727,Transportation & Logistics,South,1-9 employees,915000.0,28.9,37,Yes,40.1,Tier 2 - Warm
PROS-101728,Healthcare,South,10-49 employees,1174000.0,15.4,17,Yes,26.3,Tier 3 - Nurture
PROS-101729,Retail Trade,Central,1-9 employees,967000.0,40.3,29,Yes,38.4,Tier 2 - Warm
PROS-101730,Hospitality,East,50-249 employees,744000.0,36.1,14,No,39.8,Tier 2 - Warm
PROS-101731,Education,South,10-49 employees,7895000.0,41.6,14,No,34.6,Tier 2 - Warm
PROS-101732,Technology,South,1-9 employees,320000.0,26.4,15,No,21.7,Tier 3 - Nurture
PROS-101733,Wholesale Distribution,East,1-9 employees,2598000.0,66.0,8,Yes,32.3,Tier 3 - Nurture
PROS-101734,Wholesale Distribution,North,50-249 employees,635000.0,56.1,32,No,62.2,Tier 2 - Warm
PROS-101735,Hospitality,South,10-49 employees,143000.0,41.1,17,Yes,36.8,Tier 2 - Warm
PROS-101736,Transportation & Logistics,North,50-249 employees,593000.0,42.5,27,Yes,52.7,Tier 2 - Warm
PROS-101737,Manufacturing,West,10-49 employees,400000.0,41.8,8,Yes,29.9,Tier 3 - Nurture
PROS-101738,Manufacturing,West,1-9 employees,1377000.0,45.1,27,No,38.8,Tier 2 - Warm
PROS-101739,Professional Services,East,10-49 employees,806000.0,32.1,1,Yes,20.5,Tier 3 - Nurture
PROS-101740,Healthcare,North,10-49 employees,237000.0,50.8,26,No,47.8,Tier 2 - Warm
PROS-101741,Hospitality,South,10-49 employees,3679000.0,49.9,18,No,41.1,Tier 2 - Warm
PROS-101742,Healthcare,Central,50-249 employees,2420000.0,10.6,5,Yes,22.3,Tier 3 - Nurture
PROS-101743,Manufacturing,South,250-999 employees,676000.0,45.5,13,No,50.4,Tier 2 - Warm
PROS-101744,Professional Services,North,50-249 employees,947000.0,50.4,2,Yes,36.2,Tier 2 - Warm
PROS-101745,Education,North,10-49 employees,701000.0,33.6,4,Yes,23.4,Tier 3 - Nurture
PROS-101746,Education,Central,10-49 employees,749000.0,32.3,32,Yes,45.0,Tier 2 - Warm
PROS-101747,Construction,North,10-49 employees,386000.0,39.3,34,No,49.4,Tier 2 - Warm
PROS-101748,Wholesale Distribution,East,1-9 employees,842000.0,4.6,33,Yes,27.0,Tier 3 - Nurture
PROS-101749,Hospitality,Central,50-249 employees,601000.0,38.3,5,No,33.6,Tier 2 - Warm
PROS-101750,Education,West,250-999 employees,146000.0,60.3,23,Yes,64.3,Tier 2 - Warm
PROS-101751,Wholesale Distribution,East,1-9 employees,839000.0,49.0,25,No,38.8,Tier 2 - Warm
PROS-101752,Technology,South,250-999 employees,449000.0,13.2,14,Yes,38.0,Tier 2 - Warm
PROS-101753,Construction,North,50-249 employees,559000.0,36.6,23,Yes,47.2,Tier 2 - Warm
PROS-101754,Technology,North,10-49 employees,1088000.0,29.2,11,Yes,27.2,Tier 3 - Nurture
PROS-101755,Construction,Central,250-999 employees,2957000.0,41.7,39,Yes,69.4,Tier 1 - Priority
PROS-101756,Construction,North,1-9 employees,287000.0,26.1,10,Yes,17.6,Tier 3 - Nurture
PROS-101757,Technology,North,1-9 employees,504000.0,39.3,10,Yes,23.0,Tier 3 - Nurture
PROS-101758,Transportation & Logistics,Central,1-9 employees,314000.0,42.4,30,Yes,40.1,Tier 2 - Warm
PROS-101759,Transportation & Logistics,East,10-49 employees,293000.0,29.4,10,Yes,26.5,Tier 3 - Nurture
PROS-101760,Construction,South,10-49 employees,379000.0,37.8,36,Yes,50.4,Tier 2 - Warm
PROS-101761,Healthcare,West,250-999 employees,588000.0,5.9,25,No,43.7,Tier 2 - Warm
PROS-101762,Manufacturing,East,1-9 employees,1390000.0,5.9,36,Yes,29.9,Tier 3 - Nurture
PROS-101763,Technology,Central,1-9 employees,1038000.0,27.0,22,Yes,27.4,Tier 3 - Nurture
PROS-101764,Transportation & Logistics,East,10-49 employees,228000.0,39.9,38,Yes,52.8,Tier 2 - Warm
PROS-101765,Education,West,1-9 employees,3028000.0,85.4,32,No,59.2,Tier 2 - Warm
PROS-101766,Transportation & Logistics,Central,50-249 employees,2061000.0,49.8,32,Yes,59.7,Tier 2 - Warm
PROS-101767,Healthcare,East,10-49 employees,271000.0,36.0,7,Yes,26.8,Tier 3 - Nurture
PROS-101768,Manufacturing,South,1000+ employees,2804000.0,15.0,32,No,60.4,Tier 2 - Warm
PROS-101769,Retail Trade,Central,50-249 employees,1045000.0,38.1,12,No,39.1,Tier 2 - Warm
PROS-101770,Construction,South,1-9 employees,614000.0,39.9,33,Yes,41.4,Tier 2 - Warm
PROS-101771,Construction,North,1-9 employees,1082000.0,29.8,1,No,12.0,Tier 3 - Nurture
PROS-101772,Construction,East,1-9 employees,709000.0,25.5,3,No,11.8,Tier 3 - Nurture
PROS-101773,Construction,Central,1000+ employees,1329000.0,35.9,29,No,66.6,Tier 1 - Priority
PROS-101774,Hospitality,North,50-249 employees,896000.0,57.7,3,Yes,40.0,Tier 2 - Warm
PROS-101775,Retail Trade,Central,10-49 employees,503000.0,14.8,13,No,22.9,Tier 3 - Nurture
PROS-101776,Construction,Central,1-9 employees,79000.0,63.0,19,Yes,39.8,Tier 2 - Warm
PROS-101777,Retail Trade,Central,250-999 employees,1303000.0,42.8,10,No,46.9,Tier 2 - Warm
PROS-101778,Construction,East,1-9 employees,484000.0,28.2,29,Yes,33.5,Tier 2 - Warm
PROS-101779,Technology,South,50-249 employees,1716000.0,20.9,24,No,41.5,Tier 2 - Warm
PROS-101780,Manufacturing,East,50-249 employees,1239000.0,46.6,26,No,53.6,Tier 2 - Warm
PROS-101781,Construction,North,1-9 employees,498000.0,13.7,10,Yes,12.5,Tier 3 - Nurture
PROS-101782,Manufacturing,Central,10-49 employees,2247000.0,43.6,1,Yes,25.2,Tier 3 - Nurture
PROS-101783,Education,West,1-9 employees,914000.0,47.1,3,No,20.7,Tier 3 - Nurture
PROS-101784,Hospitality,East,10-49 employees,873000.0,3.7,10,Yes,16.0,Tier 3 - Nurture
PROS-101785,Professional Services,East,1000+ employees,705500.0,46.5,10,No,55.9,Tier 2 - Warm
PROS-101786,Retail Trade,West,50-249 employees,4648000.0,43.4,24,No,50.7,Tier 2 - Warm
PROS-101787,Manufacturing,East,50-249 employees,333000.0,1.7,34,No,41.6,Tier 2 - Warm
PROS-101788,Healthcare,Central,10-49 employees,511000.0,31.7,12,No,29.0,Tier 3 - Nurture
PROS-101789,Hospitality,Central,1-9 employees,724000.0,52.6,24,Yes,39.5,Tier 2 - Warm
PROS-101790,Transportation & Logistics,Central,50-249 employees,1622000.0,38.9,36,Yes,58.4,Tier 2 - Warm
PROS-101791,Wholesale Distribution,West,10-49 employees,384000.0,48.5,19,No,41.4,Tier 2 - Warm
PROS-101792,Construction,West,1-9 employees,435000.0,41.6,9,Yes,23.1,Tier 3 - Nurture
PROS-101793,Professional Services,South,10-49 employees,413000.0,63.0,20,No,48.1,Tier 2 - Warm
PROS-101794,Healthcare,North,10-49 employees,782000.0,25.6,3,Yes,19.4,Tier 3 - Nurture
PROS-101795,Professional Services,East,50-249 employees,184000.0,25.3,39,No,55.2,Tier 2 - Warm
PROS-101796,Education,Central,1-9 employees,62000.0,25.9,36,Yes,38.1,Tier 2 - Warm
PROS-101797,Retail Trade,North,250-999 employees,1207000.0,21.3,2,No,31.8,Tier 3 - Nurture
PROS-101798,Healthcare,East,10-49 employees,71000.0,37.8,11,Yes,30.7,Tier 3 - Nurture
PROS-101799,Transportation & Logistics,North,1-9 employees,1866000.0,69.8,7,Yes,33.1,Tier 2 - Warm
PROS-101800,Manufacturing,East,1-9 employees,4051000.0,69.5,35,Yes,55.1,Tier 2 - Warm
PROS-101801,Healthcare,North,50-249 employees,609000.0,32.5,34,Yes,54.2,Tier 2 - Warm
PROS-101802,Healthcare,West,10-49 employees,3046000.0,19.0,14,No,25.4,Tier 3 - Nurture
PROS-101803,Professional Services,Central,10-49 employees,710000.0,31.6,21,Yes,36.0,Tier 2 - Warm
PROS-101804,Retail Trade,West,1-9 employees,4236000.0,43.4,26,Yes,37.3,Tier 2 - Warm
PROS-101805,Manufacturing,West,50-249 employees,442000.0,45.1,39,Yes,63.3,Tier 2 - Warm
PROS-101806,Manufacturing,South,50-249 employees,54000.0,43.0,33,Yes,57.7,Tier 2 - Warm
PROS-101807,Healthcare,East,1-9 employees,668000.0,38.8,27,Yes,36.2,Tier 2 - Warm
PROS-101808,Manufacturing,North,250-999 employees,4774000.0,39.8,18,No,52.0,Tier 2 - Warm
PROS-101809,Education,South,1-9 employees,1314000.0,80.9,29,No,55.0,Tier 2 - Warm
PROS-101810,Professional Services,East,1-9 employees,414000.0,80.7,26,Yes,52.5,Tier 2 - Warm
PROS-101811,Technology,West,10-49 employees,1047000.0,32.8,23,No,38.1,Tier 2 - Warm
PROS-101812,Technology,North,50-249 employees,2123000.0,37.8,9,No,36.6,Tier 2 - Warm
PROS-101813,Healthcare,Central,1-9 employees,664000.0,28.2,1,No,11.4,Tier 3 - Nurture
PROS-101814,Wholesale Distribution,East,10-49 employees,13112000.0,73.7,21,No,53.2,Tier 2 - Warm
PROS-101815,Retail Trade,Central,1-9 employees,413000.0,65.6,36,No,54.3,Tier 2 - Warm
PROS-101816,Professional Services,East,10-49 employees,2197000.0,13.0,39,Yes,42.6,Tier 2 - Warm
PROS-101817,Professional Services,East,50-249 employees,1686000.0,57.9,21,No,54.3,Tier 2 - Warm
PROS-101818,Retail Trade,West,1000+ employees,338000.0,67.2,38,No,86.5,Tier 1 - Priority
PROS-101819,Professional Services,Central,10-49 employees,457000.0,71.4,1,Yes,36.5,Tier 2 - Warm
PROS-101820,Construction,North,10-49 employees,2235000.0,21.2,33,Yes,41.3,Tier 2 - Warm
PROS-101821,Hospitality,East,10-49 employees,855000.0,48.5,9,Yes,33.5,Tier 2 - Warm
PROS-101822,Construction,North,1-9 employees,1058000.0,27.2,14,Yes,21.2,Tier 3 - Nurture
PROS-101823,Wholesale Distribution,East,1-9 employees,121000.0,29.4,14,Yes,22.1,Tier 3 - Nurture
PROS-101824,Hospitality,Central,1000+ employees,1501000.0,28.5,9,No,47.8,Tier 2 - Warm
PROS-101825,Education,Central,1-9 employees,1001000.0,10.1,12,No,12.6,Tier 3 - Nurture
PROS-101826,Retail Trade,South,50-249 employees,738500.0,41.1,22,No,48.2,Tier 2 - Warm
PROS-101827,Education,South,1-9 employees,1085000.0,43.2,2,No,18.3,Tier 3 - Nurture
PROS-101828,Technology,East,50-249 employees,465000.0,42.2,9,Yes,38.4,Tier 2 - Warm
PROS-101829,Education,South,1-9 employees,380000.0,55.4,11,Yes,30.4,Tier 3 - Nurture
PROS-101830,Construction,North,1000+ employees,559000.0,67.0,4,Yes,59.6,Tier 2 - Warm
PROS-101831,Education,South,50-249 employees,438000.0,7.2,35,No,44.6,Tier 2 - Warm
PROS-101832,Transportation & Logistics,East,1-9 employees,8029000.0,18.1,18,No,20.7,Tier 3 - Nurture
PROS-101833,Manufacturing,East,50-249 employees,1989000.0,19.8,23,No,40.3,Tier 2 - Warm
PROS-101834,Healthcare,Central,10-49 employees,251000.0,72.8,23,Yes,54.4,Tier 2 - Warm
PROS-101835,Retail Trade,East,1-9 employees,6851000.0,50.5,13,No,29.9,Tier 3 - Nurture
PROS-101836,Education,South,1-9 employees,453000.0,49.1,11,Yes,27.8,Tier 3 - Nurture
PROS-101837,Construction,West,50-249 employees,753000.0,38.3,4,Yes,32.9,Tier 3 - Nurture
PROS-101838,Professional Services,West,50-249 employees,1957000.0,8.5,33,No,43.6,Tier 2 - Warm
PROS-101839,Transportation & Logistics,East,1-9 employees,84000.0,52.2,30,Yes,44.1,Tier 2 - Warm
PROS-101840,Healthcare,East,250-999 employees,562000.0,39.7,26,No,58.3,Tier 2 - Warm
PROS-101841,Manufacturing,South,1-9 employees,388000.0,14.6,29,No,27.9,Tier 3 - Nurture
PROS-101842,Wholesale Distribution,Central,1-9 employees,914000.0,29.2,32,No,36.2,Tier 2 - Warm
PROS-101843,Wholesale Distribution,Central,10-49 employees,1096000.0,16.6,1,No,14.1,Tier 3 - Nurture
PROS-101844,Hospitality,North,1-9 employees,670000.0,52.9,27,No,42.0,Tier 2 - Warm
PROS-101845,Technology,South,1-9 employees,637000.0,34.1,39,No,43.8,Tier 2 - Warm
PROS-101846,Healthcare,South,10-49 employees,2354000.0,44.4,33,Yes,50.7,Tier 2 - Warm
PROS-101847,Transportation & Logistics,Central,1-9 employees,1016000.0,52.5,11,No,29.2,Tier 3 - Nurture
PROS-101848,Transportation & Logistics,North,1-9 employees,763000.0,18.0,23,No,24.6,Tier 3 - Nurture
PROS-101849,Retail Trade,South,50-249 employees,858000.0,10.6,11,Yes,27.1,Tier 3 - Nurture
PROS-101850,Manufacturing,South,10-49 employees,5496000.0,9.5,6,No,15.2,Tier 3 - Nurture
PROS-101851,Professional Services,East,50-249 employees,882000.0,50.8,12,Yes,44.3,Tier 2 - Warm
PROS-101852,Healthcare,South,10-49 employees,414000.0,68.7,14,No,45.7,Tier 2 - Warm
PROS-101853,Retail Trade,East,10-49 employees,89000.0,46.4,38,No,55.5,Tier 2 - Warm
PROS-101854,Retail Trade,West,1-9 employees,151000.0,24.0,19,Yes,23.9,Tier 3 - Nurture
PROS-101855,Wholesale Distribution,Central,50-249 employees,436000.0,49.2,33,No,60.2,Tier 2 - Warm
PROS-101856,Construction,North,1-9 employees,647000.0,7.5,38,Yes,32.1,Tier 3 - Nurture
PROS-101857,Transportation & Logistics,North,1-9 employees,396000.0,29.3,25,Yes,30.8,Tier 3 - Nurture
PROS-101858,Transportation & Logistics,North,50-249 employees,1073000.0,68.4,20,No,57.8,Tier 2 - Warm
PROS-101859,Hospitality,Central,50-249 employees,390000.0,28.6,20,Yes,41.5,Tier 2 - Warm
PROS-101860,Hospitality,West,10-49 employees,267000.0,46.4,31,No,50.0,Tier 2 - Warm
PROS-101861,Professional Services,East,1-9 employees,1431000.0,37.7,13,No,24.7,Tier 3 - Nurture
PROS-101862,Wholesale Distribution,West,1-9 employees,3290000.0,37.15,18,Yes,28.4,Tier 3 - Nurture
PROS-101863,Construction,East,10-49 employees,216000.0,71.5,14,Yes,46.8,Tier 2 - Warm
PROS-101864,Wholesale Distribution,South,50-249 employees,954000.0,32.5,11,Yes,36.0,Tier 2 - Warm
PROS-101865,Healthcare,East,10-49 employees,90000.0,25.2,13,No,27.1,Tier 3 - Nurture
PROS-101866,Retail Trade,West,1-9 employees,144000.0,15.6,4,Yes,8.6,Tier 3 - Nurture
PROS-101867,Hospitality,North,1-9 employees,382000.0,48.9,34,Yes,45.9,Tier 2 - Warm
PROS-101868,Manufacturing,West,10-49 employees,2542000.0,11.7,34,Yes,38.2,Tier 2 - Warm
PROS-101869,Hospitality,East,50-249 employees,310000.0,10.0,27,No,39.4,Tier 2 - Warm
PROS-101870,Manufacturing,North,1-9 employees,297000.0,21.1,30,No,31.4,Tier 3 - Nurture
PROS-101871,Professional Services,South,1-9 employees,759000.0,53.3,16,Yes,33.5,Tier 2 - Warm
PROS-101872,Technology,East,1-9 employees,760000.0,28.2,21,Yes,27.1,Tier 3 - Nurture
PROS-101873,Education,South,1-9 employees,308000.0,22.9,39,No,39.2,Tier 2 - Warm
PROS-101874,Healthcare,South,10-49 employees,6484000.0,61.7,3,Yes,34.1,Tier 2 - Warm
PROS-101875,Retail Trade,West,1-9 employees,545000.0,8.8,7,Yes,8.2,Tier 3 - Nurture
PROS-101876,Professional Services,East,10-49 employees,826000.0,66.5,33,Yes,59.8,Tier 2 - Warm
PROS-101877,Wholesale Distribution,East,50-249 employees,469000.0,38.7,3,Yes,32.2,Tier 3 - Nurture
PROS-101878,Hospitality,West,1000+ employees,1183000.0,31.5,31,Yes,66.4,Tier 1 - Priority
PROS-101879,Retail Trade,North,250-999 employees,2838000.0,18.3,15,No,40.9,Tier 2 - Warm
PROS-101880,Construction,South,1-9 employees,4547000.0,38.599999999999994,28,No,36.9,Tier 2 - Warm
PROS-101881,Professional Services,North,1-9 employees,315000.0,17.5,39,No,37.0,Tier 2 - Warm
PROS-101882,Retail Trade,Central,1-9 employees,2448000.0,62.1,23,Yes,42.6,Tier 2 - Warm
PROS-101883,Wholesale Distribution,North,50-249 employees,1335000.0,48.2,1,Yes,34.5,Tier 2 - Warm
PROS-101884,Technology,Central,1-9 employees,2131000.0,75.5,21,No,46.5,Tier 2 - Warm
PROS-101885,Retail Trade,North,10-49 employees,659000.0,22.6,4,Yes,18.9,Tier 3 - Nurture
PROS-101886,Technology,South,1-9 employees,594000.0,12.7,37,Yes,33.4,Tier 2 - Warm
PROS-101887,Healthcare,West,1-9 employees,2042000.0,18.1,14,Yes,17.5,Tier 3 - Nurture
PROS-101888,Manufacturing,Central,50-249 employees,2085000.0,85.9,38,Yes,79.1,Tier 1 - Priority
PROS-101889,Healthcare,North,50-249 employees,4083000.0,43.0,39,Yes,62.4,Tier 2 - Warm
PROS-101890,Retail Trade,South,10-49 employees,907000.0,41.1,13,Yes,33.6,Tier 2 - Warm
PROS-101891,Professional Services,Central,250-999 employees,648000.0,30.7,14,Yes,45.1,Tier 2 - Warm
PROS-101892,Wholesale Distribution,South,1-9 employees,724000.0,63.2,34,No,51.7,Tier 2 - Warm
PROS-101893,Hospitality,South,1-9 employees,124000.0,19.9,27,Yes,28.5,Tier 3 - Nurture
PROS-101894,Retail Trade,West,10-49 employees,473000.0,43.4,20,Yes,40.1,Tier 2 - Warm
PROS-101895,Wholesale Distribution,North,50-249 employees,217000.0,46.2,34,No,59.8,Tier 2 - Warm
PROS-101896,Transportation & Logistics,Central,10-49 employees,1786000.0,61.2,11,No,40.2,Tier 2 - Warm
PROS-101897,Wholesale Distribution,Central,1-9 employees,173000.0,45.1,27,Yes,38.8,Tier 2 - Warm
PROS-101898,Hospitality,Central,1000+ employees,420000.0,69.1,14,No,68.3,Tier 1 - Priority
PROS-101899,Construction,South,1-9 employees,439000.0,17.6,4,Yes,9.4,Tier 3 - Nurture
PROS-101900,Transportation & Logistics,North,10-49 employees,2745000.0,28.4,14,Yes,29.2,Tier 3 - Nurture
PROS-101901,Transportation & Logistics,East,10-49 employees,374000.0,64.9,6,No,37.8,Tier 2 - Warm
PROS-101902,Hospitality,South,250-999 employees,1200000.0,37.0,39,No,67.5,Tier 1 - Priority
PROS-101903,Professional Services,Central,50-249 employees,905000.0,60.2,11,No,47.3,Tier 2 - Warm
PROS-101904,Construction,West,1000+ employees,1970000.0,36.5,37,Yes,73.2,Tier 1 - Priority
PROS-101905,Professional Services,Central,1-9 employees,1858000.0,44.4,32,No,42.5,Tier 2 - Warm
PROS-101906,Professional Services,West,10-49 employees,703000.0,11.4,15,Yes,23.0,Tier 3 - Nurture
PROS-101907,Retail Trade,West,50-249 employees,113000.0,56.4,32,Yes,62.4,Tier 2 - Warm
PROS-101908,Manufacturing,North,10-49 employees,565000.0,45.6,2,No,26.8,Tier 3 - Nurture
PROS-101909,Education,North,10-49 employees,714000.0,13.4,7,No,17.5,Tier 3 - Nurture
PROS-101910,Manufacturing,North,1000+ employees,999000.0,35.8,32,No,68.9,Tier 1 - Priority
PROS-101911,Wholesale Distribution,East,1-9 employees,324000.0,22.7,15,Yes,20.2,Tier 3 - Nurture
PROS-101912,Manufacturing,South,10-49 employees,749000.0,79.5,6,No,43.8,Tier 2 - Warm
PROS-101913,Hospitality,Central,250-999 employees,740000.0,28.5,6,No,37.9,Tier 2 - Warm
PROS-101914,Construction,North,250-999 employees,265000.0,8.2,32,No,50.2,Tier 2 - Warm
PROS-101915,Transportation & Logistics,Central,1000+ employees,441000.0,64.0,19,Yes,70.2,Tier 1 - Priority
PROS-101916,Professional Services,West,250-999 employees,6085000.0,55.3,18,Yes,58.4,Tier 2 - Warm
PROS-101917,Healthcare,North,1-9 employees,1515000.0,31.0,15,Yes,23.6,Tier 3 - Nurture
PROS-101918,Healthcare,North,250-999 employees,2311000.0,37.9,4,Yes,40.2,Tier 2 - Warm
PROS-101919,Transportation & Logistics,South,10-49 employees,232000.0,47.0,39,No,56.5,Tier 2 - Warm
PROS-101920,Construction,South,50-249 employees,342000.0,49.8,9,Yes,41.5,Tier 2 - Warm
PROS-101921,Transportation & Logistics,South,10-49 employees,345000.0,32.4,16,Yes,32.4,Tier 3 - Nurture
PROS-101922,Wholesale Distribution,East,50-249 employees,893000.0,39.05,33,Yes,56.1,Tier 2 - Warm
PROS-101923,Healthcare,North,10-49 employees,602000.0,57.2,2,No,31.5,Tier 3 - Nurture
PROS-101924,Construction,North,50-249 employees,426000.0,10.9,23,Yes,36.7,Tier 2 - Warm
PROS-101925,Retail Trade,West,1-9 employees,489000.0,16.0,21,No,22.2,Tier 3 - Nurture
PROS-101926,Construction,Central,1-9 employees,305000.0,25.1,29,No,32.2,Tier 3 - Nurture
PROS-101927,Retail Trade,South,10-49 employees,598000.0,15.8,36,Yes,41.4,Tier 2 - Warm
PROS-101928,Retail Trade,Central,1-9 employees,2482000.0,80.1,4,No,34.9,Tier 2 - Warm
PROS-101929,Education,South,50-249 employees,138000.0,15.0,15,Yes,32.0,Tier 3 - Nurture
PROS-101930,Manufacturing,South,1-9 employees,1068000.0,58.7,15,Yes,34.9,Tier 2 - Warm
PROS-101931,Healthcare,North,10-49 employees,3329000.0,12.0,32,Yes,36.7,Tier 2 - Warm
PROS-101932,Wholesale Distribution,East,1-9 employees,596000.0,22.5,18,No,22.5,Tier 3 - Nurture
PROS-101933,Education,East,1-9 employees,408000.0,53.5,17,Yes,34.3,Tier 2 - Warm
PROS-101934,Retail Trade,West,10-49 employees,2016000.0,66.2,11,Yes,42.3,Tier 2 - Warm
PROS-101935,Retail Trade,North,1-9 employees,247000.0,14.1,23,Yes,23.0,Tier 3 - Nurture
PROS-101936,Construction,North,1-9 employees,711000.0,50.7,25,Yes,39.5,Tier 2 - Warm
PROS-101937,Transportation & Logistics,East,1-9 employees,232000.0,7.7,20,Yes,18.0,Tier 3 - Nurture
PROS-101938,Education,North,1-9 employees,93000.0,14.8,24,Yes,24.0,Tier 3 - Nurture
PROS-101939,Professional Services,North,10-49 employees,617000.0,58.9,35,Yes,58.2,Tier 2 - Warm
PROS-101940,Retail Trade,West,1-9 employees,182000.0,78.1,34,Yes,57.8,Tier 2 - Warm
PROS-101941,Professional Services,Central,10-49 employees,720000.0,38.1,23,No,40.3,Tier 2 - Warm
PROS-101942,Wholesale Distribution,East,50-249 employees,2487000.0,63.9,37,No,69.4,Tier 1 - Priority
PROS-101943,Manufacturing,North,10-49 employees,5608000.0,44.1,15,Yes,36.4,Tier 2 - Warm
PROS-101944,Construction,Central,10-49 employees,808000.0,28.9,1,No,19.1,Tier 3 - Nurture
PROS-101945,Retail Trade,East,1-9 employees,2238000.0,70.9,30,Yes,51.7,Tier 2 - Warm
PROS-101946,Retail Trade,West,250-999 employees,1131000.0,45.9,30,Yes,64.0,Tier 2 - Warm
PROS-101947,Education,North,10-49 employees,479000.0,23.8,2,No,17.9,Tier 3 - Nurture
PROS-101948,Manufacturing,East,1-9 employees,88000.0,12.8,13,No,14.5,Tier 3 - Nurture
PROS-101949,Construction,North,250-999 employees,4365000.0,23.4,11,No,39.8,Tier 2 - Warm
PROS-101950,Education,West,50-249 employees,230000.0,35.5,21,Yes,45.1,Tier 2 - Warm
PROS-101951,Technology,South,10-49 employees,3339000.0,30.0,12,Yes,28.3,Tier 3 - Nurture
PROS-101952,Manufacturing,Central,250-999 employees,1317000.0,58.8,30,No,69.3,Tier 1 - Priority
PROS-101953,Healthcare,North,1-9 employees,249000.0,15.2,23,No,23.4,Tier 3 - Nurture
PROS-101954,Education,West,50-249 employees,1028000.0,41.8,34,No,58.0,Tier 2 - Warm
PROS-101955,Healthcare,North,50-249 employees,7619000.0,33.849999999999994,33,Yes,53.9,Tier 2 - Warm
PROS-101956,Transportation & Logistics,West,10-49 employees,3950000.0,24.2,12,No,25.9,Tier 3 - Nurture
PROS-101957,Transportation & Logistics,East,1-9 employees,415000.0,34.6,22,Yes,30.6,Tier 3 - Nurture
PROS-101958,Technology,Central,1-9 employees,333000.0,21.4,25,Yes,27.5,Tier 3 - Nurture
PROS-101959,Retail Trade,West,250-999 employees,814000.0,52.5,18,No,57.2,Tier 2 - Warm
PROS-101960,Wholesale Distribution,South,1-9 employees,608000.0,10.9,38,No,33.5,Tier 2 - Warm
PROS-101961,Education,North,1-9 employees,2730000.0,23.6,3,No,11.1,Tier 3 - Nurture
PROS-101962,Retail Trade,East,50-249 employees,1645000.0,39.0,36,Yes,58.4,Tier 2 - Warm
PROS-101963,Wholesale Distribution,East,50-249 employees,113000.0,61.8,38,Yes,69.3,Tier 1 - Priority
PROS-101964,Wholesale Distribution,North,1-9 employees,1208000.0,44.2,15,Yes,28.9,Tier 3 - Nurture
PROS-101965,Hospitality,East,50-249 employees,599000.0,41.5,12,Yes,40.5,Tier 2 - Warm
PROS-101966,Construction,South,10-49 employees,760000.0,16.7,2,No,14.9,Tier 3 - Nurture
PROS-101967,Healthcare,South,50-249 employees,959000.0,37.1,6,No,33.9,Tier 2 - Warm
PROS-101968,Wholesale Distribution,North,1-9 employees,2727000.0,39.4,10,No,23.0,Tier 3 - Nurture
PROS-101969,Retail Trade,South,1-9 employees,2138000.0,33.6,33,No,38.8,Tier 2 - Warm
PROS-101970,Wholesale Distribution,South,10-49 employees,320000.0,66.2,31,Yes,58.1,Tier 2 - Warm
PROS-101971,Education,North,1-9 employees,684000.0,17.6,35,Yes,33.9,Tier 2 - Warm
PROS-101972,Technology,East,10-49 employees,445000.0,11.8,13,No,21.6,Tier 3 - Nurture
PROS-101973,Construction,South,1-9 employees,115000.0,39.7,12,Yes,24.7,Tier 3 - Nurture
PROS-101974,Transportation & Logistics,North,50-249 employees,647000.0,53.9,32,Yes,61.3,Tier 2 - Warm
PROS-101975,Manufacturing,East,250-999 employees,5550000.0,44.3,22,No,57.0,Tier 2 - Warm
PROS-101976,Education,North,50-249 employees,111000.0,55.5,3,Yes,39.1,Tier 2 - Warm
PROS-101977,Construction,Central,1000+ employees,710000.0,72.2,31,No,83.0,Tier 1 - Priority
PROS-101978,Manufacturing,East,250-999 employees,686000.0,34.150000000000006,4,No,38.7,Tier 2 - Warm
PROS-101979,Hospitality,Central,10-49 employees,1001000.0,14.6,1,No,13.3,Tier 3 - Nurture
PROS-101980,Technology,Central,10-49 employees,253000.0,61.4,37,Yes,60.8,Tier 2 - Warm
PROS-101981,Technology,Central,250-999 employees,152000.0,29.4,39,No,64.3,Tier 2 - Warm
PROS-101982,Manufacturing,East,250-999 employees,160000.0,36.8,28,Yes,58.7,Tier 2 - Warm
PROS-101983,Hospitality,East,1000+ employees,3154000.0,47.9,13,No,58.9,Tier 2 - Warm
PROS-101984,Technology,West,50-249 employees,247000.0,47.1,7,Yes,38.8,Tier 2 - Warm
PROS-101985,Hospitality,North,1-9 employees,421000.0,89.2,19,Yes,50.5,Tier 2 - Warm
PROS-101986,Wholesale Distribution,Central,250-999 employees,7386000.0,47.6,21,No,57.6,Tier 2 - Warm
PROS-101987,Professional Services,South,250-999 employees,325000.0,12.4,2,Yes,28.2,Tier 3 - Nurture
PROS-101988,Professional Services,North,50-249 employees,1063000.0,82.7,26,Yes,68.4,Tier 1 - Priority
PROS-101989,Education,South,250-999 employees,2351000.0,64.9,2,No,49.6,Tier 2 - Warm
PROS-101990,Transportation & Logistics,South,10-49 employees,2230000.0,38.150000000000006,20,Yes,37.9,Tier 2 - Warm
PROS-101991,Healthcare,North,250-999 employees,169000.0,52.9,5,Yes,47.1,Tier 2 - Warm
PROS-101992,Professional Services,West,1-9 employees,333000.0,26.6,2,Yes,11.5,Tier 3 - Nurture
PROS-101993,Technology,North,250-999 employees,1017000.0,54.6,13,Yes,54.1,Tier 2 - Warm
PROS-101994,Hospitality,Central,1-9 employees,6089000.0,18.7,23,Yes,24.8,Tier 3 - Nurture
PROS-101995,Manufacturing,East,1-9 employees,316000.0,34.9,36,Yes,41.7,Tier 2 - Warm
PROS-101996,Transportation & Logistics,West,1-9 employees,424000.0,25.5,3,Yes,11.8,Tier 3 - Nurture
PROS-101997,Education,South,10-49 employees,1157000.0,43.7,21,Yes,41.0,Tier 2 - Warm
PROS-101998,Professional Services,North,1-9 employees,724000.0,42.9,30,Yes,40.3,Tier 2 - Warm
PROS-101999,Professional Services,North,1000+ employees,1542000.0,10.7,13,Yes,43.7,Tier 2 - Warm
PROS-102000,Wholesale Distribution,West,10-49 employees,288000.0,47.7,32,Yes,51.3,Tier 2 - Warm
PROS-102001,Manufacturing,West,250-999 employees,406000.0,12.3,18,Yes,40.8,Tier 2 - Warm
PROS-102002,Construction,South,1-9 employees,925000.0,54.1,1,Yes,21.9,Tier 3 - Nurture
PROS-102003,Healthcare,South,1-9 employees,2924000.0,48.5,11,No,27.5,Tier 3 - Nurture
PROS-102004,Hospitality,Central,50-249 employees,561000.0,30.7,17,Yes,40.0,Tier 2 - Warm
PROS-102005,Retail Trade,Central,50-249 employees,712000.0,11.2,25,Yes,38.4,Tier 2 - Warm
PROS-102006,Healthcare,East,10-49 employees,236000.0,51.6,6,No,32.4,Tier 3 - Nurture
PROS-102007,Retail Trade,South,50-249 employees,5663000.0,59.5,20,No,54.1,Tier 2 - Warm
PROS-102008,Hospitality,South,50-249 employees,864000.0,23.7,31,No,48.2,Tier 2 - Warm
PROS-102009,Technology,East,10-49 employees,2387000.0,39.9,15,No,34.7,Tier 2 - Warm
PROS-102010,Healthcare,East,1000+ employees,705500.0,30.5,8,Yes,47.8,Tier 2 - Warm
PROS-102011,Construction,North,50-249 employees,801000.0,92.7,27,No,73.2,Tier 1 - Priority
PROS-102012,Retail Trade,North,50-249 employees,140000.0,31.8,25,No,46.8,Tier 2 - Warm
PROS-102013,Education,East,10-49 employees,68000.0,40.8,16,No,35.8,Tier 2 - Warm
PROS-102014,Technology,West,1-9 employees,2891000.0,77.3,33,Yes,56.7,Tier 2 - Warm
PROS-102015,Construction,North,1-9 employees,795000.0,39.3,32,Yes,40.4,Tier 2 - Warm
PROS-102016,Healthcare,East,50-249 employees,738500.0,43.0,5,Yes,35.6,Tier 2 - Warm
PROS-102017,Hospitality,North,50-249 employees,185000.0,42.8,24,Yes,50.5,Tier 2 - Warm
PROS-102018,Hospitality,South,1-9 employees,270000.0,46.5,25,No,37.8,Tier 2 - Warm
PROS-102019,Healthcare,West,10-49 employees,2347000.0,28.2,8,No,24.4,Tier 3 - Nurture
PROS-102020,Construction,South,1-9 employees,4946000.0,38.599999999999994,8,Yes,21.1,Tier 3 - Nurture
PROS-102021,Technology,South,1-9 employees,368000.0,53.1,7,Yes,26.3,Tier 3 - Nurture
PROS-102022,Technology,Central,250-999 employees,1527000.0,39.7,13,Yes,48.0,Tier 2 - Warm
PROS-102023,Transportation & Logistics,North,10-49 employees,899000.0,16.8,10,Yes,21.3,Tier 3 - Nurture
PROS-102024,Manufacturing,North,1-9 employees,724000.0,55.8,28,No,44.0,Tier 2 - Warm
PROS-102025,Healthcare,Central,10-49 employees,5594000.0,42.5,36,Yes,52.3,Tier 2 - Warm
PROS-102026,Technology,East,10-49 employees,443000.0,43.1,18,Yes,38.4,Tier 2 - Warm
PROS-102027,Education,North,50-249 employees,2856000.0,54.7,33,Yes,62.4,Tier 2 - Warm
PROS-102028,Transportation & Logistics,East,1000+ employees,1110000.0,40.5,20,Yes,61.4,Tier 2 - Warm
PROS-102029,Construction,East,10-49 employees,716000.0,37.2,38,No,51.7,Tier 2 - Warm
PROS-102030,Transportation & Logistics,South,10-49 employees,3299000.0,25.6,16,Yes,29.6,Tier 3 - Nurture
PROS-102031,Retail Trade,East,10-49 employees,1004000.0,69.5,30,No,58.6,Tier 2 - Warm
PROS-102032,Manufacturing,West,10-49 employees,656000.0,52.6,33,No,54.1,Tier 2 - Warm
PROS-102033,Technology,South,1-9 employees,3326000.0,17.6,36,Yes,34.7,Tier 2 - Warm
PROS-102034,Education,Central,1-9 employees,2883000.0,48.4,16,Yes,31.5,Tier 3 - Nurture
PROS-102035,Wholesale Distribution,East,250-999 employees,676000.0,40.4,14,Yes,49.1,Tier 2 - Warm
PROS-102036,Transportation & Logistics,Central,10-49 employees,10000.0,55.9,1,Yes,30.2,Tier 3 - Nurture
PROS-102037,Manufacturing,North,10-49 employees,1184000.0,36.8,25,Yes,41.3,Tier 2 - Warm
PROS-102038,Education,South,1-9 employees,921000.0,13.2,22,Yes,21.8,Tier 3 - Nurture
PROS-102039,Healthcare,West,50-249 employees,702000.0,27.5,16,Yes,37.9,Tier 2 - Warm
PROS-102040,Professional Services,Central,1-9 employees,1427000.0,38.0,9,Yes,21.7,Tier 3 - Nurture
PROS-102041,Wholesale Distribution,South,10-49 employees,972000.0,30.7,34,No,45.9,Tier 2 - Warm
PROS-102042,Hospitality,Central,50-249 employees,738500.0,49.3,39,No,65.0,Tier 2 - Warm
PROS-102043,Hospitality,North,10-49 employees,543000.0,30.0,39,Yes,49.6,Tier 2 - Warm
PROS-102044,Professional Services,East,250-999 employees,3790000.0,39.9,18,Yes,52.1,Tier 2 - Warm
PROS-102045,Education,South,1-9 employees,1718000.0,45.0,30,No,41.1,Tier 2 - Warm
PROS-102046,Healthcare,East,50-249 employees,1325000.0,20.4,33,Yes,48.4,Tier 2 - Warm
PROS-102047,Transportation & Logistics,Central,1000+ employees,1256000.0,20.5,31,Yes,61.9,Tier 2 - Warm
PROS-102048,Hospitality,West,10-49 employees,2605000.0,27.9,14,Yes,29.0,Tier 3 - Nurture
PROS-102049,Technology,West,50-249 employees,2244000.0,16.1,35,Yes,48.3,Tier 2 - Warm
PROS-102050,Retail Trade,South,10-49 employees,644000.0,51.8,26,Yes,48.2,Tier 2 - Warm
PROS-102051,Construction,Central,50-249 employees,2168000.0,66.5,4,No,44.4,Tier 2 - Warm
PROS-102052,Construction,East,250-999 employees,883000.0,19.8,7,No,35.2,Tier 2 - Warm
PROS-102053,Education,West,50-249 employees,6008000.0,69.7,19,No,57.5,Tier 2 - Warm
PROS-102054,Hospitality,West,250-999 employees,2440000.0,57.2,37,No,74.1,Tier 1 - Priority
PROS-102055,Construction,West,10-49 employees,367000.0,41.6,29,Yes,46.4,Tier 2 - Warm
PROS-102056,Hospitality,West,10-49 employees,749000.0,21.6,26,No,35.9,Tier 2 - Warm
PROS-102057,Hospitality,East,1-9 employees,72000.0,37.2,24,No,33.2,Tier 2 - Warm
PROS-102058,Construction,West,50-249 employees,1470000.0,43.1,36,No,60.1,Tier 2 - Warm
PROS-102059,Healthcare,Central,250-999 employees,339000.0,17.8,22,No,46.2,Tier 2 - Warm
PROS-102060,Wholesale Distribution,South,10-49 employees,5783000.0,50.5,16,No,39.8,Tier 2 - Warm
PROS-102061,Transportation & Logistics,East,1-9 employees,963000.0,15.1,16,Yes,17.8,Tier 3 - Nurture
PROS-102062,Retail Trade,North,10-49 employees,305000.0,57.0,21,Yes,46.4,Tier 2 - Warm
PROS-102063,Hospitality,South,50-249 employees,544000.0,78.9,9,No,53.4,Tier 2 - Warm
PROS-102064,Transportation & Logistics,West,250-999 employees,333000.0,38.6,38,No,67.3,Tier 1 - Priority
PROS-102065,Transportation & Logistics,West,1-9 employees,521000.0,30.5,36,Yes,39.9,Tier 2 - Warm
PROS-102066,Hospitality,South,1-9 employees,508000.0,63.6,15,Yes,36.9,Tier 2 - Warm
PROS-102067,Education,East,10-49 employees,319000.0,67.1,29,Yes,56.9,Tier 2 - Warm
PROS-102068,Construction,Central,1-9 employees,982000.0,46.1,31,Yes,42.4,Tier 2 - Warm
PROS-102069,Healthcare,North,1000+ employees,1122000.0,33.9,24,Yes,61.8,Tier 2 - Warm
PROS-102070,Retail Trade,North,10-49 employees,244000.0,71.6,5,Yes,39.7,Tier 2 - Warm
PROS-102071,Technology,South,10-49 employees,118000.0,17.2,4,Yes,16.7,Tier 3 - Nurture
PROS-102072,Healthcare,West,1-9 employees,1027000.0,57.3,28,No,44.6,Tier 2 - Warm
PROS-102073,Construction,South,10-49 employees,1309000.0,52.8,5,Yes,32.1,Tier 3 - Nurture
PROS-102074,Technology,Central,1000+ employees,1629000.0,26.3,33,No,65.8,Tier 2 - Warm
PROS-102075,Healthcare,Central,10-49 employees,1337000.0,24.7,17,Yes,30.1,Tier 3 - Nurture
PROS-102076,Healthcare,East,1-9 employees,4114000.0,12.4,32,Yes,29.4,Tier 3 - Nurture
PROS-102077,Healthcare,South,1-9 employees,2184000.0,23.4,5,No,12.6,Tier 3 - Nurture
PROS-102078,Professional Services,North,1000+ employees,13906000.0,20.4,16,No,50.0,Tier 2 - Warm
PROS-102079,Retail Trade,Central,1000+ employees,22092000.0,12.3,6,No,38.8,Tier 2 - Warm
PROS-102080,Wholesale Distribution,Central,1-9 employees,105000.0,41.9,20,No,32.0,Tier 3 - Nurture
PROS-102081,Manufacturing,East,10-49 employees,65000.0,33.5,4,Yes,23.4,Tier 3 - Nurture
PROS-102082,Construction,East,1-9 employees,724000.0,67.7,11,Yes,35.4,Tier 2 - Warm
PROS-102083,Technology,West,10-49 employees,1270000.0,38.3,12,No,31.7,Tier 3 - Nurture
PROS-102084,Retail Trade,West,1-9 employees,671000.0,58.7,20,Yes,38.8,Tier 2 - Warm
PROS-102085,Technology,North,50-249 employees,1582000.0,41.7,1,Yes,31.9,Tier 3 - Nurture
PROS-102086,Hospitality,West,250-999 employees,542000.0,60.1,13,Yes,56.4,Tier 2 - Warm
PROS-102087,Technology,Central,1-9 employees,340000.0,50.8,29,No,42.7,Tier 2 - Warm
PROS-102088,Construction,West,10-49 employees,401000.0,27.0,16,Yes,30.2,Tier 3 - Nurture
PROS-102089,Manufacturing,East,1-9 employees,585000.0,45.0,24,Yes,36.4,Tier 2 - Warm
PROS-102090,Wholesale Distribution,East,1-9 employees,1845000.0,26.0,34,Yes,36.5,Tier 2 - Warm
PROS-102091,Construction,South,1-9 employees,427000.0,38.599999999999994,20,Yes,30.6,Tier 3 - Nurture
PROS-102092,Wholesale Distribution,West,1-9 employees,531000.0,19.6,35,Yes,34.7,Tier 2 - Warm
PROS-102093,Retail Trade,South,1000+ employees,1366000.0,37.15,39,Yes,75.0,Tier 1 - Priority
PROS-102094,Retail Trade,South,1-9 employees,724000.0,68.0,21,No,43.4,Tier 2 - Warm
PROS-102095,Hospitality,South,250-999 employees,2491000.0,35.4,19,Yes,51.0,Tier 2 - Warm
PROS-102096,Education,South,1-9 employees,265000.0,61.7,13,No,34.5,Tier 2 - Warm
PROS-102097,Wholesale Distribution,South,10-49 employees,209000.0,41.1,34,Yes,50.2,Tier 2 - Warm
PROS-102098,Hospitality,North,10-49 employees,1020000.0,40.6,31,Yes,47.6,Tier 2 - Warm
PROS-102099,Professional Services,West,250-999 employees,1138000.0,33.3,8,No,41.5,Tier 2 - Warm
PROS-102100,Education,East,1-9 employees,282000.0,55.5,26,Yes,42.2,Tier 2 - Warm
PROS-102101,Technology,Central,1-9 employees,3198000.0,40.5,11,Yes,24.3,Tier 3 - Nurture
PROS-102102,Retail Trade,North,50-249 employees,6061000.0,38.2,39,Yes,60.4,Tier 2 - Warm
PROS-102103,Retail Trade,West,50-249 employees,366000.0,82.3,13,Yes,57.9,Tier 2 - Warm
PROS-102104,Wholesale Distribution,North,50-249 employees,3745000.0,15.7,4,Yes,23.6,Tier 3 - Nurture
PROS-102105,Professional Services,East,1-9 employees,53000.0,22.1,39,No,38.9,Tier 2 - Warm
PROS-102106,Hospitality,East,1-9 employees,2383000.0,45.9,24,Yes,36.7,Tier 2 - Warm
PROS-102107,Retail Trade,East,50-249 employees,284000.0,29.2,36,Yes,54.4,Tier 2 - Warm
PROS-102108,Professional Services,West,10-49 employees,2134000.0,70.2,35,Yes,62.9,Tier 2 - Warm
PROS-102109,Professional Services,Central,10-49 employees,253000.0,48.4,18,Yes,40.5,Tier 2 - Warm
PROS-102110,Professional Services,South,1-9 employees,676000.0,38.9,18,Yes,29.2,Tier 3 - Nurture
PROS-102111,Technology,Central,1-9 employees,299000.0,40.2,33,Yes,41.5,Tier 2 - Warm
PROS-102112,Education,North,250-999 employees,577000.0,10.7,15,Yes,37.8,Tier 2 - Warm
PROS-102113,Education,South,50-249 employees,5460000.0,86.2,10,Yes,57.2,Tier 2 - Warm
PROS-102114,Hospitality,South,1-9 employees,648000.0,45.4,23,Yes,35.8,Tier 2 - Warm
PROS-102115,Professional Services,Central,250-999 employees,7432000.0,38.1,24,No,56.1,Tier 2 - Warm
PROS-102116,Education,North,10-49 employees,477000.0,57.6,33,No,56.1,Tier 2 - Warm
PROS-102117,Transportation & Logistics,South,1-9 employees,3764000.0,34.1,7,No,18.5,Tier 3 - Nurture
PROS-102118,Transportation & Logistics,East,10-49 employees,122000.0,24.5,19,Yes,31.6,Tier 3 - Nurture
PROS-102119,Hospitality,Central,50-249 employees,532000.0,14.3,23,Yes,38.0,Tier 2 - Warm
PROS-102120,Hospitality,East,10-49 employees,404000.0,7.5,38,Yes,39.6,Tier 2 - Warm
PROS-102121,Education,Central,10-49 employees,3959000.0,18.0,9,Yes,21.0,Tier 3 - Nurture
PROS-102122,Transportation & Logistics,West,50-249 employees,894000.0,26.6,25,No,44.7,Tier 2 - Warm
PROS-102123,Technology,West,1-9 employees,73000.0,23.0,23,No,26.6,Tier 3 - Nurture
PROS-102124,Hospitality,West,250-999 employees,173000.0,32.2,38,Yes,64.7,Tier 2 - Warm
PROS-102125,Professional Services,North,10-49 employees,239000.0,56.8,17,Yes,43.2,Tier 2 - Warm
PROS-102126,Construction,East,10-49 employees,2038000.0,18.6,8,No,20.5,Tier 3 - Nurture
PROS-102127,Technology,East,50-249 employees,1768000.0,42.1,22,Yes,48.6,Tier 2 - Warm
PROS-102128,Manufacturing,South,10-49 employees,524000.0,11.4,34,No,38.0,Tier 2 - Warm
PROS-102129,Construction,North,10-49 employees,399000.0,39.3,7,No,28.1,Tier 3 - Nurture
PROS-102130,Hospitality,North,10-49 employees,1604000.0,34.1,28,No,42.6,Tier 2 - Warm
PROS-102131,Education,West,250-999 employees,211000.0,38.7,20,Yes,53.1,Tier 2 - Warm
PROS-102132,Transportation & Logistics,West,50-249 employees,1207000.0,24.5,32,Yes,49.3,Tier 2 - Warm
PROS-102133,Construction,South,50-249 employees,1099000.0,25.0,13,No,34.5,Tier 2 - Warm
PROS-102134,Healthcare,West,1-9 employees,539000.0,20.4,34,Yes,34.2,Tier 2 - Warm
PROS-102135,Technology,West,10-49 employees,1130000.0,71.3,6,No,40.4,Tier 2 - Warm
PROS-102136,Transportation & Logistics,Central,10-49 employees,749000.0,32.4,21,Yes,36.4,Tier 2 - Warm
PROS-102137,Manufacturing,Central,1-9 employees,1261000.0,30.2,20,Yes,27.2,Tier 3 - Nurture
PROS-102138,Transportation & Logistics,Central,50-249 employees,168000.0,47.3,11,Yes,42.1,Tier 2 - Warm
PROS-102139,Healthcare,North,1-9 employees,1434000.0,21.5,6,No,12.6,Tier 3 - Nurture
PROS-102140,Hospitality,West,1-9 employees,2256000.0,77.0,37,Yes,59.7,Tier 2 - Warm
PROS-102141,Wholesale Distribution,South,1-9 employees,1038000.0,34.7,17,Yes,26.6,Tier 3 - Nurture
PROS-102142,Education,East,1-9 employees,1413000.0,62.2,37,Yes,53.7,Tier 2 - Warm
PROS-102143,Technology,West,1-9 employees,646000.0,32.4,13,No,22.5,Tier 3 - Nurture
PROS-102144,Construction,West,10-49 employees,1944000.0,62.9,26,No,52.8,Tier 2 - Warm
PROS-102145,Healthcare,East,10-49 employees,784000.0,34.3,22,Yes,37.9,Tier 2 - Warm
PROS-102146,Retail Trade,Central,1-9 employees,206000.0,39.6,16,Yes,27.9,Tier 3 - Nurture
PROS-102147,Education,North,1-9 employees,1798000.0,59.4,19,No,38.3,Tier 2 - Warm
PROS-102148,Wholesale Distribution,North,50-249 employees,121000.0,53.6,10,No,43.8,Tier 2 - Warm
PROS-102149,Wholesale Distribution,North,1-9 employees,996000.0,34.5,6,Yes,17.9,Tier 3 - Nurture
PROS-102150,Construction,Central,10-49 employees,478000.0,52.6,27,Yes,49.4,Tier 2 - Warm
PROS-102151,Construction,East,10-49 employees,446000.0,28.1,11,No,26.7,Tier 3 - Nurture
PROS-102152,Wholesale Distribution,East,10-49 employees,881000.0,56.6,21,No,46.3,Tier 2 - Warm
PROS-102153,Transportation & Logistics,West,250-999 employees,334000.0,48.0,22,Yes,58.5,Tier 2 - Warm
PROS-102154,Hospitality,East,10-49 employees,749000.0,41.5,39,Yes,54.3,Tier 2 - Warm
PROS-102155,Healthcare,East,1000+ employees,776000.0,40.8,33,No,71.8,Tier 1 - Priority
PROS-102156,Healthcare,North,250-999 employees,370000.0,24.7,8,Yes,38.0,Tier 2 - Warm
PROS-102157,Technology,North,1-9 employees,3179000.0,33.6,3,No,15.1,Tier 3 - Nurture
PROS-102158,Wholesale Distribution,Central,1-9 employees,914000.0,37.1,38,No,44.2,Tier 2 - Warm
PROS-102159,Construction,East,1-9 employees,1460000.0,5.4,4,Yes,4.4,Tier 3 - Nurture
PROS-102160,Wholesale Distribution,North,10-49 employees,3465000.0,43.2,28,Yes,46.3,Tier 2 - Warm
PROS-102161,Professional Services,South,10-49 employees,3403000.0,24.8,32,Yes,41.9,Tier 2 - Warm
PROS-102162,Healthcare,South,1-9 employees,1380000.0,27.1,34,No,37.0,Tier 2 - Warm
PROS-102163,Education,South,1-9 employees,523000.0,50.5,14,No,30.7,Tier 3 - Nurture
PROS-102164,Education,South,10-49 employees,151000.0,23.0,14,No,27.0,Tier 3 - Nurture
PROS-102165,Education,West,50-249 employees,916000.0,27.5,11,No,34.0,Tier 2 - Warm
PROS-102166,Construction,North,50-249 employees,2432000.0,39.3,7,No,35.6,Tier 2 - Warm
PROS-102167,Wholesale Distribution,South,1000+ employees,1077000.0,13.1,9,No,41.5,Tier 2 - Warm
PROS-102168,Education,East,1-9 employees,16000.0,39.7,8,Yes,21.6,Tier 3 - Nurture
PROS-102169,Education,East,10-49 employees,1899000.0,27.3,38,No,47.7,Tier 2 - Warm
PROS-102170,Manufacturing,Central,1000+ employees,2032000.0,47.4,19,Yes,63.4,Tier 2 - Warm
PROS-102171,Hospitality,Central,50-249 employees,524000.0,23.1,20,No,39.3,Tier 2 - Warm
PROS-102172,Education,South,10-49 employees,2163000.0,27.0,25,Yes,37.3,Tier 2 - Warm
PROS-102173,Hospitality,East,10-49 employees,1455000.0,24.6,7,Yes,22.1,Tier 3 - Nurture
PROS-102174,Professional Services,North,1-9 employees,343000.0,64.1,39,Yes,56.0,Tier 2 - Warm
PROS-102175,Hospitality,West,250-999 employees,2953000.0,44.5,16,Yes,52.4,Tier 2 - Warm
PROS-102176,Retail Trade,North,10-49 employees,181000.0,23.8,20,No,32.1,Tier 3 - Nurture
PROS-102177,Healthcare,North,10-49 employees,685000.0,33.849999999999994,11,No,29.1,Tier 3 - Nurture
PROS-102178,Technology,West,10-49 employees,614000.0,9.0,12,No,19.7,Tier 3 - Nurture
PROS-102179,Healthcare,North,10-49 employees,294000.0,10.1,7,Yes,16.2,Tier 3 - Nurture
PROS-102180,Technology,East,1-9 employees,1019000.0,41.2,20,No,31.7,Tier 3 - Nurture
PROS-102181,Professional Services,North,50-249 employees,3083000.0,28.9,39,Yes,56.6,Tier 2 - Warm
PROS-102182,Technology,West,10-49 employees,2878000.0,40.3,1,Yes,23.8,Tier 3 - Nurture
PROS-102183,Technology,West,1-9 employees,1617000.0,90.6,18,No,50.3,Tier 2 - Warm
PROS-102184,Technology,East,10-49 employees,113000.0,40.9,16,Yes,35.9,Tier 2 - Warm
PROS-102185,Professional Services,Central,250-999 employees,168000.0,65.3,27,No,69.5,Tier 1 - Priority
PROS-102186,Construction,East,10-49 employees,876000.0,43.8,29,Yes,47.3,Tier 2 - Warm
PROS-102187,Professional Services,North,10-49 employees,702000.0,36.6,36,No,49.9,Tier 2 - Warm
PROS-102188,Healthcare,North,10-49 employees,422000.0,38.3,10,No,30.1,Tier 3 - Nurture
PROS-102189,Transportation & Logistics,South,50-249 employees,5932000.0,35.5,9,Yes,35.7,Tier 2 - Warm
PROS-102190,Construction,South,50-249 employees,819000.0,89.0,19,Yes,65.4,Tier 2 - Warm
PROS-102191,Healthcare,South,250-999 employees,1325000.0,69.1,5,Yes,53.7,Tier 2 - Warm
PROS-102192,Professional Services,South,1-9 employees,2162000.0,2.8,19,Yes,15.2,Tier 3 - Nurture
PROS-102193,Professional Services,East,250-999 employees,775000.0,34.3,11,No,44.2,Tier 2 - Warm
PROS-102194,Technology,North,250-999 employees,12612000.0,36.7,13,No,46.8,Tier 2 - Warm
PROS-102195,Wholesale Distribution,West,10-49 employees,259000.0,57.8,28,Yes,52.3,Tier 2 - Warm
PROS-102196,Professional Services,South,10-49 employees,374000.0,31.1,6,Yes,24.0,Tier 3 - Nurture
PROS-102197,Wholesale Distribution,West,1-9 employees,259000.0,48.4,15,Yes,30.7,Tier 3 - Nurture
PROS-102198,Transportation & Logistics,East,10-49 employees,4069000.0,37.8,27,No,43.3,Tier 2 - Warm
PROS-102199,Retail Trade,Central,1-9 employees,1763000.0,55.4,20,Yes,37.5,Tier 2 - Warm
PROS-102200,Construction,East,1-9 employees,401000.0,16.4,34,No,32.6,Tier 3 - Nurture
PROS-102201,Manufacturing,South,1000+ employees,282000.0,69.5,1,No,58.2,Tier 2 - Warm
PROS-102202,Manufacturing,East,1-9 employees,3346000.0,25.7,16,Yes,22.2,Tier 3 - Nurture
PROS-102203,Construction,West,10-49 employees,1086000.0,41.6,1,Yes,24.3,Tier 3 - Nurture
PROS-102204,Healthcare,East,1-9 employees,3442000.0,33.6,3,Yes,15.1,Tier 3 - Nurture
PROS-102205,Hospitality,East,10-49 employees,683000.0,52.9,16,No,40.8,Tier 2 - Warm
PROS-102206,Retail Trade,East,10-49 employees,1280000.0,29.4,10,Yes,26.5,Tier 3 - Nurture
PROS-102207,Wholesale Distribution,South,1-9 employees,1015000.0,37.9,6,Yes,19.3,Tier 3 - Nurture
PROS-102208,Professional Services,South,10-49 employees,367000.0,10.1,38,No,40.7,Tier 2 - Warm
PROS-102209,Retail Trade,Central,1000+ employees,622000.0,45.8,31,Yes,72.2,Tier 1 - Priority
PROS-102210,Technology,West,10-49 employees,198000.0,8.3,17,Yes,23.4,Tier 3 - Nurture
PROS-102211,Hospitality,North,1000+ employees,1256000.0,3.5,38,Yes,60.5,Tier 2 - Warm
PROS-102212,Technology,Central,50-249 employees,1685000.0,9.3,4,Yes,21.0,Tier 3 - Nurture
PROS-102213,Retail Trade,West,10-49 employees,2168000.0,43.4,37,No,53.5,Tier 2 - Warm
PROS-102214,Retail Trade,North,1-9 employees,1518000.0,42.0,35,No,43.8,Tier 2 - Warm
PROS-102215,Construction,West,1-9 employees,633000.0,42.0,19,No,31.2,Tier 3 - Nurture
PROS-102216,Healthcare,East,250-999 employees,4022000.0,8.5,28,Yes,47.1,Tier 2 - Warm
PROS-102217,Education,Central,10-49 employees,1946000.0,57.2,12,Yes,39.4,Tier 2 - Warm
PROS-102218,Professional Services,East,10-49 employees,749000.0,15.8,38,Yes,43.0,Tier 2 - Warm
PROS-102219,Retail Trade,East,50-249 employees,3600000.0,12.0,19,Yes,34.0,Tier 2 - Warm
PROS-102220,Education,South,1-9 employees,635000.0,81.4,9,No,39.4,Tier 2 - Warm
PROS-102221,Retail Trade,South,50-249 employees,1118000.0,16.3,5,Yes,24.7,Tier 3 - Nurture
PROS-102222,Manufacturing,West,1-9 employees,1710000.0,38.0,28,Yes,36.7,Tier 2 - Warm
PROS-102223,Healthcare,Central,250-999 employees,206000.0,35.3,37,Yes,65.2,Tier 2 - Warm
PROS-102224,Healthcare,Central,1-9 employees,211000.0,54.6,27,Yes,42.7,Tier 2 - Warm
PROS-102225,Technology,West,1-9 employees,175000.0,33.7,27,No,34.1,Tier 2 - Warm
PROS-102226,Wholesale Distribution,West,50-249 employees,648000.0,25.8,31,No,49.1,Tier 2 - Warm
PROS-102227,Education,East,1-9 employees,506000.0,81.4,12,No,41.8,Tier 2 - Warm
PROS-102228,Professional Services,South,250-999 employees,150000.0,14.1,14,Yes,38.4,Tier 2 - Warm
PROS-102229,Education,West,50-249 employees,860000.0,32.3,30,Yes,50.9,Tier 2 - Warm
PROS-102230,Technology,South,1-9 employees,657000.0,60.9,26,No,44.5,Tier 2 - Warm
PROS-102231,Manufacturing,South,1-9 employees,2678000.0,42.6,10,No,24.3,Tier 3 - Nurture
PROS-102232,Education,Central,250-999 employees,6678000.0,11.1,3,No,28.5,Tier 3 - Nurture
PROS-102233,Retail Trade,East,10-49 employees,1205000.0,38.3,30,Yes,45.9,Tier 2 - Warm
PROS-102234,Transportation & Logistics,South,250-999 employees,676000.0,56.3,34,No,71.4,Tier 1 - Priority
PROS-102235,Hospitality,Central,1-9 employees,1486000.0,29.9,16,Yes,23.9,Tier 3 - Nurture
PROS-102236,Professional Services,Central,250-999 employees,676000.0,13.0,33,Yes,52.9,Tier 2 - Warm
PROS-102237,Professional Services,South,10-49 employees,560000.0,60.5,34,No,58.1,Tier 2 - Warm
PROS-102238,Healthcare,East,50-249 employees,283000.0,14.9,28,No,42.2,Tier 2 - Warm
PROS-102239,Wholesale Distribution,East,10-49 employees,438000.0,59.8,39,Yes,61.8,Tier 2 - Warm
PROS-102240,Professional Services,West,1-9 employees,600000.0,62.9,39,No,55.5,Tier 2 - Warm
PROS-102241,Technology,Central,1000+ employees,1766000.0,20.9,13,Yes,47.8,Tier 2 - Warm
PROS-102242,Healthcare,East,1000+ employees,1280000.0,6.1,36,Yes,60.0,Tier 2 - Warm
PROS-102243,Retail Trade,West,10-49 employees,5434000.0,65.7,22,No,50.8,Tier 2 - Warm
PROS-102244,Hospitality,East,250-999 employees,1532000.0,4.7,15,No,35.3,Tier 2 - Warm
PROS-102245,Wholesale Distribution,Central,1-9 employees,1163000.0,39.6,10,Yes,23.1,Tier 3 - Nurture
PROS-102246,Transportation & Logistics,East,1-9 employees,521000.0,3.1,27,No,21.6,Tier 3 - Nurture
PROS-102247,Retail Trade,South,1-9 employees,233000.0,15.3,32,Yes,30.6,Tier 3 - Nurture
PROS-102248,Retail Trade,East,10-49 employees,390000.0,10.2,8,Yes,17.0,Tier 3 - Nurture
PROS-102249,Healthcare,Central,1-9 employees,338000.0,75.6,20,No,45.7,Tier 2 - Warm
PROS-102250,Transportation & Logistics,West,10-49 employees,44000.0,25.7,35,No,44.7,Tier 2 - Warm
PROS-102251,Transportation & Logistics,North,1-9 employees,241000.0,34.6,39,No,44.0,Tier 2 - Warm
PROS-102252,Professional Services,North,50-249 employees,4250000.0,32.0,18,Yes,41.3,Tier 2 - Warm
PROS-102253,Transportation & Logistics,East,50-249 employees,1094000.0,77.1,35,No,73.2,Tier 1 - Priority
PROS-102254,Professional Services,Central,50-249 employees,482000.0,3.4,34,No,42.3,Tier 2 - Warm
PROS-102255,Technology,East,1-9 employees,1131000.0,39.3,11,Yes,23.8,Tier 3 - Nurture
PROS-102256,Hospitality,East,50-249 employees,85000.0,49.9,18,Yes,48.6,Tier 2 - Warm
PROS-102257,Technology,West,1-9 employees,995000.0,64.9,5,Yes,29.5,Tier 3 - Nurture
PROS-102258,Manufacturing,East,50-249 employees,2973000.0,41.5,1,Yes,31.8,Tier 3 - Nurture
PROS-102259,Education,Central,10-49 employees,638000.0,10.5,25,Yes,30.6,Tier 3 - Nurture
PROS-102260,Manufacturing,West,10-49 employees,104000.0,53.5,1,No,29.2,Tier 3 - Nurture
PROS-102261,Education,West,1-9 employees,463000.0,38.7,13,Yes,25.1,Tier 3 - Nurture
PROS-102262,Manufacturing,West,50-249 employees,2979000.0,3.2,7,No,20.9,Tier 3 - Nurture
PROS-102263,Transportation & Logistics,West,250-999 employees,969000.0,31.1,10,Yes,42.1,Tier 2 - Warm
PROS-102264,Retail Trade,North,50-249 employees,153000.0,64.2,10,No,48.2,Tier 2 - Warm
PROS-102265,Manufacturing,East,1000+ employees,9864000.0,16.9,22,No,53.3,Tier 2 - Warm
PROS-102266,Technology,North,250-999 employees,184000.0,67.4,31,Yes,73.6,Tier 1 - Priority
PROS-102267,Hospitality,East,1-9 employees,558000.0,70.5,21,Yes,44.4,Tier 2 - Warm
PROS-102268,Retail Trade,North,50-249 employees,233000.0,65.7,30,No,64.6,Tier 2 - Warm
PROS-102269,Education,East,1-9 employees,233000.0,57.0,21,Yes,38.9,Tier 2 - Warm
PROS-102270,Construction,South,10-49 employees,444000.0,70.4,27,Yes,56.6,Tier 2 - Warm
PROS-102271,Construction,North,1-9 employees,1469000.0,64.5,12,Yes,34.9,Tier 2 - Warm
PROS-102272,Professional Services,North,1000+ employees,3016000.0,36.6,13,Yes,54.3,Tier 2 - Warm
PROS-102273,Healthcare,East,50-249 employees,477000.0,77.0,7,No,51.0,Tier 2 - Warm
PROS-102274,Retail Trade,North,1-9 employees,240000.0,62.1,21,No,41.0,Tier 2 - Warm
PROS-102275,Healthcare,Central,10-49 employees,1235000.0,83.9,8,No,47.1,Tier 2 - Warm
PROS-102276,Professional Services,West,10-49 employees,1275000.0,34.1,25,No,40.2,Tier 2 - Warm
PROS-102277,Manufacturing,West,50-249 employees,950000.0,51.1,29,Yes,57.8,Tier 2 - Warm
PROS-102278,Construction,North,250-999 employees,988000.0,38.2,35,No,64.8,Tier 2 - Warm
PROS-102279,Technology,West,1-9 employees,644000.0,25.3,19,Yes,24.4,Tier 3 - Nurture
PROS-102280,Hospitality,West,10-49 employees,813000.0,46.9,39,Yes,56.5,Tier 2 - Warm
PROS-102281,Construction,South,10-49 employees,597000.0,34.9,19,Yes,35.8,Tier 2 - Warm
PROS-102282,Construction,North,10-49 employees,2367000.0,7.0,28,Yes,31.5,Tier 3 - Nurture
PROS-102283,Hospitality,East,10-49 employees,8464000.0,47.4,39,Yes,56.7,Tier 2 - Warm
PROS-102284,Technology,West,1-9 employees,889000.0,21.3,21,Yes,24.3,Tier 3 - Nurture
PROS-102285,Wholesale Distribution,North,1-9 employees,724000.0,34.5,36,Yes,41.6,Tier 2 - Warm
PROS-102286,Education,North,10-49 employees,967000.0,42.7,23,No,42.2,Tier 2 - Warm
PROS-102287,Wholesale Distribution,South,250-999 employees,354000.0,48.7,3,Yes,43.8,Tier 2 - Warm
PROS-102288,Education,East,1-9 employees,1692000.0,22.6,20,No,24.1,Tier 3 - Nurture
PROS-102289,Healthcare,East,1-9 employees,1185000.0,30.0,32,No,36.6,Tier 2 - Warm
PROS-102290,Construction,East,50-249 employees,459000.0,68.6,26,No,62.6,Tier 2 - Warm
PROS-102291,Construction,South,250-999 employees,1967000.0,33.7,10,Yes,43.2,Tier 2 - Warm
PROS-102292,Professional Services,North,10-49 employees,745000.0,54.6,12,Yes,38.3,Tier 2 - Warm
PROS-102293,Hospitality,North,1-9 employees,251000.0,15.9,29,Yes,28.4,Tier 3 - Nurture
PROS-102294,Hospitality,North,50-249 employees,1074000.0,35.8,32,Yes,53.9,Tier 2 - Warm
PROS-102295,Wholesale Distribution,West,10-49 employees,947000.0,37.15,7,Yes,27.3,Tier 3 - Nurture
PROS-102296,Retail Trade,West,50-249 employees,2098000.0,74.4,18,Yes,58.7,Tier 2 - Warm
PROS-102297,Healthcare,East,1-9 employees,1821000.0,39.5,6,No,19.9,Tier 3 - Nurture
PROS-102298,Professional Services,North,1-9 employees,647000.0,78.1,12,No,40.4,Tier 2 - Warm
PROS-102299,Wholesale Distribution,East,1-9 employees,434000.0,39.05,37,Yes,44.2,Tier 2 - Warm
PROS-102300,Professional Services,Central,50-249 employees,731000.0,14.0,2,Yes,21.3,Tier 3 - Nurture
PROS-102301,Retail Trade,South,10-49 employees,1088000.0,78.0,22,No,55.8,Tier 2 - Warm
PROS-102302,Transportation & Logistics,East,1-9 employees,1242000.0,8.8,18,No,16.9,Tier 3 - Nurture
PROS-102303,Wholesale Distribution,East,10-49 employees,1016000.0,51.7,14,No,38.7,Tier 2 - Warm
PROS-102304,Education,South,50-249 employees,660000.0,42.6,36,No,59.9,Tier 2 - Warm
PROS-102305,Manufacturing,East,1-9 employees,2184000.0,37.4,35,No,42.0,Tier 2 - Warm
PROS-102306,Construction,East,50-249 employees,738500.0,18.3,1,Yes,22.3,Tier 3 - Nurture
PROS-102307,Retail Trade,East,50-249 employees,11154000.0,84.6,12,Yes,58.1,Tier 2 - Warm
PROS-102308,Construction,West,10-49 employees,1689000.0,72.3,10,Yes,44.0,Tier 2 - Warm
PROS-102309,Transportation & Logistics,East,1000+ employees,705500.0,54.8,3,Yes,53.8,Tier 2 - Warm
PROS-102310,Professional Services,North,250-999 employees,894000.0,71.9,20,No,66.7,Tier 1 - Priority
PROS-102311,Manufacturing,North,1-9 employees,1706000.0,30.0,16,No,23.9,Tier 3 - Nurture
PROS-102312,Transportation & Logistics,East,1-9 employees,724000.0,34.6,16,No,25.8,Tier 3 - Nurture
PROS-102313,Manufacturing,Central,1-9 employees,141000.0,22.4,28,Yes,30.3,Tier 3 - Nurture
PROS-102314,Professional Services,North,1-9 employees,233000.0,70.7,38,No,57.9,Tier 2 - Warm
PROS-102315,Manufacturing,North,10-49 employees,1324000.0,36.8,26,Yes,42.1,Tier 2 - Warm
PROS-102316,Manufacturing,West,250-999 employees,676000.0,84.0,25,Yes,75.6,Tier 1 - Priority
PROS-102317,Healthcare,East,250-999 employees,148000.0,45.3,19,No,55.1,Tier 2 - Warm
PROS-102318,Wholesale Distribution,South,1-9 employees,1317000.0,37.3,16,Yes,26.9,Tier 3 - Nurture
PROS-102319,Hospitality,South,10-49 employees,571000.0,21.1,20,Yes,31.0,Tier 3 - Nurture
PROS-102320,Manufacturing,West,1-9 employees,339000.0,75.8,11,Yes,38.7,Tier 2 - Warm
PROS-102321,Manufacturing,East,10-49 employees,423000.0,10.3,21,Yes,27.3,Tier 3 - Nurture
PROS-102322,Construction,West,1-9 employees,145000.0,70.3,15,Yes,39.6,Tier 2 - Warm
PROS-102323,Technology,South,250-999 employees,1243000.0,28.3,15,No,45.0,Tier 2 - Warm
PROS-102324,Hospitality,East,250-999 employees,300000.0,41.5,34,Yes,65.3,Tier 2 - Warm
PROS-102325,Wholesale Distribution,Central,1-9 employees,405000.0,35.1,4,Yes,16.5,Tier 3 - Nurture
PROS-102326,Construction,South,50-249 employees,1068000.0,39.3,32,Yes,55.4,Tier 2 - Warm
PROS-102327,Retail Trade,South,10-49 employees,550000.0,37.15,7,Yes,27.3,Tier 3 - Nurture
PROS-102328,Manufacturing,North,50-249 employees,336000.0,3.9,15,No,27.5,Tier 3 - Nurture
PROS-102329,Retail Trade,West,10-49 employees,82000.0,32.2,29,No,42.6,Tier 2 - Warm
PROS-102330,Manufacturing,North,1-9 employees,1093000.0,14.8,36,No,33.5,Tier 2 - Warm
PROS-102331,Wholesale Distribution,South,10-49 employees,796000.0,14.4,32,No,37.7,Tier 2 - Warm
PROS-102332,Professional Services,West,1-9 employees,413000.0,49.8,29,No,42.3,Tier 2 - Warm
PROS-102333,Wholesale Distribution,North,10-49 employees,233000.0,29.4,16,Yes,31.2,Tier 3 - Nurture
PROS-102334,Transportation & Logistics,Central,1-9 employees,740000.0,9.9,15,No,14.9,Tier 3 - Nurture
PROS-102335,Transportation & Logistics,East,50-249 employees,1237000.0,15.0,13,Yes,30.4,Tier 3 - Nurture
PROS-102336,Healthcare,South,50-249 employees,812000.0,37.1,33,Yes,55.3,Tier 2 - Warm
PROS-102337,Wholesale Distribution,East,1-9 employees,4421000.0,9.3,24,No,21.8,Tier 3 - Nurture
PROS-102338,Manufacturing,West,10-49 employees,1584000.0,59.5,3,No,33.2,Tier 2 - Warm
PROS-102339,Manufacturing,East,50-249 employees,648000.0,87.1,1,Yes,50.4,Tier 2 - Warm
PROS-102340,Healthcare,Central,1-9 employees,1643000.0,19.1,5,No,10.8,Tier 3 - Nurture
PROS-102341,Construction,Central,10-49 employees,770000.0,18.8,23,Yes,32.4,Tier 3 - Nurture
PROS-102342,Transportation & Logistics,South,50-249 employees,767000.0,30.3,39,Yes,57.2,Tier 2 - Warm
PROS-102343,Hospitality,West,10-49 employees,3036000.0,16.3,19,Yes,28.2,Tier 3 - Nurture
PROS-102344,Transportation & Logistics,South,50-249 employees,272000.0,15.0,10,No,28.1,Tier 3 - Nurture
PROS-102345,Professional Services,Central,10-49 employees,748000.0,12.4,18,No,25.8,Tier 3 - Nurture
PROS-102346,Construction,South,10-49 employees,749000.0,16.6,28,No,35.4,Tier 2 - Warm
PROS-102347,Hospitality,South,1-9 employees,1025000.0,66.7,1,Yes,27.1,Tier 3 - Nurture
PROS-102348,Professional Services,West,1-9 employees,486000.0,41.7,26,Yes,36.6,Tier 2 - Warm
PROS-102349,Transportation & Logistics,West,1-9 employees,112000.0,60.4,37,Yes,52.9,Tier 2 - Warm
PROS-102350,Transportation & Logistics,North,250-999 employees,60000.0,33.4,37,No,64.4,Tier 2 - Warm
PROS-102351,Hospitality,East,250-999 employees,7158000.0,37.4,7,No,42.4,Tier 2 - Warm
PROS-102352,Hospitality,South,50-249 employees,1024000.0,29.8,39,No,57.0,Tier 2 - Warm
PROS-102353,Healthcare,West,1-9 employees,384000.0,34.2,5,Yes,17.0,Tier 3 - Nurture
PROS-102354,Construction,East,10-49 employees,1071000.0,38.3,19,Yes,37.2,Tier 2 - Warm
PROS-102355,Construction,Central,50-249 employees,257000.0,60.7,16,Yes,51.5,Tier 2 - Warm
PROS-102356,Healthcare,Central,50-249 employees,507000.0,28.5,27,Yes,47.0,Tier 2 - Warm
PROS-102357,Professional Services,West,1-9 employees,259000.0,33.5,31,No,37.2,Tier 2 - Warm
PROS-102358,Technology,West,250-999 employees,154000.0,35.0,24,Yes,54.8,Tier 2 - Warm
PROS-102359,Professional Services,Central,1-9 employees,72000.0,58.5,30,No,46.6,Tier 2 - Warm
PROS-102360,Technology,North,1-9 employees,126000.0,66.8,39,Yes,57.1,Tier 2 - Warm
PROS-102361,Hospitality,West,250-999 employees,2243000.0,39.6,20,No,53.5,Tier 2 - Warm
PROS-102362,Education,West,10-49 employees,749000.0,63.8,23,No,50.8,Tier 2 - Warm
PROS-102363,Retail Trade,North,10-49 employees,1314000.0,44.9,22,No,42.3,Tier 2 - Warm
PROS-102364,Hospitality,Central,10-49 employees,2089000.0,16.7,11,No,22.1,Tier 3 - Nurture
PROS-102365,Manufacturing,West,1000+ employees,743000.0,33.6,18,Yes,57.0,Tier 2 - Warm
PROS-102366,Construction,South,1-9 employees,525000.0,53.3,22,Yes,38.2,Tier 2 - Warm
PROS-102367,Retail Trade,East,50-249 employees,844000.0,16.4,1,Yes,21.5,Tier 3 - Nurture
PROS-102368,Retail Trade,East,1-9 employees,461000.0,48.7,16,Yes,31.6,Tier 3 - Nurture
PROS-102369,Retail Trade,Central,1-9 employees,2742000.0,38.3,11,No,23.4,Tier 3 - Nurture
PROS-102370,Manufacturing,Central,10-49 employees,5747000.0,64.7,26,Yes,53.5,Tier 2 - Warm
PROS-102371,Wholesale Distribution,Central,10-49 employees,3594000.0,13.1,16,Yes,24.5,Tier 3 - Nurture
PROS-102372,Manufacturing,West,1-9 employees,68000.0,19.4,6,No,11.7,Tier 3 - Nurture
PROS-102373,Construction,North,10-49 employees,451000.0,46.2,22,No,42.8,Tier 2 - Warm
PROS-102374,Technology,Central,10-49 employees,733000.0,60.6,18,No,45.5,Tier 2 - Warm
PROS-102375,Education,North,10-49 employees,1214000.0,55.3,26,Yes,49.7,Tier 2 - Warm
PROS-102376,Wholesale Distribution,North,50-249 employees,109000.0,64.8,29,Yes,63.4,Tier 2 - Warm
PROS-102377,Retail Trade,North,50-249 employees,107000.0,60.8,39,Yes,69.7,Tier 1 - Priority
PROS-102378,Education,Central,10-49 employees,3071000.0,78.1,25,No,58.2,Tier 2 - Warm
PROS-102379,Technology,East,10-49 employees,394000.0,20.8,20,No,30.8,Tier 3 - Nurture
PROS-102380,Retail Trade,South,10-49 employees,142000.0,64.7,11,No,41.7,Tier 2 - Warm
PROS-102381,Healthcare,North,10-49 employees,217000.0,49.4,27,No,48.0,Tier 2 - Warm
PROS-102382,Education,East,1-9 employees,1121000.0,40.9,17,Yes,29.2,Tier 3 - Nurture
PROS-102383,Construction,West,1-9 employees,295000.0,20.2,38,Yes,37.3,Tier 2 - Warm
PROS-102384,Retail Trade,Central,1-9 employees,951000.0,71.5,27,Yes,49.6,Tier 2 - Warm
PROS-102385,Wholesale Distribution,East,10-49 employees,249000.0,19.1,11,Yes,23.0,Tier 3 - Nurture
PROS-102386,Education,West,1000+ employees,107000.0,53.5,37,No,80.1,Tier 1 - Priority
PROS-102387,Education,Central,10-49 employees,3495000.0,17.6,18,Yes,27.9,Tier 3 - Nurture
PROS-102388,Education,Central,10-49 employees,1130000.0,20.0,25,No,34.5,Tier 2 - Warm
PROS-102389,Wholesale Distribution,South,10-49 employees,505000.0,35.4,29,Yes,43.9,Tier 2 - Warm
PROS-102390,Healthcare,Central,50-249 employees,411000.0,63.8,26,No,60.6,Tier 2 - Warm
PROS-102391,Retail Trade,East,10-49 employees,3654000.0,59.7,23,Yes,49.1,Tier 2 - Warm
PROS-102392,Technology,Central,10-49 employees,1398000.0,5.7,29,Yes,31.8,Tier 3 - Nurture
PROS-102393,Professional Services,North,50-249 employees,2575000.0,64.5,35,No,68.0,Tier 1 - Priority
PROS-102394,Healthcare,North,1-9 employees,384000.0,57.1,7,Yes,27.9,Tier 3 - Nurture
PROS-102395,Technology,Central,10-49 employees,771000.0,39.7,23,No,40.9,Tier 2 - Warm
PROS-102396,Education,West,10-49 employees,1135000.0,35.8,24,No,40.1,Tier 2 - Warm
PROS-102397,Professional Services,North,50-249 employees,398000.0,24.3,36,Yes,52.4,Tier 2 - Warm
PROS-102398,Professional Services,Central,1000+ employees,705500.0,63.7,23,Yes,73.2,Tier 1 - Priority
PROS-102399,Hospitality,North,50-249 employees,384000.0,21.9,6,Yes,27.7,Tier 3 - Nurture
PROS-102400,Manufacturing,West,10-49 employees,1131000.0,47.2,30,Yes,49.5,Tier 2 - Warm
PROS-102401,Transportation & Logistics,South,1-9 employees,170000.0,38.150000000000006,32,Yes,39.9,Tier 2 - Warm
PROS-102402,Hospitality,North,10-49 employees,1368000.0,59.0,33,Yes,56.7,Tier 2 - Warm
PROS-102403,Transportation & Logistics,Central,50-249 employees,738500.0,52.5,9,No,42.6,Tier 2 - Warm
PROS-102404,Construction,Central,250-999 employees,583000.0,85.7,6,No,61.3,Tier 2 - Warm
PROS-102405,Wholesale Distribution,North,50-249 employees,1196000.0,50.1,2,Yes,36.1,Tier 2 - Warm
PROS-102406,Construction,North,1-9 employees,488000.0,36.1,17,No,27.2,Tier 3 - Nurture
PROS-102407,Hospitality,West,50-249 employees,349000.0,28.6,5,Yes,29.7,Tier 3 - Nurture
PROS-102408,Healthcare,North,250-999 employees,676000.0,32.8,30,Yes,58.6,Tier 2 - Warm
PROS-102409,Manufacturing,West,50-249 employees,1391000.0,63.5,23,Yes,58.1,Tier 2 - Warm
PROS-102410,Transportation & Logistics,Central,50-249 employees,417000.0,15.7,13,Yes,30.7,Tier 3 - Nurture
PROS-102411,Manufacturing,West,10-49 employees,380000.0,26.6,12,Yes,26.9,Tier 3 - Nurture
PROS-102412,Education,South,10-49 employees,596000.0,56.9,18,No,44.0,Tier 2 - Warm
PROS-102413,Technology,North,1-9 employees,397000.0,33.3,6,Yes,17.4,Tier 3 - Nurture
PROS-102414,Construction,West,1-9 employees,3904000.0,37.2,17,No,27.7,Tier 3 - Nurture
PROS-102415,Healthcare,North,50-249 employees,1033000.0,28.0,25,Yes,45.2,Tier 2 - Warm
PROS-102416,Technology,East,250-999 employees,676000.0,34.9,18,No,50.0,Tier 2 - Warm
PROS-102417,Professional Services,East,250-999 employees,261000.0,84.9,20,Yes,72.0,Tier 1 - Priority
PROS-102418,Professional Services,West,1-9 employees,1644000.0,74.8,33,Yes,55.7,Tier 2 - Warm
PROS-102419,Healthcare,South,1-9 employees,372000.0,16.3,15,Yes,17.5,Tier 3 - Nurture
PROS-102420,Professional Services,West,1-9 employees,356000.0,49.0,5,Yes,23.0,Tier 3 - Nurture
PROS-102421,Hospitality,West,50-249 employees,1706000.0,51.4,21,No,51.6,Tier 2 - Warm
PROS-102422,Retail Trade,South,50-249 employees,1117000.0,10.2,7,Yes,23.7,Tier 3 - Nurture
PROS-102423,Wholesale Distribution,South,1000+ employees,46000.0,14.9,34,No,62.0,Tier 2 - Warm
PROS-102424,Construction,North,1-9 employees,613000.0,63.2,7,Yes,30.4,Tier 3 - Nurture
PROS-102425,Transportation & Logistics,East,10-49 employees,837000.0,7.5,29,Yes,32.5,Tier 3 - Nurture
PROS-102426,Retail Trade,South,50-249 employees,502000.0,25.7,18,Yes,38.8,Tier 2 - Warm
PROS-102427,Construction,North,1-9 employees,870000.0,41.2,20,Yes,31.7,Tier 3 - Nurture
PROS-102428,Hospitality,East,1000+ employees,100000.0,6.6,35,Yes,59.4,Tier 2 - Warm
PROS-102429,Professional Services,East,10-49 employees,32000.0,32.4,33,Yes,45.8,Tier 2 - Warm
PROS-102430,Retail Trade,North,1-9 employees,249000.0,38.3,7,No,20.2,Tier 3 - Nurture
PROS-102431,Transportation & Logistics,North,1-9 employees,995000.0,45.1,34,Yes,44.3,Tier 2 - Warm
PROS-102432,Retail Trade,North,250-999 employees,21000.0,20.4,13,Yes,40.1,Tier 2 - Warm
PROS-102433,Construction,West,10-49 employees,288000.0,27.1,15,Yes,29.5,Tier 3 - Nurture
PROS-102434,Healthcare,South,50-249 employees,88000.0,53.2,33,No,61.8,Tier 2 - Warm
PROS-102435,Transportation & Logistics,North,50-249 employees,559000.0,58.9,6,Yes,42.8,Tier 2 - Warm
PROS-102436,Technology,North,10-49 employees,6285000.0,36.9,17,Yes,35.0,Tier 2 - Warm
PROS-102437,Technology,Central,50-249 employees,574000.0,6.8,5,No,20.8,Tier 3 - Nurture
PROS-102438,Wholesale Distribution,South,250-999 employees,648000.0,16.1,23,No,46.3,Tier 2 - Warm
PROS-102439,Manufacturing,West,1-9 employees,724000.0,61.5,25,Yes,43.9,Tier 2 - Warm
PROS-102440,Construction,East,50-249 employees,747000.0,36.6,23,Yes,47.2,Tier 2 - Warm
PROS-102441,Manufacturing,North,1-9 employees,576000.0,22.7,37,Yes,37.5,Tier 2 - Warm
PROS-102442,Manufacturing,South,1-9 employees,2021000.0,59.4,28,No,45.4,Tier 2 - Warm
PROS-102443,Professional Services,North,10-49 employees,1226000.0,46.1,2,No,27.0,Tier 3 - Nurture
PROS-102444,Transportation & Logistics,West,250-999 employees,1002000.0,36.9,9,Yes,43.7,Tier 2 - Warm
PROS-102445,Wholesale Distribution,South,1-9 employees,626000.0,9.4,20,Yes,18.7,Tier 3 - Nurture
PROS-102446,Hospitality,East,10-49 employees,498000.0,41.5,18,Yes,37.7,Tier 2 - Warm
PROS-102447,Technology,North,50-249 employees,2000000.0,19.9,8,No,28.5,Tier 3 - Nurture
PROS-102448,Hospitality,Central,1-9 employees,504000.0,55.1,21,No,38.1,Tier 2 - Warm
PROS-102449,Retail Trade,South,50-249 employees,2826000.0,39.5,21,Yes,46.8,Tier 2 - Warm
PROS-102450,Wholesale Distribution,East,250-999 employees,231000.0,57.2,18,No,59.1,Tier 2 - Warm
PROS-102451,Wholesale Distribution,Central,1-9 employees,724000.0,58.5,34,No,49.8,Tier 2 - Warm
PROS-102452,Manufacturing,West,1-9 employees,724000.0,29.7,15,No,23.0,Tier 3 - Nurture
PROS-102453,Healthcare,West,1000+ employees,251000.0,62.9,31,Yes,79.2,Tier 1 - Priority
PROS-102454,Wholesale Distribution,Central,1-9 employees,1277000.0,17.2,28,No,28.2,Tier 3 - Nurture
PROS-102455,Healthcare,North,1-9 employees,357000.0,32.3,38,Yes,42.2,Tier 2 - Warm
PROS-102456,Wholesale Distribution,Central,1000+ employees,757000.0,44.7,25,No,67.0,Tier 1 - Priority
PROS-102457,Education,East,250-999 employees,427000.0,34.2,19,Yes,50.5,Tier 2 - Warm
PROS-102458,Healthcare,East,50-249 employees,630000.0,60.0,1,No,39.4,Tier 2 - Warm
PROS-102459,Manufacturing,South,10-49 employees,2055000.0,14.7,26,No,33.1,Tier 2 - Warm
PROS-102460,Construction,West,250-999 employees,1290000.0,67.1,21,Yes,65.5,Tier 2 - Warm
PROS-102461,Professional Services,Central,50-249 employees,212000.0,28.9,36,Yes,54.3,Tier 2 - Warm
PROS-102462,Healthcare,West,50-249 employees,738500.0,46.9,24,Yes,52.2,Tier 2 - Warm
PROS-102463,Transportation & Logistics,North,50-249 employees,982000.0,46.3,28,Yes,55.1,Tier 2 - Warm
PROS-102464,Healthcare,East,50-249 employees,1064000.0,36.8,36,Yes,57.5,Tier 2 - Warm
PROS-102465,Retail Trade,West,10-49 employees,347000.0,0.4,38,Yes,36.7,Tier 2 - Warm
PROS-102466,Construction,South,10-49 employees,4199000.0,53.4,9,No,35.5,Tier 2 - Warm
PROS-102467,Technology,West,10-49 employees,1785000.0,22.0,10,Yes,23.4,Tier 3 - Nurture
PROS-102468,Manufacturing,West,10-49 employees,367000.0,17.1,31,Yes,38.0,Tier 2 - Warm
PROS-102469,Professional Services,North,10-49 employees,330000.0,27.4,6,Yes,22.5,Tier 3 - Nurture
PROS-102470,Wholesale Distribution,East,10-49 employees,568000.0,78.4,32,No,63.8,Tier 2 - Warm
PROS-102471,Manufacturing,North,50-249 employees,506000.0,44.3,6,No,36.9,Tier 2 - Warm
PROS-102472,Healthcare,East,10-49 employees,2905000.0,51.1,15,No,39.3,Tier 2 - Warm
PROS-102473,Professional Services,South,1-9 employees,2154000.0,46.3,34,No,44.8,Tier 2 - Warm
PROS-102474,Retail Trade,Central,1-9 employees,758000.0,21.1,6,Yes,12.4,Tier 3 - Nurture
PROS-102475,Healthcare,Central,1-9 employees,1538000.0,34.9,3,No,15.7,Tier 3 - Nurture
PROS-102476,Transportation & Logistics,East,50-249 employees,1804000.0,25.5,30,No,48.2,Tier 2 - Warm
PROS-102477,Retail Trade,East,10-49 employees,778000.0,66.5,32,No,59.0,Tier 2 - Warm
PROS-102478,Manufacturing,West,1-9 employees,1136000.0,63.2,30,No,48.6,Tier 2 - Warm
PROS-102479,Retail Trade,West,50-249 employees,1402000.0,43.4,19,Yes,46.8,Tier 2 - Warm
PROS-102480,Technology,West,1-9 employees,1247000.0,74.4,30,No,53.1,Tier 2 - Warm
PROS-102481,Wholesale Distribution,West,1-9 employees,310000.0,44.7,27,No,38.6,Tier 2 - Warm
PROS-102482,Retail Trade,Central,50-249 employees,346000.0,11.7,15,No,30.7,Tier 3 - Nurture
PROS-102483,Construction,Central,10-49 employees,749000.0,33.8,30,No,44.0,Tier 2 - Warm
PROS-102484,Construction,North,50-249 employees,335000.0,18.5,8,Yes,27.9,Tier 3 - Nurture
PROS-102485,Construction,East,50-249 employees,144000.0,25.3,17,No,37.8,Tier 2 - Warm
PROS-102486,Professional Services,East,250-999 employees,1534000.0,35.7,33,Yes,62.2,Tier 2 - Warm
PROS-102487,Manufacturing,East,1-9 employees,1068000.0,27.9,6,No,15.2,Tier 3 - Nurture
PROS-102488,Transportation & Logistics,East,50-249 employees,167000.0,69.4,17,No,55.8,Tier 2 - Warm
PROS-102489,Construction,West,50-249 employees,560000.0,9.9,25,No,37.8,Tier 2 - Warm
PROS-102490,Construction,East,1-9 employees,596000.0,16.3,24,No,24.7,Tier 3 - Nurture
PROS-102491,Professional Services,South,250-999 employees,891000.0,15.7,38,No,58.0,Tier 2 - Warm
PROS-102492,Education,East,10-49 employees,222000.0,70.6,26,Yes,55.9,Tier 2 - Warm
PROS-102493,Technology,Central,250-999 employees,164000.0,16.6,1,No,29.1,Tier 3 - Nurture
PROS-102494,Healthcare,South,10-49 employees,1292000.0,43.3,39,Yes,55.0,Tier 2 - Warm
PROS-102495,Professional Services,North,10-49 employees,749000.0,38.1,9,Yes,29.2,Tier 3 - Nurture
PROS-102496,Wholesale Distribution,Central,1-9 employees,565000.0,12.5,24,Yes,23.1,Tier 3 - Nurture
PROS-102497,Wholesale Distribution,North,250-999 employees,510000.0,10.1,35,Yes,53.3,Tier 2 - Warm
PROS-102498,Manufacturing,West,10-49 employees,637000.0,34.5,24,No,39.6,Tier 2 - Warm
PROS-102499,Education,Central,1-9 employees,963000.0,53.4,3,No,23.2,Tier 3 - Nurture
PROS-102500,Technology,South,1-9 employees,4233000.0,74.9,14,Yes,40.7,Tier 2 - Warm
PROS-102501,Manufacturing,South,50-249 employees,126000.0,26.7,1,No,25.7,Tier 3 - Nurture
PROS-102502,Hospitality,South,1-9 employees,1913000.0,33.0,17,Yes,26.0,Tier 3 - Nurture
PROS-102503,Retail Trade,North,10-49 employees,46000.0,3.2,35,Yes,35.5,Tier 2 - Warm
PROS-102504,Manufacturing,North,50-249 employees,3379000.0,56.1,11,Yes,45.7,Tier 2 - Warm
PROS-102505,Retail Trade,North,1-9 employees,77000.0,33.5,30,Yes,36.4,Tier 2 - Warm
PROS-102506,Healthcare,East,10-49 employees,749000.0,36.0,2,No,22.8,Tier 3 - Nurture
PROS-102507,Technology,East,1-9 employees,475000.0,65.5,10,No,33.7,Tier 2 - Warm
PROS-102508,Healthcare,North,250-999 employees,3016000.0,30.2,23,No,52.0,Tier 2 - Warm
PROS-102509,Retail Trade,Central,250-999 employees,2404000.0,63.3,38,No,77.4,Tier 1 - Priority
PROS-102510,Retail Trade,West,1-9 employees,724000.0,42.2,25,Yes,36.0,Tier 2 - Warm
PROS-102511,Wholesale Distribution,North,10-49 employees,491000.0,74.5,28,No,59.1,Tier 2 - Warm
PROS-102512,Education,Central,10-49 employees,290000.0,17.1,31,No,38.0,Tier 2 - Warm
PROS-102513,Hospitality,North,1000+ employees,1734000.0,43.2,5,Yes,50.6,Tier 2 - Warm
PROS-102514,Retail Trade,East,10-49 employees,458000.0,47.0,38,Yes,55.8,Tier 2 - Warm
PROS-102515,Wholesale Distribution,East,10-49 employees,296000.0,48.0,18,Yes,40.4,Tier 2 - Warm
PROS-102516,Technology,East,250-999 employees,1317000.0,27.5,13,Yes,43.0,Tier 2 - Warm
PROS-102517,Transportation & Logistics,Central,1-9 employees,272000.0,28.8,34,Yes,37.7,Tier 2 - Warm
PROS-102518,Retail Trade,Central,10-49 employees,508000.0,43.7,20,No,40.2,Tier 2 - Warm
PROS-102519,Education,South,1-9 employees,821000.0,56.6,27,Yes,43.5,Tier 2 - Warm
PROS-102520,Healthcare,East,10-49 employees,360000.0,6.9,15,No,21.2,Tier 3 - Nurture
PROS-102521,Manufacturing,Central,10-49 employees,425000.0,28.7,23,Yes,36.4,Tier 2 - Warm
PROS-102522,Professional Services,West,1000+ employees,3947000.0,9.6,6,Yes,37.7,Tier 2 - Warm
PROS-102523,Healthcare,Central,10-49 employees,583000.0,13.4,17,No,25.4,Tier 3 - Nurture
PROS-102524,Manufacturing,East,1-9 employees,491000.0,34.150000000000006,18,Yes,27.2,Tier 3 - Nurture
PROS-102525,Construction,South,50-249 employees,602000.0,23.3,10,No,31.5,Tier 3 - Nurture
PROS-102526,Healthcare,East,50-249 employees,1202000.0,64.7,36,Yes,68.9,Tier 1 - Priority
PROS-102527,Education,Central,50-249 employees,738500.0,39.849999999999994,24,No,49.3,Tier 2 - Warm
PROS-102528,Manufacturing,Central,50-249 employees,1167000.0,26.9,34,Yes,51.9,Tier 2 - Warm
PROS-102529,Transportation & Logistics,West,1-9 employees,966000.0,36.400000000000006,6,Yes,18.7,Tier 3 - Nurture
PROS-102530,Education,West,10-49 employees,102000.0,22.2,17,Yes,29.0,Tier 3 - Nurture
PROS-102531,Wholesale Distribution,East,1-9 employees,5250000.0,55.7,32,Yes,47.1,Tier 2 - Warm
PROS-102532,Education,South,1-9 employees,724000.0,25.4,7,Yes,15.0,Tier 3 - Nurture
PROS-102533,Retail Trade,East,250-999 employees,302000.0,33.3,9,Yes,42.3,Tier 2 - Warm
PROS-102534,Wholesale Distribution,East,50-249 employees,212000.0,38.0,37,No,58.8,Tier 2 - Warm
PROS-102535,Education,Central,1-9 employees,724000.0,15.4,5,Yes,9.3,Tier 3 - Nurture
PROS-102536,Construction,East,1-9 employees,152000.0,46.8,18,Yes,32.4,Tier 3 - Nurture
PROS-102537,Healthcare,West,250-999 employees,3271000.0,33.6,3,Yes,37.6,Tier 2 - Warm
PROS-102538,Transportation & Logistics,North,1-9 employees,436000.0,58.2,14,No,33.9,Tier 2 - Warm
PROS-102539,Healthcare,West,1-9 employees,4343000.0,39.3,32,Yes,40.4,Tier 2 - Warm
PROS-102540,Professional Services,East,1-9 employees,295000.0,38.3,15,No,26.5,Tier 3 - Nurture
PROS-102541,Education,Central,1-9 employees,724000.0,38.3,19,Yes,29.7,Tier 3 - Nurture
PROS-102542,Education,East,1-9 employees,2940000.0,64.2,36,Yes,53.7,Tier 2 - Warm
PROS-102543,Construction,East,1000+ employees,511000.0,61.3,16,Yes,66.7,Tier 1 - Priority
PROS-102544,Wholesale Distribution,North,1-9 employees,984000.0,69.6,24,No,46.4,Tier 2 - Warm
PROS-102545,Construction,Central,10-49 employees,2426000.0,15.7,21,No,29.5,Tier 3 - Nurture
PROS-102546,Hospitality,West,50-249 employees,396000.0,69.0,29,Yes,65.1,Tier 2 - Warm
PROS-102547,Transportation & Logistics,Central,10-49 employees,182000.0,9.6,23,No,28.6,Tier 3 - Nurture
PROS-102548,Healthcare,North,50-249 employees,147000.0,35.9,33,Yes,54.8,Tier 2 - Warm
PROS-102549,Retail Trade,South,50-249 employees,1386000.0,28.3,35,No,53.2,Tier 2 - Warm
PROS-102550,Technology,Central,10-49 employees,1119000.0,20.7,39,Yes,45.8,Tier 2 - Warm
PROS-102551,Construction,North,10-49 employees,2345000.0,50.7,14,No,38.3,Tier 2 - Warm
PROS-102552,Professional Services,East,50-249 employees,540000.0,21.5,7,No,28.4,Tier 3 - Nurture
PROS-102553,Retail Trade,East,50-249 employees,151000.0,36.75,8,Yes,35.4,Tier 2 - Warm
PROS-102554,Education,Central,50-249 employees,55000.0,39.8,31,No,54.8,Tier 2 - Warm
PROS-102555,Retail Trade,Central,1-9 employees,17103000.0,30.8,34,No,38.5,Tier 2 - Warm
PROS-102556,Hospitality,Central,50-249 employees,1302000.0,40.5,10,No,38.5,Tier 2 - Warm
PROS-102557,Wholesale Distribution,South,50-249 employees,848000.0,46.5,19,Yes,48.0,Tier 2 - Warm
PROS-102558,Manufacturing,East,1-9 employees,991000.0,65.8,1,No,26.7,Tier 3 - Nurture
PROS-102559,Transportation & Logistics,West,250-999 employees,151000.0,8.3,23,Yes,43.1,Tier 2 - Warm
PROS-102560,Transportation & Logistics,Central,1-9 employees,304000.0,9.7,28,No,25.1,Tier 3 - Nurture
PROS-102561,Construction,North,1-9 employees,4964000.0,39.3,7,Yes,20.6,Tier 3 - Nurture
PROS-102562,Technology,Central,250-999 employees,1505000.0,43.1,37,No,68.4,Tier 1 - Priority
PROS-102563,Healthcare,South,1-9 employees,315000.0,29.3,34,No,37.9,Tier 2 - Warm
PROS-102564,Healthcare,North,10-49 employees,189000.0,32.4,38,No,49.8,Tier 2 - Warm
PROS-102565,Healthcare,West,10-49 employees,414000.0,75.9,37,No,66.8,Tier 1 - Priority
PROS-102566,Wholesale Distribution,West,250-999 employees,516000.0,4.2,4,No,26.4,Tier 3 - Nurture
PROS-102567,Technology,North,10-49 employees,6949000.0,22.4,18,No,29.9,Tier 3 - Nurture
PROS-102568,Construction,North,50-249 employees,593000.0,39.3,17,No,43.5,Tier 2 - Warm
PROS-102569,Education,Central,50-249 employees,197000.0,7.4,1,Yes,17.9,Tier 3 - Nurture
PROS-102570,Wholesale Distribution,Central,10-49 employees,684000.0,69.7,37,No,64.2,Tier 2 - Warm
PROS-102571,Education,North,250-999 employees,976000.0,93.4,2,Yes,61.3,Tier 2 - Warm
PROS-102572,Hospitality,Central,50-249 employees,178000.0,10.6,28,No,40.5,Tier 2 - Warm
PROS-102573,Construction,Central,10-49 employees,1135000.0,20.3,12,Yes,24.3,Tier 3 - Nurture
PROS-102574,Hospitality,Central,1000+ employees,705500.0,42.1,24,Yes,65.2,Tier 2 - Warm
PROS-102575,Construction,South,10-49 employees,850000.0,54.3,20,Yes,44.5,Tier 2 - Warm
PROS-102576,Professional Services,East,1-9 employees,304000.0,28.4,9,No,17.8,Tier 3 - Nurture
PROS-102577,Healthcare,Central,1-9 employees,408000.0,71.3,17,Yes,41.6,Tier 2 - Warm
PROS-102578,Education,Central,10-49 employees,118000.0,67.0,28,Yes,56.0,Tier 2 - Warm
PROS-102579,Transportation & Logistics,West,1-9 employees,630000.0,54.7,23,Yes,39.6,Tier 2 - Warm
PROS-102580,Construction,North,10-49 employees,1027000.0,51.1,9,Yes,34.5,Tier 2 - Warm
PROS-102581,Healthcare,North,10-49 employees,272000.0,24.9,11,Yes,25.4,Tier 3 - Nurture
PROS-102582,Professional Services,South,10-49 employees,6161000.0,37.4,28,Yes,43.9,Tier 2 - Warm
PROS-102583,Technology,North,1-9 employees,1744000.0,33.0,9,No,19.6,Tier 3 - Nurture
PROS-102584,Construction,North,50-249 employees,102000.0,19.1,24,No,40.8,Tier 2 - Warm
PROS-102585,Transportation & Logistics,North,10-49 employees,104000.0,56.0,38,No,59.4,Tier 2 - Warm
PROS-102586,Construction,West,1-9 employees,247000.0,28.0,23,No,28.6,Tier 3 - Nurture
PROS-102587,Construction,East,10-49 employees,4116000.0,13.3,11,Yes,20.7,Tier 3 - Nurture
PROS-102588,Education,East,10-49 employees,1944000.0,22.3,27,No,37.0,Tier 2 - Warm
PROS-102589,Construction,Central,10-49 employees,4352000.0,43.4,37,No,53.5,Tier 2 - Warm
PROS-102590,Manufacturing,East,10-49 employees,738000.0,80.2,26,No,59.8,Tier 2 - Warm
PROS-102591,Construction,East,1-9 employees,579000.0,25.3,23,No,27.5,Tier 3 - Nurture
PROS-102592,Transportation & Logistics,South,250-999 employees,185000.0,38.150000000000006,24,No,56.1,Tier 2 - Warm
PROS-102593,Manufacturing,East,10-49 employees,1072000.0,34.150000000000006,3,No,22.9,Tier 3 - Nurture
PROS-102594,Construction,North,1-9 employees,588000.0,53.3,1,No,21.6,Tier 3 - Nurture
PROS-102595,Retail Trade,East,50-249 employees,563000.0,20.6,24,No,41.4,Tier 2 - Warm
PROS-102596,Transportation & Logistics,Central,50-249 employees,4325000.0,47.7,19,Yes,48.5,Tier 2 - Warm
PROS-102597,Hospitality,East,10-49 employees,635000.0,43.8,39,No,55.2,Tier 2 - Warm
PROS-102598,Education,South,10-49 employees,3154000.0,14.7,19,No,27.6,Tier 3 - Nurture
PROS-102599,Construction,West,10-49 employees,127000.0,45.5,33,No,51.2,Tier 2 - Warm
PROS-102600,Wholesale Distribution,Central,10-49 employees,14033000.0,60.1,26,Yes,51.6,Tier 2 - Warm
PROS-102601,Professional Services,East,1-9 employees,484000.0,29.6,12,Yes,20.6,Tier 3 - Nurture
PROS-102602,Hospitality,South,1-9 employees,1588000.0,8.8,34,No,29.5,Tier 3 - Nurture
PROS-102603,Transportation & Logistics,West,1000+ employees,1892000.0,59.6,4,Yes,56.6,Tier 2 - Warm
PROS-102604,Hospitality,North,50-249 employees,738500.0,30.6,28,Yes,48.7,Tier 2 - Warm
PROS-102605,Hospitality,Central,10-49 employees,1796000.0,33.7,18,Yes,34.5,Tier 2 - Warm
PROS-102606,Transportation & Logistics,South,1-9 employees,1901000.0,31.9,29,Yes,35.0,Tier 2 - Warm
PROS-102607,Professional Services,South,50-249 employees,333000.0,58.1,4,No,40.9,Tier 2 - Warm
PROS-102608,Transportation & Logistics,West,1-9 employees,724000.0,26.8,8,Yes,16.3,Tier 3 - Nurture
PROS-102609,Wholesale Distribution,North,1-9 employees,767000.0,14.6,12,Yes,14.5,Tier 3 - Nurture
PROS-102610,Education,South,1-9 employees,642000.0,62.6,23,No,42.8,Tier 2 - Warm
PROS-102611,Education,North,50-249 employees,3377000.0,14.9,36,No,48.6,Tier 2 - Warm
PROS-102612,Retail Trade,South,10-49 employees,1580000.0,23.6,36,No,44.6,Tier 2 - Warm
PROS-102613,Transportation & Logistics,East,1-9 employees,675000.0,38.4,26,Yes,35.3,Tier 2 - Warm
PROS-102614,Retail Trade,North,1-9 employees,1421000.0,38.2,5,No,18.6,Tier 3 - Nurture
PROS-102615,Technology,South,10-49 employees,77000.0,71.5,31,Yes,60.2,Tier 2 - Warm
PROS-102616,Education,West,10-49 employees,371000.0,46.2,34,Yes,52.3,Tier 2 - Warm
PROS-102617,Manufacturing,Central,50-249 employees,1001000.0,75.6,22,Yes,62.3,Tier 2 - Warm
PROS-102618,Technology,North,1-9 employees,2488000.0,60.4,3,Yes,26.1,Tier 3 - Nurture
PROS-102619,Education,West,50-249 employees,909000.0,56.9,7,No,42.8,Tier 2 - Warm
PROS-102620,Wholesale Distribution,North,250-999 employees,3628000.0,52.1,32,Yes,68.1,Tier 1 - Priority
PROS-102621,Construction,East,10-49 employees,1895000.0,15.1,6,No,17.5,Tier 3 - Nurture
PROS-102622,Retail Trade,Central,1-9 employees,426000.0,4.2,14,Yes,11.8,Tier 3 - Nurture
PROS-102623,Education,West,50-249 employees,625000.0,53.5,30,Yes,59.6,Tier 2 - Warm
PROS-102624,Education,South,1-9 employees,1143000.0,42.6,6,No,21.2,Tier 3 - Nurture
PROS-102625,Transportation & Logistics,South,1-9 employees,445000.0,38.150000000000006,17,No,28.1,Tier 3 - Nurture
PROS-102626,Education,West,1-9 employees,3931000.0,51.7,27,Yes,41.5,Tier 2 - Warm
PROS-102627,Manufacturing,Central,250-999 employees,215000.0,18.2,20,Yes,44.8,Tier 2 - Warm
PROS-102628,Technology,South,10-49 employees,1033000.0,64.7,35,Yes,60.6,Tier 2 - Warm
PROS-102629,Manufacturing,North,250-999 employees,1638000.0,23.9,7,No,36.8,Tier 2 - Warm
PROS-102630,Education,East,10-49 employees,517000.0,5.7,23,Yes,27.0,Tier 3 - Nurture
PROS-102631,Technology,West,10-49 employees,403000.0,40.099999999999994,15,No,34.8,Tier 2 - Warm
PROS-102632,Education,East,1-9 employees,671000.0,25.9,22,No,27.0,Tier 3 - Nurture
PROS-102633,Transportation & Logistics,Central,10-49 employees,1782000.0,36.5,6,Yes,26.2,Tier 3 - Nurture
PROS-102634,Manufacturing,Central,1-9 employees,421000.0,41.0,27,Yes,37.1,Tier 2 - Warm
PROS-102635,Manufacturing,West,10-49 employees,225000.0,3.1,8,No,14.1,Tier 3 - Nurture
PROS-102636,Construction,North,1-9 employees,724000.0,20.5,32,Yes,32.7,Tier 3 - Nurture
PROS-102637,Hospitality,Central,10-49 employees,1132000.0,30.7,35,Yes,46.7,Tier 2 - Warm
PROS-102638,Retail Trade,West,10-49 employees,2210000.0,43.4,14,No,35.3,Tier 2 - Warm
PROS-102639,Wholesale Distribution,South,1-9 employees,1682000.0,33.6,28,Yes,34.9,Tier 2 - Warm
PROS-102640,Professional Services,East,1-9 employees,8023000.0,8.4,22,No,19.8,Tier 3 - Nurture
PROS-102641,Healthcare,Central,1000+ employees,2487000.0,6.6,34,No,58.6,Tier 2 - Warm
PROS-102642,Professional Services,Central,1-9 employees,329000.0,43.1,37,No,45.9,Tier 2 - Warm
PROS-102643,Healthcare,East,1-9 employees,1224000.0,36.0,35,Yes,41.4,Tier 2 - Warm
PROS-102644,Healthcare,North,1-9 employees,395000.0,30.2,11,Yes,20.1,Tier 3 - Nurture
PROS-102645,Manufacturing,West,10-49 employees,443000.0,34.5,23,No,38.8,Tier 2 - Warm
PROS-102646,Transportation & Logistics,West,50-249 employees,154000.0,19.3,4,No,25.1,Tier 3 - Nurture
PROS-102647,Hospitality,North,1-9 employees,532000.0,40.4,12,No,25.0,Tier 3 - Nurture
PROS-102648,Education,Central,10-49 employees,1328000.0,72.2,15,Yes,47.9,Tier 2 - Warm
PROS-102649,Construction,South,10-49 employees,678000.0,37.0,20,No,37.5,Tier 2 - Warm
PROS-102650,Wholesale Distribution,Central,1-9 employees,218000.0,26.8,33,Yes,36.0,Tier 2 - Warm
PROS-102651,Wholesale Distribution,East,250-999 employees,137000.0,7.4,1,No,25.4,Tier 3 - Nurture
PROS-102652,Education,South,1000+ employees,7445000.0,60.1,20,Yes,69.4,Tier 1 - Priority
PROS-102653,Construction,North,1-9 employees,1043000.0,3.7,32,Yes,25.8,Tier 3 - Nurture
PROS-102654,Wholesale Distribution,North,1-9 employees,295000.0,13.3,9,Yes,11.6,Tier 3 - Nurture
PROS-102655,Transportation & Logistics,West,1-9 employees,1212000.0,49.6,32,Yes,44.6,Tier 2 - Warm
PROS-102656,Manufacturing,South,1-9 employees,8106000.0,61.2,4,No,27.2,Tier 3 - Nurture
PROS-102657,Professional Services,Central,10-49 employees,1443000.0,38.1,20,Yes,37.9,Tier 2 - Warm
PROS-102658,Technology,South,10-49 employees,34000.0,52.7,39,No,58.9,Tier 2 - Warm
PROS-102659,Retail Trade,Central,10-49 employees,13491000.0,20.2,15,No,26.6,Tier 3 - Nurture
PROS-102660,Healthcare,Central,1-9 employees,95000.0,9.5,25,Yes,22.7,Tier 3 - Nurture
PROS-102661,Hospitality,North,1-9 employees,582000.0,37.4,7,No,19.9,Tier 3 - Nurture
PROS-102662,Retail Trade,West,1000+ employees,210000.0,68.5,17,No,70.5,Tier 1 - Priority
PROS-102663,Healthcare,Central,250-999 employees,323000.0,37.1,3,No,39.1,Tier 2 - Warm
PROS-102664,Professional Services,South,1-9 employees,997000.0,58.4,5,Yes,26.9,Tier 3 - Nurture
PROS-102665,Transportation & Logistics,North,50-249 employees,75000.0,87.3,13,No,60.0,Tier 2 - Warm
PROS-102666,Professional Services,Central,10-49 employees,660000.0,20.6,39,No,45.8,Tier 2 - Warm
PROS-102667,Education,East,50-249 employees,2577000.0,16.7,37,No,50.1,Tier 2 - Warm
PROS-102668,Manufacturing,North,10-49 employees,288000.0,36.8,3,No,24.0,Tier 3 - Nurture
PROS-102669,Education,Central,250-999 employees,158000.0,32.2,3,Yes,37.1,Tier 2 - Warm
PROS-102670,Hospitality,West,1-9 employees,724000.0,40.8,27,Yes,37.0,Tier 2 - Warm
PROS-102671,Wholesale Distribution,North,1-9 employees,503000.0,18.0,38,No,36.4,Tier 2 - Warm
PROS-102672,Wholesale Distribution,South,1000+ employees,379000.0,3.7,20,No,46.3,Tier 2 - Warm
PROS-102673,Retail Trade,North,1-9 employees,197000.0,25.0,21,Yes,25.8,Tier 3 - Nurture
PROS-102674,Education,Central,1-9 employees,1291000.0,33.3,24,Yes,31.6,Tier 3 - Nurture
PROS-102675,Transportation & Logistics,North,50-249 employees,1404000.0,67.6,18,Yes,55.9,Tier 2 - Warm
PROS-102676,Education,West,50-249 employees,226000.0,31.7,30,Yes,50.7,Tier 2 - Warm
PROS-102677,Wholesale Distribution,East,50-249 employees,263000.0,81.3,5,Yes,51.2,Tier 2 - Warm
PROS-102678,Transportation & Logistics,East,50-249 employees,738500.0,61.4,3,Yes,41.5,Tier 2 - Warm
PROS-102679,Construction,Central,50-249 employees,252000.0,47.2,3,Yes,35.7,Tier 2 - Warm
PROS-102680,Retail Trade,Central,1-9 employees,888000.0,59.0,9,Yes,30.3,Tier 3 - Nurture
PROS-102681,Retail Trade,North,10-49 employees,3667000.0,79.7,22,No,56.5,Tier 2 - Warm
PROS-102682,Construction,North,50-249 employees,683000.0,16.6,11,Yes,29.5,Tier 3 - Nurture
PROS-102683,Wholesale Distribution,North,250-999 employees,676000.0,55.1,24,No,63.0,Tier 2 - Warm
PROS-102684,Transportation & Logistics,West,1-9 employees,1123000.0,60.8,1,Yes,24.7,Tier 3 - Nurture
PROS-102685,Healthcare,East,1-9 employees,600000.0,48.1,17,No,32.1,Tier 3 - Nurture
PROS-102686,Professional Services,North,50-249 employees,618000.0,33.1,6,No,32.3,Tier 3 - Nurture
PROS-102687,Transportation & Logistics,South,1-9 employees,1230000.0,60.2,12,Yes,33.1,Tier 2 - Warm
PROS-102688,Technology,East,1-9 employees,1560000.0,44.7,26,No,37.8,Tier 2 - Warm
PROS-102689,Education,West,50-249 employees,758000.0,55.1,1,Yes,37.3,Tier 2 - Warm
PROS-102690,Hospitality,South,10-49 employees,682000.0,42.3,31,Yes,48.3,Tier 2 - Warm
PROS-102691,Technology,Central,1-9 employees,7060000.0,40.3,11,Yes,24.2,Tier 3 - Nurture
PROS-102692,Education,Central,1-9 employees,2732000.0,40.5,34,Yes,42.4,Tier 2 - Warm
PROS-102693,Healthcare,West,1-9 employees,1825000.0,39.2,28,Yes,37.2,Tier 2 - Warm
PROS-102694,Education,East,50-249 employees,843000.0,49.4,36,No,62.7,Tier 2 - Warm
PROS-102695,Construction,Central,10-49 employees,241000.0,37.0,24,Yes,40.6,Tier 2 - Warm
PROS-102696,Retail Trade,West,1-9 employees,2521000.0,12.1,16,No,16.6,Tier 3 - Nurture
PROS-102697,Healthcare,East,10-49 employees,855000.0,52.9,7,Yes,33.7,Tier 2 - Warm
PROS-102698,Retail Trade,East,1-9 employees,387000.0,72.6,3,Yes,31.1,Tier 3 - Nurture
PROS-102699,Retail Trade,Central,1-9 employees,558000.0,46.8,31,Yes,42.6,Tier 2 - Warm
PROS-102700,Wholesale Distribution,East,1-9 employees,252000.0,24.6,26,No,29.6,Tier 3 - Nurture
PROS-102701,Hospitality,North,10-49 employees,2334000.0,50.0,6,No,31.7,Tier 3 - Nurture
PROS-102702,Professional Services,Central,1-9 employees,1546000.0,68.8,4,No,30.3,Tier 3 - Nurture
PROS-102703,Wholesale Distribution,North,1-9 employees,891000.0,3.5,32,Yes,25.7,Tier 3 - Nurture
PROS-102704,Manufacturing,West,10-49 employees,696000.0,21.4,3,No,17.7,Tier 3 - Nurture
PROS-102705,Professional Services,West,10-49 employees,345000.0,22.8,20,Yes,31.7,Tier 3 - Nurture
PROS-102706,Hospitality,East,1-9 employees,70000.0,12.2,13,No,14.3,Tier 3 - Nurture
PROS-102707,Construction,North,1-9 employees,154000.0,52.0,28,Yes,42.4,Tier 2 - Warm
PROS-102708,Hospitality,East,1-9 employees,322000.0,74.2,3,Yes,31.7,Tier 3 - Nurture
PROS-102709,Wholesale Distribution,Central,10-49 employees,273000.0,32.9,4,Yes,23.1,Tier 3 - Nurture
PROS-102710,Manufacturing,South,50-249 employees,1003000.0,12.7,6,No,24.0,Tier 3 - Nurture
PROS-102711,Manufacturing,West,1-9 employees,1781000.0,36.2,29,Yes,36.7,Tier 2 - Warm
PROS-102712,Education,Central,50-249 employees,633000.0,54.2,28,Yes,58.3,Tier 2 - Warm
PROS-102713,Transportation & Logistics,Central,50-249 employees,3436000.0,31.7,29,Yes,49.9,Tier 2 - Warm
PROS-102714,Transportation & Logistics,East,1-9 employees,308000.0,54.5,23,Yes,39.5,Tier 2 - Warm
PROS-102715,Healthcare,South,1-9 employees,724000.0,39.1,7,No,20.5,Tier 3 - Nurture
PROS-102716,Healthcare,West,1-9 employees,690000.0,51.2,9,No,27.1,Tier 3 - Nurture
PROS-102717,Technology,East,1-9 employees,2425000.0,63.6,6,No,29.8,Tier 3 - Nurture
PROS-102718,Transportation & Logistics,West,10-49 employees,820000.0,63.9,5,Yes,36.6,Tier 2 - Warm
PROS-102719,Retail Trade,West,1-9 employees,845000.0,55.9,30,No,45.6,Tier 2 - Warm
PROS-102720,Technology,West,50-249 employees,118000.0,79.0,18,No,60.5,Tier 2 - Warm
PROS-102721,Technology,South,10-49 employees,271000.0,34.1,17,No,33.9,Tier 2 - Warm
PROS-102722,Retail Trade,West,50-249 employees,2435000.0,38.6,6,No,34.6,Tier 2 - Warm
PROS-102723,Construction,East,50-249 employees,74000.0,31.3,26,No,47.4,Tier 2 - Warm
PROS-102724,Hospitality,Central,10-49 employees,3196000.0,30.7,33,Yes,45.1,Tier 2 - Warm
PROS-102725,Technology,West,250-999 employees,1264000.0,71.1,1,No,51.4,Tier 2 - Warm
PROS-102726,Retail Trade,Central,1000+ employees,321000.0,44.2,37,No,76.3,Tier 1 - Priority
PROS-102727,Manufacturing,Central,10-49 employees,292000.0,59.8,8,Yes,37.3,Tier 2 - Warm
PROS-102728,Transportation & Logistics,Central,1-9 employees,5871000.0,36.5,36,No,42.4,Tier 2 - Warm
PROS-102729,Healthcare,West,10-49 employees,3445000.0,59.2,30,Yes,54.4,Tier 2 - Warm
PROS-102730,Education,East,1-9 employees,640000.0,53.6,35,Yes,48.6,Tier 2 - Warm
PROS-102731,Transportation & Logistics,North,10-49 employees,846000.0,18.1,8,No,20.3,Tier 3 - Nurture
PROS-102732,Education,South,10-49 employees,358000.0,66.9,22,No,51.2,Tier 2 - Warm
PROS-102733,Professional Services,East,10-49 employees,846000.0,20.1,4,No,17.9,Tier 3 - Nurture
PROS-102734,Healthcare,West,50-249 employees,348000.0,18.0,18,No,35.6,Tier 2 - Warm
PROS-102735,Retail Trade,East,1-9 employees,669000.0,59.4,7,Yes,28.8,Tier 3 - Nurture
PROS-102736,Transportation & Logistics,East,10-49 employees,5343000.0,34.6,3,Yes,23.1,Tier 3 - Nurture
PROS-102737,Retail Trade,North,1-9 employees,657000.0,44.9,33,Yes,43.4,Tier 2 - Warm
PROS-102738,Healthcare,West,50-249 employees,738500.0,15.7,30,No,44.1,Tier 2 - Warm
PROS-102739,Construction,East,10-49 employees,162000.0,18.8,14,Yes,25.3,Tier 3 - Nurture
PROS-102740,Retail Trade,North,1-9 employees,839000.0,32.6,17,Yes,25.8,Tier 3 - Nurture
PROS-102741,Manufacturing,South,50-249 employees,316000.0,20.0,21,No,38.8,Tier 2 - Warm
PROS-102742,Transportation & Logistics,Central,1-9 employees,957000.0,24.5,24,Yes,28.0,Tier 3 - Nurture
PROS-102743,Education,North,50-249 employees,123000.0,46.8,23,No,51.3,Tier 2 - Warm
PROS-102744,Retail Trade,East,10-49 employees,1559000.0,68.3,12,No,43.9,Tier 2 - Warm
PROS-102745,Healthcare,East,10-49 employees,227000.0,32.2,15,No,31.5,Tier 3 - Nurture
PROS-102746,Professional Services,North,50-249 employees,768000.0,38.2,39,Yes,60.4,Tier 2 - Warm
PROS-102747,Wholesale Distribution,North,250-999 employees,503000.0,61.5,4,Yes,49.8,Tier 2 - Warm
PROS-102748,Healthcare,Central,50-249 employees,4829000.0,35.3,16,Yes,41.1,Tier 2 - Warm
PROS-102749,Education,East,10-49 employees,881000.0,34.0,11,Yes,29.1,Tier 3 - Nurture
PROS-102750,Professional Services,South,50-249 employees,6200000.0,19.3,10,Yes,29.8,Tier 3 - Nurture
PROS-102751,Manufacturing,North,10-49 employees,1352000.0,26.7,7,Yes,23.0,Tier 3 - Nurture
PROS-102752,Transportation & Logistics,East,50-249 employees,3499000.0,54.1,4,No,39.3,Tier 2 - Warm
PROS-102753,Technology,West,50-249 employees,580000.0,35.1,36,Yes,56.8,Tier 2 - Warm
PROS-102754,Education,West,1-9 employees,1067000.0,21.0,34,Yes,34.5,Tier 2 - Warm
PROS-102755,Wholesale Distribution,North,1-9 employees,2787000.0,56.9,29,Yes,45.2,Tier 2 - Warm
PROS-102756,Wholesale Distribution,West,1-9 employees,1974000.0,59.9,37,Yes,52.7,Tier 2 - Warm
PROS-102757,Technology,Central,1-9 employees,1308000.0,63.1,33,No,50.9,Tier 2 - Warm
PROS-102758,Construction,South,10-49 employees,509000.0,28.8,6,Yes,23.1,Tier 3 - Nurture
PROS-102759,Healthcare,North,1-9 employees,613000.0,66.2,32,Yes,51.4,Tier 2 - Warm
PROS-102760,Retail Trade,Central,10-49 employees,2550000.0,32.2,32,No,45.0,Tier 2 - Warm
PROS-102761,Healthcare,East,1-9 employees,3206000.0,33.0,1,No,13.3,Tier 3 - Nurture
PROS-102762,Construction,West,1-9 employees,380000.0,50.1,35,No,47.1,Tier 2 - Warm
PROS-102763,Manufacturing,South,50-249 employees,322000.0,40.25,30,No,54.2,Tier 2 - Warm
PROS-102764,Professional Services,South,10-49 employees,270000.0,36.9,39,No,52.4,Tier 2 - Warm
PROS-102765,Transportation & Logistics,South,10-49 employees,1817000.0,53.7,19,No,43.5,Tier 2 - Warm
PROS-102766,Construction,South,50-249 employees,262000.0,29.5,29,No,49.0,Tier 2 - Warm
PROS-102767,Education,East,1000+ employees,1793000.0,59.9,31,No,78.0,Tier 1 - Priority
PROS-102768,Healthcare,North,10-49 employees,1329000.0,34.4,26,No,41.1,Tier 2 - Warm
PROS-102769,Education,Central,1-9 employees,400000.0,42.0,38,No,46.2,Tier 2 - Warm
PROS-102770,Technology,East,1-9 employees,4074000.0,10.3,6,Yes,8.0,Tier 3 - Nurture
PROS-102771,Manufacturing,Central,1000+ employees,146000.0,47.1,14,No,59.3,Tier 2 - Warm
PROS-102772,Professional Services,East,50-249 employees,4527000.0,4.8,4,Yes,19.2,Tier 3 - Nurture
PROS-102773,Hospitality,South,50-249 employees,738500.0,44.4,24,Yes,51.1,Tier 2 - Warm
PROS-102774,Transportation & Logistics,East,50-249 employees,75000.0,26.9,1,Yes,25.8,Tier 3 - Nurture
PROS-102775,Construction,North,1-9 employees,4202000.0,74.6,12,No,39.0,Tier 2 - Warm
PROS-102776,Transportation & Logistics,Central,10-49 employees,2125000.0,29.4,29,Yes,41.5,Tier 2 - Warm
PROS-102777,Education,West,50-249 employees,455000.0,30.9,35,No,54.3,Tier 2 - Warm
PROS-102778,Construction,North,250-999 employees,252000.0,49.4,9,Yes,48.8,Tier 2 - Warm
PROS-102779,Manufacturing,East,1-9 employees,130000.0,40.5,10,Yes,23.5,Tier 3 - Nurture
PROS-102780,Construction,East,10-49 employees,10397000.0,17.0,2,No,15.1,Tier 3 - Nurture
PROS-102781,Education,South,1-9 employees,264000.0,35.1,14,Yes,24.4,Tier 3 - Nurture
PROS-102782,Hospitality,North,1000+ employees,182000.0,18.3,28,No,58.6,Tier 2 - Warm
PROS-102783,Wholesale Distribution,West,1-9 employees,979000.0,12.7,35,No,31.9,Tier 3 - Nurture
PROS-102784,Education,South,50-249 employees,120000.0,54.8,17,Yes,49.9,Tier 2 - Warm
PROS-102785,Retail Trade,East,1-9 employees,248000.0,57.5,4,Yes,25.7,Tier 3 - Nurture
PROS-102786,Professional Services,South,10-49 employees,2179000.0,28.2,13,Yes,28.3,Tier 3 - Nurture
PROS-102787,Manufacturing,West,50-249 employees,1215000.0,17.1,20,Yes,36.8,Tier 2 - Warm
PROS-102788,Manufacturing,North,1-9 employees,477000.0,34.6,24,No,32.1,Tier 3 - Nurture
PROS-102789,Wholesale Distribution,South,50-249 employees,744000.0,37.2,23,Yes,47.4,Tier 2 - Warm
PROS-102790,Education,East,250-999 employees,448000.0,59.3,32,Yes,71.0,Tier 1 - Priority
PROS-102791,Retail Trade,East,250-999 employees,681000.0,26.5,23,No,50.5,Tier 2 - Warm
PROS-102792,Hospitality,West,1-9 employees,316000.0,22.4,16,No,20.8,Tier 3 - Nurture
PROS-102793,Transportation & Logistics,North,50-249 employees,385000.0,10.8,5,Yes,22.4,Tier 3 - Nurture
PROS-102794,Manufacturing,East,10-49 employees,373000.0,38.4,37,Yes,51.4,Tier 2 - Warm
PROS-102795,Education,West,10-49 employees,328000.0,41.6,2,Yes,25.1,Tier 3 - Nurture
PROS-102796,Wholesale Distribution,South,10-49 employees,2300000.0,25.0,13,Yes,27.0,Tier 3 - Nurture
PROS-102797,Transportation & Logistics,North,10-49 employees,1702000.0,23.0,17,Yes,29.4,Tier 3 - Nurture
PROS-102798,Hospitality,Central,1-9 employees,262000.0,30.7,35,No,39.2,Tier 2 - Warm
PROS-102799,Construction,West,10-49 employees,196000.0,17.5,18,No,27.9,Tier 3 - Nurture
PROS-102800,Hospitality,West,1-9 employees,614000.0,88.3,17,Yes,48.5,Tier 2 - Warm
PROS-102801,Healthcare,West,1-9 employees,7809000.0,54.3,37,Yes,50.4,Tier 2 - Warm
PROS-102802,Education,West,1-9 employees,236000.0,63.7,15,Yes,36.9,Tier 2 - Warm
PROS-102803,Manufacturing,West,1-9 employees,611000.0,31.8,30,No,35.7,Tier 2 - Warm
PROS-102804,Retail Trade,East,50-249 employees,804000.0,7.5,2,No,18.7,Tier 3 - Nurture
PROS-102805,Education,North,10-49 employees,647000.0,65.8,24,No,52.4,Tier 2 - Warm
PROS-102806,Professional Services,East,1-9 employees,441000.0,29.9,29,Yes,34.2,Tier 2 - Warm
PROS-102807,Construction,South,50-249 employees,2599000.0,13.9,9,Yes,26.8,Tier 3 - Nurture
PROS-102808,Hospitality,West,250-999 employees,676000.0,46.8,30,No,64.4,Tier 2 - Warm
PROS-102809,Retail Trade,East,250-999 employees,1849000.0,36.75,36,Yes,65.0,Tier 2 - Warm
PROS-102810,Transportation & Logistics,Central,50-249 employees,1395000.0,6.9,3,Yes,19.2,Tier 3 - Nurture
PROS-102811,Professional Services,East,1000+ employees,1950000.0,37.7,8,No,50.8,Tier 2 - Warm
PROS-102812,Retail Trade,East,10-49 employees,4168000.0,37.2,6,No,26.5,Tier 3 - Nurture
PROS-102813,Education,Central,1000+ employees,3154000.0,41.8,37,Yes,75.3,Tier 1 - Priority
PROS-102814,Retail Trade,East,250-999 employees,9410000.0,23.3,12,No,40.5,Tier 2 - Warm
PROS-102815,Manufacturing,South,1-9 employees,2783000.0,40.25,37,Yes,44.7,Tier 2 - Warm
PROS-102816,Technology,South,250-999 employees,349000.0,19.8,15,No,41.5,Tier 2 - Warm
PROS-102817,Wholesale Distribution,Central,50-249 employees,1852000.0,30.7,39,No,57.4,Tier 2 - Warm
PROS-102818,Retail Trade,West,50-249 employees,1594000.0,38.4,22,No,47.1,Tier 2 - Warm
PROS-102819,Hospitality,North,250-999 employees,6030000.0,41.5,12,Yes,48.0,Tier 2 - Warm
PROS-102820,Transportation & Logistics,East,10-49 employees,252000.0,23.2,20,Yes,31.8,Tier 3 - Nurture
PROS-102821,Wholesale Distribution,South,10-49 employees,749000.0,38.3,6,No,26.9,Tier 3 - Nurture
PROS-102822,Retail Trade,West,10-49 employees,345000.0,26.6,8,Yes,23.7,Tier 3 - Nurture
PROS-102823,Education,North,50-249 employees,1282000.0,71.4,25,Yes,63.0,Tier 2 - Warm
PROS-102824,Technology,West,250-999 employees,576000.0,43.6,30,No,63.0,Tier 2 - Warm
PROS-102825,Wholesale Distribution,West,250-999 employees,1236000.0,19.6,17,No,43.0,Tier 2 - Warm
PROS-102826,Construction,South,50-249 employees,155000.0,38.599999999999994,34,No,56.7,Tier 2 - Warm
PROS-102827,Education,North,1000+ employees,1745000.0,63.4,16,Yes,67.6,Tier 1 - Priority
PROS-102828,Technology,West,1-9 employees,915000.0,39.7,15,Yes,27.1,Tier 3 - Nurture
PROS-102829,Retail Trade,South,1000+ employees,862000.0,31.1,22,Yes,59.1,Tier 2 - Warm
PROS-102830,Education,Central,1-9 employees,6232000.0,46.9,16,No,30.8,Tier 3 - Nurture
PROS-102831,Hospitality,West,10-49 employees,479000.0,27.3,27,No,39.0,Tier 2 - Warm
PROS-102832,Construction,Central,1-9 employees,1063000.0,38.9,36,Yes,43.4,Tier 2 - Warm
PROS-102833,Transportation & Logistics,East,10-49 employees,814000.0,22.9,13,Yes,26.2,Tier 3 - Nurture
PROS-102834,Construction,Central,10-49 employees,907000.0,58.5,20,No,46.2,Tier 2 - Warm
PROS-102835,Transportation & Logistics,North,1-9 employees,8402000.0,8.6,14,Yes,13.6,Tier 3 - Nurture
PROS-102836,Education,South,10-49 employees,782000.0,7.4,24,Yes,28.5,Tier 3 - Nurture
PROS-102837,Wholesale Distribution,North,50-249 employees,391000.0,28.5,24,No,44.6,Tier 2 - Warm
PROS-102838,Professional Services,West,1-9 employees,5712000.0,34.5,18,Yes,27.4,Tier 3 - Nurture
PROS-102839,Education,East,50-249 employees,520000.0,37.6,3,No,31.8,Tier 3 - Nurture
PROS-102840,Healthcare,South,1-9 employees,125000.0,31.6,37,No,41.2,Tier 2 - Warm
PROS-102841,Hospitality,South,1-9 employees,323000.0,23.1,28,No,30.6,Tier 3 - Nurture
PROS-102842,Hospitality,West,1-9 employees,724000.0,30.0,29,Yes,34.2,Tier 2 - Warm
PROS-102843,Healthcare,North,10-49 employees,101000.0,33.849999999999994,32,No,45.6,Tier 2 - Warm
PROS-102844,Healthcare,East,50-249 employees,489000.0,12.4,2,No,20.7,Tier 3 - Nurture
PROS-102845,Healthcare,West,10-49 employees,675000.0,52.5,35,No,55.6,Tier 2 - Warm
PROS-102846,Wholesale Distribution,South,50-249 employees,2673000.0,54.9,4,Yes,39.6,Tier 2 - Warm
PROS-102847,Construction,South,10-49 employees,1458000.0,42.2,30,No,47.5,Tier 2 - Warm
PROS-102848,Professional Services,South,50-249 employees,1386000.0,41.1,38,No,60.8,Tier 2 - Warm
PROS-102849,Construction,East,1000+ employees,705500.0,8.3,20,Yes,48.2,Tier 2 - Warm
PROS-102850,Retail Trade,South,10-49 employees,1931000.0,16.0,28,No,35.2,Tier 2 - Warm
PROS-102851,Construction,South,1-9 employees,3370000.0,25.1,35,Yes,36.9,Tier 2 - Warm
PROS-102852,Retail Trade,East,1-9 employees,1126000.0,27.2,23,Yes,28.3,Tier 3 - Nurture
PROS-102853,Manufacturing,North,10-49 employees,1161000.0,73.8,20,Yes,52.5,Tier 2 - Warm
PROS-102854,Hospitality,East,10-49 employees,181000.0,41.5,32,Yes,48.8,Tier 2 - Warm
PROS-102855,Manufacturing,North,1-9 employees,2327000.0,12.0,31,Yes,28.4,Tier 3 - Nurture
PROS-102856,Transportation & Logistics,North,250-999 employees,5173000.0,34.4,4,No,38.8,Tier 2 - Warm
PROS-102857,Hospitality,South,1000+ employees,1041000.0,40.9,3,Yes,48.1,Tier 2 - Warm
PROS-102858,Hospitality,South,1-9 employees,379000.0,2.4,28,Yes,22.1,Tier 3 - Nurture
PROS-102859,Healthcare,North,1-9 employees,610000.0,52.4,28,Yes,42.6,Tier 2 - Warm
PROS-102860,Retail Trade,Central,1-9 employees,459000.0,29.7,32,No,36.4,Tier 2 - Warm
PROS-102861,Education,South,10-49 employees,491000.0,42.6,4,Yes,27.1,Tier 3 - Nurture
PROS-102862,Wholesale Distribution,Central,250-999 employees,1488000.0,87.8,7,No,62.9,Tier 2 - Warm
PROS-102863,Technology,Central,10-49 employees,992000.0,43.8,2,No,26.0,Tier 3 - Nurture
PROS-102864,Manufacturing,Central,1-9 employees,2201000.0,36.2,12,No,23.3,Tier 3 - Nurture
PROS-102865,Manufacturing,Central,10-49 employees,1097000.0,13.4,20,No,27.8,Tier 3 - Nurture
PROS-102866,Construction,North,1-9 employees,724000.0,75.4,15,No,41.7,Tier 2 - Warm
PROS-102867,Retail Trade,South,10-49 employees,421000.0,18.6,5,No,18.1,Tier 3 - Nurture
PROS-102868,Wholesale Distribution,West,10-49 employees,393000.0,9.0,22,Yes,27.6,Tier 3 - Nurture
PROS-102869,Professional Services,East,10-49 employees,594000.0,74.6,13,Yes,47.3,Tier 2 - Warm
PROS-102870,Professional Services,North,10-49 employees,5252000.0,69.4,12,No,44.4,Tier 2 - Warm
PROS-102871,Education,East,250-999 employees,6264000.0,42.5,31,No,63.4,Tier 2 - Warm
PROS-102872,Wholesale Distribution,Central,1-9 employees,1831000.0,50.5,13,No,29.9,Tier 3 - Nurture
PROS-102873,Professional Services,Central,50-249 employees,831000.0,44.2,22,No,49.5,Tier 2 - Warm
PROS-102874,Construction,South,1-9 employees,163000.0,26.8,3,No,12.4,Tier 3 - Nurture
PROS-102875,Transportation & Logistics,South,1-9 employees,929000.0,32.4,29,Yes,35.2,Tier 2 - Warm
PROS-102876,Technology,South,250-999 employees,306000.0,12.5,22,Yes,44.0,Tier 2 - Warm
PROS-102877,Education,South,50-249 employees,4384000.0,86.2,31,Yes,73.7,Tier 1 - Priority
PROS-102878,Wholesale Distribution,South,1-9 employees,125000.0,53.5,12,No,30.4,Tier 3 - Nurture
PROS-102879,Education,South,10-49 employees,1113000.0,15.2,19,No,27.8,Tier 3 - Nurture
PROS-102880,Manufacturing,East,50-249 employees,279000.0,64.9,17,Yes,54.0,Tier 2 - Warm
PROS-102881,Professional Services,North,250-999 employees,722000.0,41.2,39,Yes,69.2,Tier 1 - Priority
PROS-102882,Transportation & Logistics,South,10-49 employees,1518000.0,36.9,4,No,24.8,Tier 3 - Nurture
PROS-102883,Manufacturing,South,1-9 employees,724000.0,48.0,8,No,25.0,Tier 3 - Nurture
PROS-102884,Construction,North,10-49 employees,682000.0,38.2,38,No,52.2,Tier 2 - Warm
PROS-102885,Retail Trade,Central,1-9 employees,1685000.0,43.7,4,Yes,20.1,Tier 3 - Nurture
PROS-102886,Education,West,1-9 employees,352000.0,60.9,11,Yes,32.6,Tier 3 - Nurture
PROS-102887,Manufacturing,Central,10-49 employees,956000.0,39.8,13,No,33.1,Tier 2 - Warm
PROS-102888,Retail Trade,East,50-249 employees,2197000.0,83.3,31,Yes,72.6,Tier 1 - Priority
PROS-102889,Retail Trade,North,1-9 employees,1051000.0,38.2,30,Yes,38.3,Tier 2 - Warm
PROS-102890,Retail Trade,Central,50-249 employees,407000.0,80.5,34,Yes,73.8,Tier 1 - Priority
PROS-102891,Transportation & Logistics,East,50-249 employees,537000.0,67.3,4,No,44.7,Tier 2 - Warm
PROS-102892,Construction,West,50-249 employees,2229000.0,89.6,9,Yes,57.8,Tier 2 - Warm
PROS-102893,Education,South,1-9 employees,724000.0,42.6,19,Yes,31.5,Tier 3 - Nurture
PROS-102894,Professional Services,East,10-49 employees,258000.0,48.1,29,Yes,49.1,Tier 2 - Warm
PROS-102895,Transportation & Logistics,East,1-9 employees,1414000.0,80.7,23,Yes,50.2,Tier 2 - Warm
PROS-102896,Technology,South,1-9 employees,450000.0,2.8,21,No,16.8,Tier 3 - Nurture
PROS-102897,Technology,East,1-9 employees,724000.0,32.2,32,No,37.5,Tier 2 - Warm
PROS-102898,Hospitality,West,1-9 employees,3223000.0,32.8,8,Yes,18.8,Tier 3 - Nurture
PROS-102899,Professional Services,North,1-9 employees,218000.0,44.2,33,No,43.2,Tier 2 - Warm
PROS-102900,Transportation & Logistics,North,1-9 employees,586000.0,28.3,26,Yes,31.1,Tier 3 - Nurture
PROS-102901,Wholesale Distribution,Central,250-999 employees,369000.0,48.3,10,No,49.2,Tier 2 - Warm
PROS-102902,Wholesale Distribution,East,50-249 employees,526000.0,4.9,18,No,30.3,Tier 3 - Nurture
PROS-102903,Technology,Central,1-9 employees,276000.0,6.7,11,Yes,10.5,Tier 3 - Nurture
PROS-102904,Technology,West,250-999 employees,1600000.0,66.8,13,No,59.1,Tier 2 - Warm
PROS-102905,Wholesale Distribution,West,1-9 employees,724000.0,47.9,27,Yes,39.9,Tier 2 - Warm
PROS-102906,Technology,Central,10-49 employees,2152000.0,39.7,12,No,32.2,Tier 3 - Nurture
PROS-102907,Education,West,50-249 employees,373000.0,69.5,34,No,69.3,Tier 1 - Priority
PROS-102908,Retail Trade,South,10-49 employees,7620000.0,37.15,4,Yes,24.9,Tier 3 - Nurture
PROS-102909,Construction,East,1-9 employees,724000.0,26.2,7,No,15.3,Tier 3 - Nurture
PROS-102910,Retail Trade,South,10-49 employees,128000.0,35.8,36,Yes,49.6,Tier 2 - Warm
PROS-102911,Manufacturing,South,10-49 employees,5017000.0,10.2,29,No,33.6,Tier 2 - Warm
PROS-102912,Healthcare,West,10-49 employees,1229000.0,34.2,18,Yes,34.7,Tier 2 - Warm
PROS-102913,Professional Services,North,10-49 employees,749000.0,40.2,10,No,30.9,Tier 3 - Nurture
PROS-102914,Healthcare,West,10-49 employees,1172000.0,52.2,10,Yes,35.8,Tier 2 - Warm
PROS-102915,Healthcare,East,1-9 employees,1367000.0,29.2,8,Yes,17.3,Tier 3 - Nurture
PROS-102916,Technology,South,10-49 employees,1014000.0,32.1,35,No,47.3,Tier 2 - Warm
PROS-102917,Education,North,1-9 employees,252000.0,28.7,14,No,21.8,Tier 3 - Nurture
PROS-102918,Wholesale Distribution,West,250-999 employees,1794000.0,50.9,37,Yes,71.6,Tier 1 - Priority
PROS-102919,Construction,Central,50-249 employees,738500.0,35.0,31,No,52.8,Tier 2 - Warm
PROS-102920,Construction,West,10-49 employees,3511000.0,30.0,14,No,29.9,Tier 3 - Nurture
PROS-102921,Hospitality,East,50-249 employees,5079000.0,20.8,29,No,45.4,Tier 2 - Warm
PROS-102922,Retail Trade,West,1-9 employees,724000.0,80.1,19,Yes,46.8,Tier 2 - Warm
PROS-102923,Transportation & Logistics,East,1-9 employees,189000.0,35.0,19,No,28.3,Tier 3 - Nurture
PROS-102924,Healthcare,South,10-49 employees,5126000.0,42.1,31,Yes,48.2,Tier 2 - Warm
PROS-102925,Retail Trade,South,10-49 employees,238000.0,26.3,28,No,39.4,Tier 2 - Warm
PROS-102926,Technology,South,50-249 employees,1058000.0,21.0,9,No,29.7,Tier 3 - Nurture
PROS-102927,Construction,Central,1000+ employees,705500.0,24.6,16,Yes,51.7,Tier 2 - Warm
PROS-102928,Retail Trade,West,10-49 employees,454000.0,49.3,37,Yes,55.9,Tier 2 - Warm
PROS-102929,Technology,North,10-49 employees,1691000.0,60.0,9,No,38.2,Tier 2 - Warm
PROS-102930,Retail Trade,Central,10-49 employees,954000.0,24.6,28,Yes,38.7,Tier 2 - Warm
PROS-102931,Technology,North,1-9 employees,1283000.0,44.3,33,Yes,43.2,Tier 2 - Warm
PROS-102932,Retail Trade,East,1-9 employees,297000.0,17.4,24,Yes,25.1,Tier 3 - Nurture
PROS-102933,Healthcare,North,1000+ employees,602000.0,60.0,3,No,55.9,Tier 2 - Warm
PROS-102934,Wholesale Distribution,South,50-249 employees,313000.0,5.1,34,Yes,43.0,Tier 2 - Warm
PROS-102935,Professional Services,West,1000+ employees,586000.0,64.9,36,Yes,84.0,Tier 1 - Priority
PROS-102936,Hospitality,Central,1-9 employees,724000.0,37.6,26,No,34.9,Tier 2 - Warm
PROS-102937,Hospitality,Central,1-9 employees,5547000.0,69.6,31,No,52.0,Tier 2 - Warm
PROS-102938,Education,Central,10-49 employees,548000.0,60.9,2,No,33.0,Tier 3 - Nurture
PROS-102939,Retail Trade,South,250-999 employees,70000.0,59.6,29,Yes,68.8,Tier 1 - Priority
PROS-102940,Hospitality,North,1-9 employees,3384000.0,53.0,32,No,46.0,Tier 2 - Warm
PROS-102941,Education,Central,1-9 employees,1196000.0,32.7,23,Yes,30.6,Tier 3 - Nurture
PROS-102942,Hospitality,Central,1-9 employees,632000.0,66.8,21,No,42.9,Tier 2 - Warm
PROS-102943,Retail Trade,South,50-249 employees,451000.0,37.0,32,Yes,54.4,Tier 2 - Warm
PROS-102944,Wholesale Distribution,North,50-249 employees,257000.0,34.5,26,No,48.7,Tier 2 - Warm
PROS-102945,Retail Trade,West,50-249 employees,6149000.0,30.5,2,No,28.1,Tier 3 - Nurture
PROS-102946,Transportation & Logistics,North,1-9 employees,772000.0,46.0,8,Yes,24.2,Tier 3 - Nurture
PROS-102947,Healthcare,North,50-249 employees,108000.0,17.3,24,Yes,40.1,Tier 2 - Warm
PROS-102948,Transportation & Logistics,Central,10-49 employees,1046000.0,32.2,24,Yes,38.7,Tier 2 - Warm
PROS-102949,Transportation & Logistics,East,1-9 employees,724000.0,38.3,11,Yes,23.4,Tier 3 - Nurture
PROS-102950,Manufacturing,North,1-9 employees,866000.0,83.2,6,Yes,37.8,Tier 2 - Warm
PROS-102951,Transportation & Logistics,West,10-49 employees,271000.0,89.8,25,Yes,63.0,Tier 2 - Warm
PROS-102952,Education,South,1-9 employees,245000.0,42.6,13,Yes,26.7,Tier 3 - Nurture
PROS-102953,Healthcare,East,1000+ employees,266000.0,26.9,27,Yes,61.4,Tier 2 - Warm
PROS-102954,Professional Services,Central,10-49 employees,3890000.0,38.1,26,Yes,42.6,Tier 2 - Warm
PROS-102955,Education,South,10-49 employees,674000.0,55.7,9,No,36.4,Tier 2 - Warm
PROS-102956,Manufacturing,West,50-249 employees,115000.0,34.5,30,Yes,51.8,Tier 2 - Warm
PROS-102957,Healthcare,Central,50-249 employees,1113000.0,35.3,7,Yes,34.0,Tier 2 - Warm
PROS-102958,Transportation & Logistics,East,1-9 employees,852000.0,30.9,16,Yes,24.3,Tier 3 - Nurture
PROS-102959,Healthcare,Central,10-49 employees,445000.0,6.3,23,Yes,27.3,Tier 3 - Nurture
PROS-102960,Education,East,1-9 employees,237000.0,41.3,35,Yes,43.6,Tier 2 - Warm
PROS-102961,Healthcare,East,10-49 employees,749000.0,36.0,37,Yes,50.5,Tier 2 - Warm
PROS-102962,Education,Central,50-249 employees,2410000.0,36.7,28,Yes,51.1,Tier 2 - Warm
PROS-102963,Manufacturing,West,10-49 employees,749000.0,59.5,26,Yes,51.4,Tier 2 - Warm
PROS-102964,Hospitality,Central,10-49 employees,1235000.0,39.9,20,Yes,38.6,Tier 2 - Warm
PROS-102965,Transportation & Logistics,West,1-9 employees,955000.0,30.0,19,No,26.3,Tier 3 - Nurture
PROS-102966,Professional Services,West,10-49 employees,1046000.0,18.8,22,No,31.6,Tier 3 - Nurture
PROS-102967,Professional Services,South,1-9 employees,436000.0,56.9,37,No,51.5,Tier 2 - Warm
PROS-102968,Hospitality,South,250-999 employees,582000.0,9.4,26,Yes,45.9,Tier 2 - Warm
PROS-102969,Technology,Central,10-49 employees,2627000.0,14.9,32,Yes,37.9,Tier 2 - Warm
PROS-102970,Technology,West,250-999 employees,3457000.0,70.6,22,No,67.8,Tier 1 - Priority
PROS-102971,Manufacturing,South,10-49 employees,190000.0,37.2,29,No,44.6,Tier 2 - Warm
PROS-102972,Transportation & Logistics,South,50-249 employees,580000.0,38.2,34,Yes,56.5,Tier 2 - Warm
PROS-102973,Education,West,1-9 employees,1836000.0,21.7,18,No,22.1,Tier 3 - Nurture
PROS-102974,Manufacturing,North,1-9 employees,5782000.0,62.3,26,Yes,45.0,Tier 2 - Warm
PROS-102975,Healthcare,North,1-9 employees,5179000.0,73.1,20,Yes,44.7,Tier 2 - Warm
PROS-102976,Healthcare,West,1-9 employees,304000.0,61.2,20,No,39.8,Tier 2 - Warm
PROS-102977,Wholesale Distribution,South,250-999 employees,2965000.0,51.3,11,No,51.2,Tier 2 - Warm
PROS-102978,Professional Services,West,50-249 employees,778000.0,57.0,33,No,63.4,Tier 2 - Warm
PROS-102979,Healthcare,East,10-49 employees,2301000.0,18.2,32,No,39.2,Tier 2 - Warm
PROS-102980,Hospitality,Central,10-49 employees,1736000.0,18.9,36,Yes,42.7,Tier 2 - Warm
PROS-102981,Manufacturing,East,10-49 employees,182000.0,34.150000000000006,12,Yes,30.0,Tier 3 - Nurture
PROS-102982,Wholesale Distribution,Central,10-49 employees,1336000.0,42.2,39,Yes,54.6,Tier 2 - Warm
PROS-102983,Wholesale Distribution,Central,50-249 employees,2205000.0,39.6,28,Yes,52.3,Tier 2 - Warm
PROS-102984,Hospitality,South,10-49 employees,713000.0,22.9,14,No,27.0,Tier 3 - Nurture
PROS-102985,Technology,Central,50-249 employees,556000.0,38.6,35,Yes,57.4,Tier 2 - Warm
PROS-102986,Hospitality,West,1-9 employees,724000.0,18.6,22,Yes,24.0,Tier 3 - Nurture
PROS-102987,Hospitality,North,1000+ employees,1547000.0,75.4,22,No,77.2,Tier 1 - Priority
PROS-102988,Education,North,1-9 employees,918000.0,33.8,30,Yes,36.5,Tier 2 - Warm
PROS-102989,Healthcare,South,10-49 employees,749000.0,24.0,7,Yes,21.9,Tier 3 - Nurture
PROS-102990,Healthcare,North,250-999 employees,510000.0,40.6,19,No,53.1,Tier 2 - Warm
PROS-102991,Technology,South,1-9 employees,865000.0,47.5,1,Yes,19.2,Tier 3 - Nurture
PROS-102992,Retail Trade,Central,1-9 employees,395000.0,26.4,17,No,23.3,Tier 3 - Nurture
PROS-102993,Wholesale Distribution,East,10-49 employees,732000.0,30.0,27,Yes,40.1,Tier 2 - Warm
PROS-102994,Hospitality,North,10-49 employees,106000.0,73.5,39,Yes,67.4,Tier 1 - Priority
PROS-102995,Technology,East,250-999 employees,3218000.0,10.1,9,Yes,32.8,Tier 3 - Nurture
PROS-102996,Construction,South,50-249 employees,742000.0,51.5,35,Yes,62.7,Tier 2 - Warm
PROS-102997,Construction,Central,10-49 employees,218000.0,9.0,2,Yes,11.8,Tier 3 - Nurture
PROS-102998,Healthcare,North,1000+ employees,49000.0,81.6,1,No,63.2,Tier 2 - Warm
PROS-102999,Technology,West,10-49 employees,2263000.0,30.1,14,Yes,29.9,Tier 3 - Nurture
PROS-103000,Hospitality,East,250-999 employees,1348000.0,21.1,12,Yes,39.6,Tier 2 - Warm
PROS-103001,Technology,North,1-9 employees,920000.0,18.1,23,Yes,24.6,Tier 3 - Nurture
PROS-103002,Education,West,10-49 employees,1886000.0,49.5,8,No,33.1,Tier 2 - Warm
PROS-103003,Education,East,1-9 employees,1880000.0,30.1,22,Yes,28.7,Tier 3 - Nurture
PROS-103004,Hospitality,West,1-9 employees,903000.0,7.9,39,Yes,33.1,Tier 2 - Warm
PROS-103005,Construction,West,50-249 employees,551000.0,82.2,7,No,53.2,Tier 2 - Warm
PROS-103006,Transportation & Logistics,West,1-9 employees,461000.0,65.4,17,No,39.2,Tier 2 - Warm
PROS-103007,Healthcare,East,10-49 employees,1159000.0,36.0,24,Yes,40.2,Tier 2 - Warm
PROS-103008,Technology,North,50-249 employees,3391000.0,58.6,17,Yes,51.4,Tier 2 - Warm
PROS-103009,Wholesale Distribution,North,1-9 employees,651000.0,31.8,17,No,25.5,Tier 3 - Nurture
PROS-103010,Construction,East,10-49 employees,3701000.0,33.1,2,Yes,21.7,Tier 3 - Nurture
PROS-103011,Transportation & Logistics,South,50-249 employees,1100000.0,38.150000000000006,19,No,44.6,Tier 2 - Warm
PROS-103012,Manufacturing,West,250-999 employees,1109000.0,34.1,37,Yes,64.7,Tier 2 - Warm
PROS-103013,Hospitality,East,1-9 employees,724000.0,15.0,35,Yes,32.8,Tier 3 - Nurture
PROS-103014,Healthcare,Central,1000+ employees,4493000.0,4.5,32,Yes,56.1,Tier 2 - Warm
PROS-103015,Healthcare,North,50-249 employees,4623000.0,19.7,4,Yes,25.3,Tier 3 - Nurture
PROS-103016,Transportation & Logistics,South,50-249 employees,303000.0,43.8,5,Yes,35.9,Tier 2 - Warm
PROS-103017,Professional Services,West,10-49 employees,8133000.0,37.6,21,No,38.5,Tier 2 - Warm
PROS-103018,Transportation & Logistics,North,50-249 employees,666000.0,25.7,12,No,34.0,Tier 2 - Warm
PROS-103019,Hospitality,South,50-249 employees,568000.0,28.8,7,Yes,31.3,Tier 3 - Nurture
PROS-103020,Construction,West,1-9 employees,68000.0,4.0,8,No,7.0,Tier 3 - Nurture
PROS-103021,Retail Trade,East,1000+ employees,1044000.0,90.3,8,Yes,72.3,Tier 1 - Priority
PROS-103022,Construction,West,250-999 employees,222000.0,56.8,4,No,47.9,Tier 2 - Warm
PROS-103023,Retail Trade,East,10-49 employees,1143000.0,46.5,24,Yes,44.5,Tier 2 - Warm
PROS-103024,Construction,Central,50-249 employees,203000.0,57.3,17,Yes,50.9,Tier 2 - Warm
PROS-103025,Technology,Central,10-49 employees,5270000.0,39.7,27,Yes,44.1,Tier 2 - Warm
PROS-103026,Retail Trade,Central,50-249 employees,1338000.0,26.7,9,No,32.1,Tier 3 - Nurture
PROS-103027,Hospitality,North,50-249 employees,8956000.0,10.3,24,Yes,37.2,Tier 2 - Warm
PROS-103028,Professional Services,East,1-9 employees,237000.0,18.3,8,No,12.8,Tier 3 - Nurture
PROS-103029,Wholesale Distribution,North,1-9 employees,4009000.0,5.2,37,Yes,30.4,Tier 3 - Nurture
PROS-103030,Hospitality,South,1-9 employees,100000.0,57.1,7,No,27.9,Tier 3 - Nurture
PROS-103031,Professional Services,South,250-999 employees,917000.0,72.1,31,No,75.5,Tier 1 - Priority
PROS-103032,Transportation & Logistics,West,10-49 employees,364000.0,52.0,27,Yes,49.1,Tier 2 - Warm
PROS-103033,Retail Trade,East,250-999 employees,446000.0,36.75,8,No,42.9,Tier 2 - Warm
PROS-103034,Manufacturing,Central,10-49 employees,413000.0,55.4,4,Yes,32.3,Tier 3 - Nurture
PROS-103035,Education,South,1-9 employees,267000.0,42.1,25,Yes,36.0,Tier 2 - Warm
PROS-103036,Wholesale Distribution,West,250-999 employees,182000.0,67.8,2,Yes,50.8,Tier 2 - Warm
PROS-103037,Retail Trade,West,10-49 employees,448000.0,86.8,25,Yes,61.7,Tier 2 - Warm
PROS-103038,Professional Services,Central,10-49 employees,829000.0,29.6,27,No,40.0,Tier 2 - Warm
PROS-103039,Retail Trade,South,1-9 employees,2624000.0,13.3,26,Yes,25.0,Tier 3 - Nurture
PROS-103040,Construction,West,1-9 employees,1009000.0,43.4,39,Yes,47.6,Tier 2 - Warm
PROS-103041,Professional Services,North,1-9 employees,2632000.0,31.0,17,Yes,25.1,Tier 3 - Nurture
PROS-103042,Construction,East,10-49 employees,143000.0,24.1,20,No,32.2,Tier 3 - Nurture
PROS-103043,Transportation & Logistics,East,10-49 employees,453000.0,38.3,37,No,51.4,Tier 2 - Warm
PROS-103044,Retail Trade,Central,1-9 employees,1595000.0,49.0,34,No,45.9,Tier 2 - Warm
PROS-103045,Wholesale Distribution,West,1-9 employees,1064000.0,7.1,19,No,16.9,Tier 3 - Nurture
PROS-103046,Hospitality,Central,1-9 employees,283000.0,36.5,17,No,27.4,Tier 3 - Nurture
PROS-103047,Hospitality,Central,10-49 employees,2038000.0,46.9,31,No,50.2,Tier 2 - Warm
PROS-103048,Retail Trade,East,1000+ employees,407000.0,70.1,23,Yes,75.8,Tier 1 - Priority
PROS-103049,Hospitality,West,10-49 employees,749000.0,36.6,19,Yes,36.5,Tier 2 - Warm
PROS-103050,Wholesale Distribution,North,1-9 employees,1246000.0,39.8,32,No,40.6,Tier 2 - Warm
PROS-103051,Retail Trade,East,10-49 employees,734000.0,25.3,31,Yes,41.4,Tier 2 - Warm
PROS-103052,Hospitality,North,250-999 employees,410000.0,41.5,17,Yes,51.9,Tier 2 - Warm
PROS-103053,Construction,West,50-249 employees,395000.0,11.0,16,No,31.2,Tier 3 - Nurture
PROS-103054,Hospitality,Central,50-249 employees,225000.0,64.4,27,Yes,61.7,Tier 2 - Warm
PROS-103055,Healthcare,West,250-999 employees,472000.0,49.8,1,No,42.7,Tier 2 - Warm
PROS-103056,Wholesale Distribution,Central,10-49 employees,2446000.0,14.8,31,No,37.1,Tier 2 - Warm
PROS-103057,Retail Trade,South,1000+ employees,955000.0,43.8,20,Yes,62.7,Tier 2 - Warm
PROS-103058,Construction,Central,1-9 employees,2094000.0,28.4,35,No,38.3,Tier 2 - Warm
PROS-103059,Professional Services,East,50-249 employees,1287000.0,1.8,22,Yes,32.2,Tier 3 - Nurture
PROS-103060,Professional Services,West,250-999 employees,372000.0,31.0,16,No,46.8,Tier 2 - Warm
PROS-103061,Construction,West,250-999 employees,119000.0,52.5,5,Yes,46.9,Tier 2 - Warm
PROS-103062,Construction,West,10-49 employees,263000.0,47.3,1,Yes,26.7,Tier 3 - Nurture
PROS-103063,Retail Trade,South,50-249 employees,349000.0,72.5,26,Yes,64.2,Tier 2 - Warm
PROS-103064,Hospitality,West,1-9 employees,320000.0,29.5,8,No,17.4,Tier 3 - Nurture
PROS-103065,Transportation & Logistics,West,10-49 employees,2146000.0,41.2,34,No,50.2,Tier 2 - Warm
PROS-103066,Wholesale Distribution,Central,10-49 employees,2122000.0,34.6,20,No,36.5,Tier 2 - Warm
PROS-103067,Hospitality,East,10-49 employees,8311000.0,27.6,34,No,44.7,Tier 2 - Warm
PROS-103068,Retail Trade,East,50-249 employees,315000.0,16.1,19,No,35.6,Tier 2 - Warm
PROS-103069,Manufacturing,East,1-9 employees,4228000.0,34.7,15,No,25.1,Tier 3 - Nurture
PROS-103070,Healthcare,North,1-9 employees,4199000.0,43.5,6,Yes,21.6,Tier 3 - Nurture
PROS-103071,Healthcare,North,1-9 employees,565000.0,68.5,16,No,39.7,Tier 2 - Warm
PROS-103072,Professional Services,North,50-249 employees,1228000.0,48.1,33,No,59.8,Tier 2 - Warm
PROS-103073,Hospitality,West,50-249 employees,2856000.0,34.7,34,No,55.1,Tier 2 - Warm
PROS-103074,Transportation & Logistics,East,50-249 employees,684000.0,40.2,19,Yes,45.5,Tier 2 - Warm
PROS-103075,Hospitality,Central,1-9 employees,628000.0,59.2,39,No,54.0,Tier 2 - Warm
PROS-103076,Retail Trade,West,50-249 employees,366000.0,28.8,2,Yes,27.4,Tier 3 - Nurture
PROS-103077,Wholesale Distribution,North,50-249 employees,54000.0,26.6,3,Yes,27.3,Tier 3 - Nurture
PROS-103078,Professional Services,North,1-9 employees,788000.0,73.5,3,Yes,31.4,Tier 3 - Nurture
PROS-103079,Healthcare,South,1-9 employees,334000.0,37.2,3,No,16.6,Tier 3 - Nurture
PROS-103080,Healthcare,Central,10-49 employees,223000.0,16.3,1,No,14.0,Tier 3 - Nurture
PROS-103081,Wholesale Distribution,North,10-49 employees,1161000.0,79.6,3,Yes,41.4,Tier 2 - Warm
PROS-103082,Professional Services,North,1-9 employees,148000.0,41.0,32,No,41.1,Tier 2 - Warm
PROS-103083,Professional Services,North,1-9 employees,1770000.0,33.2,19,Yes,27.6,Tier 3 - Nurture
PROS-103084,Construction,East,1-9 employees,1242000.0,9.7,31,Yes,27.5,Tier 3 - Nurture
PROS-103085,Construction,Central,1-9 employees,470000.0,50.1,31,No,44.0,Tier 2 - Warm
PROS-103086,Retail Trade,West,1-9 employees,680000.0,69.7,27,Yes,48.8,Tier 2 - Warm
PROS-103087,Retail Trade,East,50-249 employees,197000.0,59.2,4,No,41.4,Tier 2 - Warm
PROS-103088,Professional Services,North,10-49 employees,1665000.0,44.1,5,Yes,28.5,Tier 3 - Nurture
PROS-103089,Healthcare,South,10-49 employees,749000.0,34.1,27,Yes,41.8,Tier 2 - Warm
PROS-103090,Construction,East,50-249 employees,973000.0,49.9,38,No,64.4,Tier 2 - Warm
PROS-103091,Construction,South,10-49 employees,1267000.0,29.4,7,Yes,24.1,Tier 3 - Nurture
PROS-103092,Hospitality,West,1-9 employees,360000.0,42.1,25,No,36.0,Tier 2 - Warm
PROS-103093,Professional Services,Central,1-9 employees,137000.0,50.4,2,No,21.2,Tier 3 - Nurture
PROS-103094,Education,South,1-9 employees,2091000.0,47.0,8,Yes,24.6,Tier 3 - Nurture
PROS-103095,Hospitality,South,10-49 employees,1556000.0,57.8,24,No,49.1,Tier 2 - Warm
PROS-103096,Retail Trade,North,10-49 employees,405000.0,12.8,26,Yes,32.3,Tier 3 - Nurture
PROS-103097,Construction,West,10-49 employees,1144000.0,6.8,24,No,28.3,Tier 3 - Nurture
PROS-103098,Retail Trade,East,10-49 employees,2910000.0,68.4,18,Yes,48.7,Tier 2 - Warm
PROS-103099,Professional Services,South,1000+ employees,2552000.0,74.6,12,Yes,69.0,Tier 1 - Priority
PROS-103100,Construction,South,1-9 employees,392000.0,45.6,32,Yes,42.9,Tier 2 - Warm
PROS-103101,Retail Trade,North,10-49 employees,142000.0,35.9,13,No,31.5,Tier 3 - Nurture
PROS-103102,Manufacturing,East,10-49 employees,171000.0,34.150000000000006,28,Yes,42.6,Tier 2 - Warm
PROS-103103,Healthcare,West,50-249 employees,518000.0,49.5,14,No,45.3,Tier 2 - Warm
PROS-103104,Hospitality,South,50-249 employees,3644000.0,57.8,21,No,54.2,Tier 2 - Warm
PROS-103105,Construction,North,50-249 employees,327000.0,26.6,37,Yes,54.1,Tier 2 - Warm
PROS-103106,Wholesale Distribution,East,1-9 employees,379000.0,33.4,16,No,25.3,Tier 3 - Nurture
PROS-103107,Construction,West,10-49 employees,370000.0,41.6,34,No,50.4,Tier 2 - Warm
PROS-103108,Education,South,50-249 employees,406000.0,41.6,3,Yes,33.4,Tier 2 - Warm
PROS-103109,Professional Services,South,10-49 employees,720000.0,7.7,21,Yes,26.3,Tier 3 - Nurture
PROS-103110,Transportation & Logistics,North,1000+ employees,178000.0,38.3,20,No,60.5,Tier 2 - Warm
PROS-103111,Hospitality,West,10-49 employees,2404000.0,79.8,38,No,69.2,Tier 1 - Priority
PROS-103112,Manufacturing,Central,10-49 employees,622000.0,44.4,11,No,33.4,Tier 2 - Warm
PROS-103113,Education,West,10-49 employees,11151000.0,65.6,23,No,51.5,Tier 2 - Warm
PROS-103114,Construction,East,10-49 employees,201000.0,38.9,23,Yes,40.6,Tier 2 - Warm
PROS-103115,Healthcare,West,50-249 employees,4193000.0,13.9,4,Yes,22.9,Tier 3 - Nurture
PROS-103116,Technology,South,1-9 employees,3370000.0,39.8,39,No,46.1,Tier 2 - Warm
PROS-103117,Technology,North,10-49 employees,464000.0,6.3,19,Yes,24.1,Tier 3 - Nurture
PROS-103118,Manufacturing,South,10-49 employees,472000.0,40.25,18,No,37.2,Tier 2 - Warm
PROS-103119,Wholesale Distribution,West,250-999 employees,265000.0,42.9,35,Yes,66.7,Tier 1 - Priority
PROS-103120,Technology,West,10-49 employees,749000.0,33.2,3,No,22.5,Tier 3 - Nurture
PROS-103121,Education,Central,1000+ employees,729000.0,22.2,26,Yes,58.6,Tier 2 - Warm
PROS-103122,Healthcare,Central,250-999 employees,746000.0,20.5,1,No,30.7,Tier 3 - Nurture
PROS-103123,Technology,South,1-9 employees,125000.0,44.2,38,Yes,47.1,Tier 2 - Warm
PROS-103124,Healthcare,North,250-999 employees,9092000.0,68.7,32,No,74.9,Tier 1 - Priority
PROS-103125,Wholesale Distribution,South,1000+ employees,548000.0,38.0,21,No,61.2,Tier 2 - Warm
PROS-103126,Wholesale Distribution,Central,1-9 employees,784000.0,83.6,16,Yes,45.8,Tier 2 - Warm
PROS-103127,Education,Central,10-49 employees,366000.0,80.3,36,Yes,67.8,Tier 1 - Priority
PROS-103128,Transportation & Logistics,North,1-9 employees,544000.0,43.4,10,No,24.7,Tier 3 - Nurture
PROS-103129,Hospitality,North,10-49 employees,492000.0,22.1,30,Yes,39.3,Tier 2 - Warm
PROS-103130,Construction,East,1-9 employees,727000.0,30.4,17,No,24.9,Tier 3 - Nurture
PROS-103131,Healthcare,West,50-249 employees,718000.0,35.0,33,No,54.4,Tier 2 - Warm
PROS-103132,Hospitality,Central,10-49 employees,1768000.0,13.7,30,No,35.8,Tier 2 - Warm
PROS-103133,Manufacturing,West,10-49 employees,937000.0,52.7,39,Yes,58.9,Tier 2 - Warm
PROS-103134,Hospitality,South,1-9 employees,1583000.0,40.9,24,Yes,34.7,Tier 2 - Warm
PROS-103135,Manufacturing,North,50-249 employees,722000.0,63.5,12,Yes,49.5,Tier 2 - Warm
PROS-103136,Transportation & Logistics,West,10-49 employees,941000.0,69.0,35,Yes,62.4,Tier 2 - Warm
PROS-103137,Healthcare,East,10-49 employees,559000.0,31.6,25,No,39.2,Tier 2 - Warm
PROS-103138,Healthcare,Central,1-9 employees,724000.0,10.9,28,Yes,25.6,Tier 3 - Nurture
PROS-103139,Healthcare,East,1-9 employees,1040000.0,55.8,11,Yes,30.5,Tier 3 - Nurture
PROS-103140,Healthcare,East,10-49 employees,613000.0,62.1,21,Yes,48.5,Tier 2 - Warm
PROS-103141,Healthcare,South,250-999 employees,593000.0,37.8,34,Yes,63.8,Tier 2 - Warm
PROS-103142,Healthcare,North,1-9 employees,647000.0,33.849999999999994,15,No,24.7,Tier 3 - Nurture
PROS-103143,Transportation & Logistics,Central,50-249 employees,754000.0,52.5,23,Yes,53.7,Tier 2 - Warm
PROS-103144,Hospitality,Central,1-9 employees,686000.0,9.7,9,Yes,10.1,Tier 3 - Nurture
PROS-103145,Transportation & Logistics,North,50-249 employees,394000.0,12.1,7,Yes,24.5,Tier 3 - Nurture
PROS-103146,Technology,West,1-9 employees,1692000.0,26.9,31,Yes,34.5,Tier 2 - Warm
PROS-103147,Wholesale Distribution,South,10-49 employees,1814000.0,29.7,17,No,32.1,Tier 3 - Nurture
PROS-103148,Education,East,10-49 employees,5190000.0,58.2,9,No,37.4,Tier 2 - Warm
PROS-103149,Retail Trade,Central,1-9 employees,724000.0,47.7,8,No,24.9,Tier 3 - Nurture
PROS-103150,Hospitality,Central,1-9 employees,1518000.0,25.1,5,No,13.2,Tier 3 - Nurture
PROS-103151,Professional Services,North,10-49 employees,89000.0,33.8,18,Yes,34.6,Tier 2 - Warm
PROS-103152,Retail Trade,South,10-49 employees,749000.0,48.5,13,Yes,36.6,Tier 2 - Warm
PROS-103153,Hospitality,Central,1000+ employees,147000.0,43.5,4,Yes,50.0,Tier 2 - Warm
PROS-103154,Manufacturing,Central,10-49 employees,247000.0,19.3,19,No,29.4,Tier 3 - Nurture
PROS-103155,Wholesale Distribution,North,250-999 employees,1051000.0,23.2,38,Yes,61.0,Tier 2 - Warm
PROS-103156,Hospitality,Central,10-49 employees,368000.0,24.1,39,Yes,47.2,Tier 2 - Warm
PROS-103157,Education,East,1-9 employees,317000.0,16.6,24,Yes,24.8,Tier 3 - Nurture
PROS-103158,Technology,East,1-9 employees,428000.0,55.4,23,No,39.8,Tier 2 - Warm
PROS-103159,Wholesale Distribution,North,10-49 employees,1628000.0,1.0,39,Yes,37.7,Tier 2 - Warm
PROS-103160,Retail Trade,West,1-9 employees,724000.0,38.3,30,Yes,38.4,Tier 2 - Warm
PROS-103161,Wholesale Distribution,West,250-999 employees,687000.0,47.7,7,Yes,46.6,Tier 2 - Warm
PROS-103162,Retail Trade,West,50-249 employees,481000.0,56.1,21,Yes,53.5,Tier 2 - Warm
PROS-103163,Construction,West,10-49 employees,1797000.0,53.2,15,No,40.1,Tier 2 - Warm
PROS-103164,Retail Trade,Central,10-49 employees,1854000.0,67.6,6,No,38.9,Tier 2 - Warm
PROS-103165,Healthcare,Central,10-49 employees,97000.0,68.1,37,No,63.6,Tier 2 - Warm
PROS-103166,Hospitality,West,10-49 employees,2303000.0,34.7,23,No,38.9,Tier 2 - Warm
PROS-103167,Professional Services,Central,1-9 employees,373000.0,48.2,27,Yes,40.1,Tier 2 - Warm
PROS-103168,Wholesale Distribution,West,1-9 employees,946000.0,55.5,31,No,46.2,Tier 2 - Warm
PROS-103169,Technology,West,1-9 employees,260000.0,10.6,3,No,5.7,Tier 3 - Nurture
PROS-103170,Technology,East,1-9 employees,1097000.0,27.0,13,No,20.3,Tier 3 - Nurture
PROS-103171,Education,West,50-249 employees,12073000.0,39.6,35,Yes,57.9,Tier 2 - Warm
PROS-103172,Healthcare,North,1-9 employees,839000.0,59.2,8,Yes,29.6,Tier 3 - Nurture
PROS-103173,Construction,East,1-9 employees,440000.0,14.9,8,No,11.5,Tier 3 - Nurture
PROS-103174,Education,East,250-999 employees,565000.0,61.0,25,No,66.2,Tier 1 - Priority
PROS-103175,Transportation & Logistics,Central,1000+ employees,145000.0,19.3,11,No,45.6,Tier 2 - Warm
PROS-103176,Technology,North,10-49 employees,3591000.0,14.1,33,Yes,38.4,Tier 2 - Warm
PROS-103177,Professional Services,West,10-49 employees,1029000.0,53.5,29,Yes,51.3,Tier 2 - Warm
PROS-103178,Professional Services,North,50-249 employees,230000.0,62.6,31,No,64.1,Tier 2 - Warm
PROS-103179,Retail Trade,Central,1-9 employees,238000.0,37.2,28,Yes,36.4,Tier 2 - Warm
PROS-103180,Professional Services,Central,10-49 employees,742000.0,41.1,6,Yes,28.1,Tier 3 - Nurture
PROS-103181,Retail Trade,South,1-9 employees,2033000.0,23.6,26,No,29.2,Tier 3 - Nurture
PROS-103182,Hospitality,Central,10-49 employees,206000.0,30.7,7,Yes,24.6,Tier 3 - Nurture
PROS-103183,Manufacturing,East,1000+ employees,2482000.0,35.5,1,Yes,44.3,Tier 2 - Warm
PROS-103184,Technology,Central,50-249 employees,659000.0,72.2,39,Yes,74.3,Tier 1 - Priority
PROS-103185,Education,West,1000+ employees,262000.0,11.6,10,Yes,41.7,Tier 2 - Warm
PROS-103186,Hospitality,North,50-249 employees,436000.0,56.7,28,Yes,59.3,Tier 2 - Warm
PROS-103187,Healthcare,South,10-49 employees,4992000.0,60.3,14,No,42.2,Tier 2 - Warm
PROS-103188,Manufacturing,East,50-249 employees,158000.0,41.1,28,No,52.9,Tier 2 - Warm
PROS-103189,Wholesale Distribution,South,50-249 employees,326000.0,13.2,16,Yes,32.1,Tier 3 - Nurture
PROS-103190,Manufacturing,North,10-49 employees,2080000.0,34.6,18,No,34.9,Tier 2 - Warm
PROS-103191,Technology,Central,1-9 employees,926000.0,59.0,3,Yes,25.5,Tier 3 - Nurture
PROS-103192,Technology,Central,10-49 employees,305000.0,29.4,19,Yes,33.6,Tier 2 - Warm
PROS-103193,Retail Trade,East,1-9 employees,2108000.0,19.9,27,Yes,28.5,Tier 3 - Nurture
PROS-103194,Hospitality,South,10-49 employees,2221000.0,36.2,28,Yes,43.4,Tier 2 - Warm
PROS-103195,Retail Trade,North,1-9 employees,1050000.0,63.3,35,Yes,52.5,Tier 2 - Warm
PROS-103196,Professional Services,Central,10-49 employees,372000.0,10.2,23,Yes,28.9,Tier 3 - Nurture
PROS-103197,Wholesale Distribution,South,1-9 employees,441000.0,23.0,39,No,39.2,Tier 2 - Warm
PROS-103198,Education,North,1-9 employees,998000.0,48.8,25,No,38.7,Tier 2 - Warm
PROS-103199,Professional Services,South,10-49 employees,172000.0,38.9,32,Yes,47.7,Tier 2 - Warm
PROS-103200,Education,East,1-9 employees,3143000.0,41.2,6,No,20.6,Tier 3 - Nurture
PROS-103201,Education,West,1000+ employees,4734000.0,89.0,8,Yes,71.7,Tier 1 - Priority
PROS-103202,Hospitality,South,10-49 employees,563000.0,93.5,23,Yes,62.9,Tier 2 - Warm
PROS-103203,Retail Trade,Central,10-49 employees,1079000.0,50.7,20,Yes,43.1,Tier 2 - Warm
PROS-103204,Professional Services,West,1-9 employees,2688000.0,37.6,20,Yes,30.2,Tier 3 - Nurture
PROS-103205,Technology,Central,50-249 employees,6269000.0,71.4,36,Yes,71.6,Tier 1 - Priority
PROS-103206,Education,South,10-49 employees,4044000.0,37.0,19,Yes,36.7,Tier 2 - Warm
PROS-103207,Wholesale Distribution,West,10-49 employees,749000.0,46.6,3,Yes,28.0,Tier 3 - Nurture
PROS-103208,Healthcare,South,1-9 employees,515000.0,2.9,21,Yes,16.8,Tier 3 - Nurture
PROS-103209,Professional Services,West,50-249 employees,1265000.0,73.3,9,Yes,51.1,Tier 2 - Warm
PROS-103210,Education,West,250-999 employees,424000.0,27.2,2,No,34.2,Tier 2 - Warm
PROS-103211,Professional Services,South,10-49 employees,5184000.0,38.9,11,Yes,31.1,Tier 3 - Nurture
PROS-103212,Construction,Central,1-9 employees,4379000.0,19.9,1,No,8.0,Tier 3 - Nurture
PROS-103213,Education,Central,1-9 employees,297000.0,30.8,24,Yes,30.6,Tier 3 - Nurture
PROS-103214,Transportation & Logistics,Central,1-9 employees,610000.0,28.3,19,No,25.6,Tier 3 - Nurture
PROS-103215,Professional Services,South,50-249 employees,738500.0,19.5,38,No,52.0,Tier 2 - Warm
PROS-103216,Manufacturing,West,1000+ employees,589000.0,37.5,3,Yes,46.7,Tier 2 - Warm
PROS-103217,Healthcare,North,1000+ employees,569000.0,67.1,19,No,71.5,Tier 1 - Priority
PROS-103218,Education,North,50-249 employees,738500.0,8.1,36,No,45.8,Tier 2 - Warm
PROS-103219,Healthcare,Central,1-9 employees,274000.0,33.4,22,Yes,30.1,Tier 3 - Nurture
PROS-103220,Technology,North,1000+ employees,41000.0,51.1,15,Yes,61.8,Tier 2 - Warm
PROS-103221,Professional Services,Central,1-9 employees,125000.0,39.7,25,Yes,35.0,Tier 2 - Warm
PROS-103222,Hospitality,East,1-9 employees,235000.0,33.0,11,No,21.2,Tier 3 - Nurture
PROS-103223,Hospitality,South,50-249 employees,355000.0,52.3,34,Yes,62.3,Tier 2 - Warm
PROS-103224,Technology,North,1-9 employees,896000.0,22.2,26,No,28.6,Tier 3 - Nurture
PROS-103225,Hospitality,West,50-249 employees,222000.0,11.3,12,Yes,28.1,Tier 3 - Nurture
PROS-103226,Transportation & Logistics,West,1000+ employees,192000.0,76.4,3,Yes,62.6,Tier 2 - Warm
PROS-103227,Construction,East,50-249 employees,262000.0,34.45,25,Yes,47.9,Tier 2 - Warm
PROS-103228,Hospitality,Central,50-249 employees,214000.0,8.2,36,Yes,45.8,Tier 2 - Warm
PROS-103229,Wholesale Distribution,South,10-49 employees,396000.0,16.5,37,No,42.5,Tier 2 - Warm
PROS-103230,Wholesale Distribution,East,1-9 employees,378000.0,37.3,26,Yes,34.8,Tier 2 - Warm
PROS-103231,Professional Services,South,50-249 employees,1557000.0,40.9,37,No,60.0,Tier 2 - Warm
PROS-103232,Technology,East,10-49 employees,246000.0,9.7,32,No,35.8,Tier 2 - Warm
PROS-103233,Manufacturing,North,250-999 employees,492000.0,69.1,15,No,61.6,Tier 2 - Warm
PROS-103234,Transportation & Logistics,East,1-9 employees,401000.0,13.9,34,No,31.6,Tier 3 - Nurture
PROS-103235,Transportation & Logistics,East,1-9 employees,1776000.0,34.6,5,Yes,17.1,Tier 3 - Nurture
PROS-103236,Construction,East,10-49 employees,749000.0,28.0,35,No,45.6,Tier 2 - Warm
PROS-103237,Education,East,50-249 employees,2317000.0,31.8,37,Yes,56.3,Tier 2 - Warm
PROS-103238,Wholesale Distribution,West,50-249 employees,205000.0,60.9,22,Yes,56.3,Tier 2 - Warm
PROS-103239,Manufacturing,East,1000+ employees,691000.0,54.1,36,No,79.6,Tier 1 - Priority
PROS-103240,Professional Services,South,1-9 employees,387000.0,60.2,6,Yes,28.4,Tier 3 - Nurture
PROS-103241,Professional Services,South,10-49 employees,189000.0,35.3,4,Yes,24.1,Tier 3 - Nurture
PROS-103242,Wholesale Distribution,West,1-9 employees,677000.0,40.2,14,Yes,26.5,Tier 3 - Nurture
PROS-103243,Transportation & Logistics,Central,1-9 employees,4907000.0,40.4,4,Yes,18.7,Tier 3 - Nurture
PROS-103244,Hospitality,West,10-49 employees,285000.0,33.1,10,No,28.0,Tier 3 - Nurture
PROS-103245,Wholesale Distribution,West,10-49 employees,634000.0,20.4,8,No,21.2,Tier 3 - Nurture
PROS-103246,Hospitality,Central,10-49 employees,172000.0,4.4,18,Yes,22.6,Tier 3 - Nurture
PROS-103247,Manufacturing,Central,10-49 employees,147000.0,70.3,26,Yes,55.8,Tier 2 - Warm
PROS-103248,Retail Trade,East,10-49 employees,307000.0,17.1,8,Yes,19.8,Tier 3 - Nurture
PROS-103249,Construction,North,50-249 employees,445000.0,39.9,12,Yes,39.8,Tier 2 - Warm
PROS-103250,Construction,West,1-9 employees,467000.0,39.1,29,Yes,37.9,Tier 2 - Warm
PROS-103251,Hospitality,West,1-9 employees,569000.0,39.5,10,Yes,23.1,Tier 3 - Nurture
PROS-103252,Retail Trade,South,50-249 employees,119000.0,28.0,14,No,36.5,Tier 2 - Warm
PROS-103253,Construction,Central,50-249 employees,366000.0,50.2,32,No,59.8,Tier 2 - Warm
PROS-103254,Professional Services,Central,50-249 employees,1267000.0,69.7,16,Yes,55.2,Tier 2 - Warm
PROS-103255,Retail Trade,South,1-9 employees,164000.0,55.3,10,Yes,29.5,Tier 3 - Nurture
PROS-103256,Retail Trade,East,10-49 employees,494000.0,54.8,32,No,54.2,Tier 2 - Warm
PROS-103257,Retail Trade,North,250-999 employees,1007000.0,11.7,38,No,56.3,Tier 2 - Warm
PROS-103258,Transportation & Logistics,North,10-49 employees,309000.0,73.6,36,No,65.0,Tier 2 - Warm
PROS-103259,Healthcare,South,10-49 employees,1062000.0,37.8,18,No,36.2,Tier 2 - Warm
PROS-103260,Healthcare,South,1000+ employees,137000.0,61.7,1,Yes,55.0,Tier 2 - Warm
PROS-103261,Healthcare,South,1-9 employees,1938000.0,33.4,17,Yes,26.1,Tier 3 - Nurture
PROS-103262,Hospitality,North,50-249 employees,1091000.0,91.3,30,Yes,75.0,Tier 1 - Priority
PROS-103263,Wholesale Distribution,East,250-999 employees,775000.0,48.2,37,No,70.5,Tier 1 - Priority
PROS-103264,Transportation & Logistics,West,1-9 employees,2514000.0,21.0,3,No,10.0,Tier 3 - Nurture
PROS-103265,Technology,South,50-249 employees,508000.0,13.6,5,Yes,23.6,Tier 3 - Nurture
PROS-103266,Hospitality,East,10-49 employees,370000.0,7.8,12,No,19.2,Tier 3 - Nurture
PROS-103267,Technology,South,250-999 employees,3301000.0,52.0,5,No,46.7,Tier 2 - Warm
PROS-103268,Retail Trade,West,250-999 employees,5525000.0,32.9,7,No,40.5,Tier 2 - Warm
PROS-103269,Education,West,250-999 employees,340000.0,60.8,17,No,59.8,Tier 2 - Warm
PROS-103270,Retail Trade,Central,1-9 employees,644000.0,63.4,10,Yes,32.8,Tier 3 - Nurture
PROS-103271,Healthcare,North,50-249 employees,2303000.0,30.9,23,No,44.8,Tier 2 - Warm
PROS-103272,Technology,Central,250-999 employees,669000.0,12.7,37,No,55.9,Tier 2 - Warm
PROS-103273,Healthcare,South,10-49 employees,1403000.0,73.1,20,No,52.2,Tier 2 - Warm
PROS-103274,Professional Services,North,10-49 employees,1721000.0,31.3,20,Yes,35.1,Tier 2 - Warm
PROS-103275,Education,West,1-9 employees,393000.0,59.2,38,Yes,53.2,Tier 2 - Warm
PROS-103276,Manufacturing,North,250-999 employees,1157000.0,24.1,24,No,50.3,Tier 2 - Warm
PROS-103277,Professional Services,North,1-9 employees,724000.0,12.6,39,No,35.0,Tier 2 - Warm
PROS-103278,Education,Central,1-9 employees,191000.0,44.3,37,Yes,46.4,Tier 2 - Warm
PROS-103279,Hospitality,South,250-999 employees,246000.0,37.0,2,Yes,38.2,Tier 2 - Warm
PROS-103280,Manufacturing,East,250-999 employees,356000.0,45.6,37,Yes,69.4,Tier 1 - Priority
PROS-103281,Hospitality,South,1000+ employees,2026000.0,21.1,7,No,43.2,Tier 2 - Warm
PROS-103282,Education,North,10-49 employees,2100000.0,29.7,11,Yes,27.4,Tier 3 - Nurture
PROS-103283,Manufacturing,North,1-9 employees,1664000.0,77.4,22,Yes,48.0,Tier 2 - Warm
PROS-103284,Healthcare,North,10-49 employees,1184000.0,74.9,31,No,61.6,Tier 2 - Warm
PROS-103285,Healthcare,East,1-9 employees,1149000.0,36.6,38,Yes,44.0,Tier 2 - Warm
PROS-103286,Retail Trade,East,250-999 employees,990000.0,9.9,18,No,39.8,Tier 2 - Warm
PROS-103287,Professional Services,North,10-49 employees,1142000.0,30.7,11,Yes,27.8,Tier 3 - Nurture
PROS-103288,Retail Trade,South,10-49 employees,1230000.0,46.8,16,No,38.3,Tier 2 - Warm
PROS-103289,Retail Trade,South,1-9 employees,156000.0,61.8,15,Yes,36.1,Tier 2 - Warm
PROS-103290,Healthcare,East,10-49 employees,306000.0,35.6,12,Yes,30.6,Tier 3 - Nurture
PROS-103291,Healthcare,Central,250-999 employees,235000.0,48.2,10,No,49.1,Tier 2 - Warm
PROS-103292,Professional Services,West,50-249 employees,2465000.0,37.6,28,Yes,51.5,Tier 2 - Warm
PROS-103293,Professional Services,Central,1-9 employees,4500000.0,23.4,38,Yes,38.6,Tier 2 - Warm
PROS-103294,Retail Trade,North,1-9 employees,67000.0,65.1,24,Yes,44.6,Tier 2 - Warm
PROS-103295,Hospitality,South,10-49 employees,4079000.0,95.7,7,No,51.2,Tier 2 - Warm
PROS-103296,Professional Services,West,1-9 employees,802000.0,76.9,27,No,51.8,Tier 2 - Warm
PROS-103297,Education,South,250-999 employees,2222000.0,36.4,23,No,54.6,Tier 2 - Warm
PROS-103298,Transportation & Logistics,Central,50-249 employees,1273000.0,52.5,16,Yes,48.1,Tier 2 - Warm
PROS-103299,Wholesale Distribution,East,1-9 employees,3557000.0,11.4,1,Yes,4.5,Tier 3 - Nurture
PROS-103300,Technology,South,50-249 employees,919000.0,32.3,31,No,51.7,Tier 2 - Warm
PROS-103301,Professional Services,Central,10-49 employees,163000.0,24.9,24,Yes,35.7,Tier 2 - Warm
PROS-103302,Technology,East,1-9 employees,649000.0,52.7,10,No,28.5,Tier 3 - Nurture
PROS-103303,Professional Services,Central,10-49 employees,1286000.0,26.8,16,Yes,30.1,Tier 3 - Nurture
PROS-103304,Retail Trade,East,1-9 employees,575000.0,34.6,21,Yes,29.8,Tier 3 - Nurture
PROS-103305,Professional Services,North,10-49 employees,1504000.0,42.6,23,No,42.1,Tier 2 - Warm
PROS-103306,Professional Services,West,50-249 employees,679000.0,10.4,26,Yes,38.8,Tier 2 - Warm
PROS-103307,Retail Trade,North,250-999 employees,379000.0,34.8,4,No,38.9,Tier 2 - Warm
PROS-103308,Manufacturing,West,1-9 employees,221000.0,17.4,21,Yes,22.7,Tier 3 - Nurture
PROS-103309,Education,East,10-49 employees,474000.0,34.7,4,Yes,23.9,Tier 3 - Nurture
PROS-103310,Transportation & Logistics,West,1-9 employees,913000.0,59.7,7,No,29.0,Tier 3 - Nurture
PROS-103311,Healthcare,Central,10-49 employees,749000.0,27.6,4,No,21.0,Tier 3 - Nurture
PROS-103312,Education,East,1-9 employees,309000.0,45.2,25,Yes,37.3,Tier 2 - Warm
PROS-103313,Professional Services,Central,10-49 employees,81000.0,29.2,33,Yes,44.5,Tier 2 - Warm
PROS-103314,Healthcare,North,1-9 employees,370000.0,9.7,38,No,33.0,Tier 3 - Nurture
PROS-103315,Wholesale Distribution,North,250-999 employees,2722000.0,39.8,29,Yes,60.7,Tier 2 - Warm
PROS-103316,Technology,Central,250-999 employees,198000.0,24.1,31,Yes,55.9,Tier 2 - Warm
PROS-103317,Construction,East,1-9 employees,724000.0,17.5,6,Yes,10.9,Tier 3 - Nurture
PROS-103318,Professional Services,East,50-249 employees,738500.0,13.5,1,No,20.4,Tier 3 - Nurture
PROS-103319,Manufacturing,North,1-9 employees,3609000.0,42.7,13,Yes,26.8,Tier 3 - Nurture
PROS-103320,Manufacturing,South,50-249 employees,845000.0,75.1,15,Yes,56.6,Tier 2 - Warm
PROS-103321,Retail Trade,West,1-9 employees,1875000.0,79.2,18,Yes,45.6,Tier 2 - Warm
PROS-103322,Hospitality,Central,1-9 employees,162000.0,25.6,26,Yes,30.0,Tier 3 - Nurture
PROS-103323,Technology,Central,50-249 employees,129000.0,18.2,4,Yes,24.6,Tier 3 - Nurture
PROS-103324,Healthcare,East,10-49 employees,753000.0,52.8,5,Yes,32.1,Tier 3 - Nurture
PROS-103325,Hospitality,East,10-49 employees,1131000.0,46.2,33,Yes,51.5,Tier 2 - Warm
PROS-103326,Retail Trade,North,10-49 employees,2431000.0,43.9,23,Yes,42.6,Tier 2 - Warm
PROS-103327,Professional Services,North,1-9 employees,390000.0,70.8,15,Yes,39.8,Tier 2 - Warm
PROS-103328,Construction,East,1-9 employees,902000.0,64.0,33,Yes,51.2,Tier 2 - Warm
PROS-103329,Education,East,10-49 employees,869000.0,38.0,27,Yes,43.4,Tier 2 - Warm
PROS-103330,Technology,North,10-49 employees,631000.0,36.2,33,No,47.4,Tier 2 - Warm
PROS-103331,Wholesale Distribution,East,1-9 employees,674000.0,27.5,26,No,30.8,Tier 3 - Nurture
PROS-103332,Professional Services,West,10-49 employees,285000.0,20.2,20,Yes,30.6,Tier 3 - Nurture
PROS-103333,Wholesale Distribution,Central,10-49 employees,992000.0,78.9,36,Yes,67.2,Tier 1 - Priority
PROS-103334,Manufacturing,Central,50-249 employees,904000.0,45.2,39,Yes,63.3,Tier 2 - Warm
PROS-103335,Professional Services,South,50-249 employees,450000.0,36.5,29,No,51.9,Tier 2 - Warm
PROS-103336,Transportation & Logistics,South,10-49 employees,1517000.0,39.9,25,No,42.6,Tier 2 - Warm
PROS-103337,Manufacturing,Central,10-49 employees,2259000.0,49.9,2,Yes,28.5,Tier 3 - Nurture
PROS-103338,Wholesale Distribution,West,10-49 employees,1537000.0,33.9,34,No,47.2,Tier 2 - Warm
PROS-103339,Wholesale Distribution,South,1-9 employees,232000.0,21.0,7,Yes,13.2,Tier 3 - Nurture
PROS-103340,Transportation & Logistics,West,1-9 employees,814000.0,10.3,2,No,4.8,Tier 3 - Nurture
PROS-103341,Construction,North,1-9 employees,268000.0,27.4,18,No,24.5,Tier 3 - Nurture
PROS-103342,Manufacturing,East,50-249 employees,811000.0,22.3,4,Yes,26.3,Tier 3 - Nurture
PROS-103343,Technology,South,1-9 employees,269000.0,49.2,4,No,22.3,Tier 3 - Nurture
PROS-103344,Transportation & Logistics,Central,10-49 employees,2972000.0,36.5,19,Yes,36.5,Tier 2 - Warm
PROS-103345,Hospitality,North,10-49 employees,1727000.0,78.9,16,No,51.4,Tier 2 - Warm
PROS-103346,Technology,Central,10-49 employees,2593000.0,59.6,5,Yes,34.8,Tier 2 - Warm
PROS-103347,Retail Trade,South,50-249 employees,2320000.0,24.2,39,Yes,54.7,Tier 2 - Warm
PROS-103348,Retail Trade,North,50-249 employees,542000.0,55.2,9,Yes,43.7,Tier 2 - Warm
PROS-103349,Hospitality,West,1-9 employees,457000.0,64.9,9,Yes,32.7,Tier 3 - Nurture
PROS-103350,Retail Trade,West,50-249 employees,4955000.0,43.4,32,Yes,57.0,Tier 2 - Warm
PROS-103351,Education,North,10-49 employees,749000.0,43.6,28,Yes,46.5,Tier 2 - Warm
PROS-103352,Retail Trade,North,1-9 employees,164000.0,33.7,14,Yes,23.9,Tier 3 - Nurture
PROS-103353,Hospitality,North,50-249 employees,2209000.0,19.7,11,No,30.8,Tier 3 - Nurture
PROS-103354,Education,East,50-249 employees,854000.0,43.0,36,No,60.0,Tier 2 - Warm
PROS-103355,Healthcare,North,1-9 employees,3823000.0,33.849999999999994,2,Yes,14.5,Tier 3 - Nurture
PROS-103356,Manufacturing,West,1000+ employees,953000.0,34.5,25,Yes,62.9,Tier 2 - Warm
PROS-103357,Wholesale Distribution,North,10-49 employees,714000.0,34.5,4,Yes,23.8,Tier 3 - Nurture
PROS-103358,Retail Trade,West,10-49 employees,3909000.0,20.1,1,Yes,15.5,Tier 3 - Nurture
PROS-103359,Transportation & Logistics,Central,1-9 employees,134000.0,21.8,5,Yes,11.9,Tier 3 - Nurture
PROS-103360,Education,West,1-9 employees,383000.0,4.1,22,Yes,18.1,Tier 3 - Nurture
PROS-103361,Hospitality,Central,10-49 employees,275000.0,30.7,12,Yes,28.6,Tier 3 - Nurture
PROS-103362,Manufacturing,Central,10-49 employees,65000.0,26.8,27,Yes,38.8,Tier 2 - Warm
PROS-103363,Wholesale Distribution,North,10-49 employees,1906000.0,26.4,38,No,47.3,Tier 2 - Warm
PROS-103364,Retail Trade,South,50-249 employees,395000.0,63.5,2,No,41.6,Tier 2 - Warm
PROS-103365,Hospitality,West,1-9 employees,1975000.0,25.9,25,No,29.4,Tier 3 - Nurture
PROS-103366,Technology,South,50-249 employees,1119000.0,57.5,36,No,66.0,Tier 2 - Warm
PROS-103367,Professional Services,West,50-249 employees,1422000.0,14.9,5,Yes,24.1,Tier 3 - Nurture
PROS-103368,Healthcare,West,50-249 employees,442000.0,52.5,17,No,48.9,Tier 2 - Warm
PROS-103369,Retail Trade,Central,50-249 employees,315000.0,62.3,3,No,41.9,Tier 2 - Warm
PROS-103370,Education,South,250-999 employees,805000.0,8.9,5,No,29.1,Tier 3 - Nurture
PROS-103371,Professional Services,South,1-9 employees,2005000.0,50.6,38,No,49.7,Tier 2 - Warm
PROS-103372,Construction,North,50-249 employees,690000.0,33.9,10,Yes,35.8,Tier 2 - Warm
PROS-103373,Transportation & Logistics,South,1000+ employees,337000.0,60.3,7,No,59.2,Tier 2 - Warm
PROS-103374,Technology,South,10-49 employees,195000.0,51.2,35,Yes,55.1,Tier 2 - Warm
PROS-103375,Transportation & Logistics,East,1-9 employees,913000.0,62.8,11,Yes,33.4,Tier 2 - Warm
PROS-103376,Transportation & Logistics,East,1000+ employees,397000.0,63.8,11,Yes,63.8,Tier 2 - Warm
PROS-103377,Transportation & Logistics,Central,1-9 employees,674000.0,33.0,33,Yes,38.6,Tier 2 - Warm
PROS-103378,Wholesale Distribution,West,1-9 employees,561000.0,35.8,30,Yes,37.4,Tier 2 - Warm
PROS-103379,Construction,West,1-9 employees,447000.0,10.3,22,No,20.6,Tier 3 - Nurture
PROS-103380,Wholesale Distribution,North,10-49 employees,749000.0,36.9,34,No,48.5,Tier 2 - Warm
PROS-103381,Hospitality,East,10-49 employees,1342000.0,68.6,9,No,41.7,Tier 2 - Warm
PROS-103382,Education,West,10-49 employees,6336000.0,68.8,32,No,59.9,Tier 2 - Warm
PROS-103383,Education,South,250-999 employees,1679000.0,40.3,26,Yes,58.5,Tier 2 - Warm
PROS-103384,Hospitality,East,10-49 employees,4210000.0,80.7,23,No,57.7,Tier 2 - Warm
PROS-103385,Professional Services,West,10-49 employees,296000.0,47.3,15,No,37.7,Tier 2 - Warm
PROS-103386,Hospitality,West,250-999 employees,125000.0,34.7,5,Yes,39.7,Tier 2 - Warm
PROS-103387,Hospitality,Central,50-249 employees,718000.0,19.5,23,Yes,40.2,Tier 2 - Warm
PROS-103388,Professional Services,East,1-9 employees,1874000.0,68.9,32,No,52.5,Tier 2 - Warm
PROS-103389,Technology,South,1-9 employees,1577000.0,8.9,4,No,5.8,Tier 3 - Nurture
PROS-103390,Professional Services,South,10-49 employees,2765000.0,63.3,7,Yes,37.9,Tier 2 - Warm
PROS-103391,Transportation & Logistics,West,50-249 employees,45000.0,36.400000000000006,35,No,56.6,Tier 2 - Warm
PROS-103392,Hospitality,East,10-49 employees,2894000.0,24.3,34,No,43.3,Tier 2 - Warm
PROS-103393,Retail Trade,East,1-9 employees,1055000.0,93.8,24,No,56.3,Tier 2 - Warm
PROS-103394,Construction,North,50-249 employees,133000.0,41.7,18,No,45.3,Tier 2 - Warm
PROS-103395,Hospitality,East,50-249 employees,1617000.0,31.0,1,Yes,27.5,Tier 3 - Nurture
PROS-103396,Healthcare,South,10-49 employees,879000.0,36.3,36,No,49.8,Tier 2 - Warm
PROS-103397,Education,East,250-999 employees,1109000.0,51.2,22,No,59.8,Tier 2 - Warm
PROS-103398,Manufacturing,Central,50-249 employees,2189000.0,72.3,4,Yes,46.7,Tier 2 - Warm
PROS-103399,Hospitality,West,50-249 employees,1171000.0,17.0,15,No,32.8,Tier 3 - Nurture
PROS-103400,Wholesale Distribution,East,50-249 employees,144000.0,38.7,33,Yes,55.9,Tier 2 - Warm
PROS-103401,Education,Central,50-249 employees,738500.0,45.3,36,Yes,61.0,Tier 2 - Warm
PROS-103402,Retail Trade,Central,10-49 employees,123000.0,18.1,25,No,33.7,Tier 2 - Warm
PROS-103403,Education,East,10-49 employees,1490000.0,47.6,6,Yes,30.7,Tier 3 - Nurture
PROS-103404,Construction,West,50-249 employees,3395000.0,28.7,7,Yes,31.3,Tier 3 - Nurture
PROS-103405,Construction,South,10-49 employees,186000.0,20.9,14,No,26.1,Tier 3 - Nurture
PROS-103406,Construction,Central,10-49 employees,348000.0,43.849999999999994,30,Yes,48.1,Tier 2 - Warm
PROS-103407,Technology,South,1-9 employees,276000.0,34.1,30,No,36.7,Tier 2 - Warm
PROS-103408,Technology,South,50-249 employees,443000.0,34.1,30,Yes,51.7,Tier 2 - Warm
PROS-103409,Healthcare,North,10-49 employees,1148000.0,23.0,9,No,23.0,Tier 3 - Nurture
PROS-103410,Manufacturing,Central,1-9 employees,448000.0,37.4,13,Yes,24.6,Tier 3 - Nurture
PROS-103411,Education,South,10-49 employees,1495000.0,6.6,13,No,19.5,Tier 3 - Nurture
PROS-103412,Professional Services,Central,1-9 employees,2355000.0,70.2,29,No,50.6,Tier 2 - Warm
PROS-103413,Manufacturing,North,1000+ employees,2451000.0,18.9,31,No,61.2,Tier 2 - Warm
PROS-103414,Transportation & Logistics,East,250-999 employees,213000.0,33.0,2,No,36.6,Tier 2 - Warm
PROS-103415,Healthcare,East,10-49 employees,3350000.0,41.3,28,Yes,45.5,Tier 2 - Warm
PROS-103416,Technology,East,10-49 employees,3659000.0,83.2,16,No,53.2,Tier 2 - Warm
PROS-103417,Wholesale Distribution,North,50-249 employees,4025000.0,50.2,15,Yes,46.4,Tier 2 - Warm
PROS-103418,Manufacturing,North,10-49 employees,613000.0,52.3,20,Yes,43.7,Tier 2 - Warm
PROS-103419,Professional Services,South,1000+ employees,319000.0,38.9,19,Yes,59.9,Tier 2 - Warm
PROS-103420,Transportation & Logistics,East,1-9 employees,247000.0,34.6,39,No,44.0,Tier 2 - Warm
PROS-103421,Hospitality,West,1-9 employees,217000.0,47.6,22,No,35.9,Tier 2 - Warm
PROS-103422,Technology,East,10-49 employees,739000.0,32.0,33,No,45.7,Tier 2 - Warm
PROS-103423,Construction,South,1-9 employees,1854000.0,35.8,35,No,41.3,Tier 2 - Warm
PROS-103424,Technology,South,10-49 employees,3070000.0,44.4,39,No,55.5,Tier 2 - Warm
PROS-103425,Education,West,50-249 employees,428000.0,38.7,26,No,50.4,Tier 2 - Warm
PROS-103426,Healthcare,East,1-9 employees,699000.0,41.6,37,No,45.3,Tier 2 - Warm
PROS-103427,Wholesale Distribution,Central,10-49 employees,650000.0,39.6,24,Yes,41.7,Tier 2 - Warm
PROS-103428,Hospitality,East,50-249 employees,363000.0,44.2,15,No,43.9,Tier 2 - Warm
PROS-103429,Construction,East,50-249 employees,1639000.0,25.5,32,No,49.7,Tier 2 - Warm
PROS-103430,Professional Services,North,10-49 employees,1087000.0,21.2,35,No,42.8,Tier 2 - Warm
PROS-103431,Hospitality,North,1-9 employees,853000.0,22.2,12,No,17.6,Tier 3 - Nurture
PROS-103432,Professional Services,Central,10-49 employees,749000.0,11.1,38,No,41.1,Tier 2 - Warm
PROS-103433,Construction,South,10-49 employees,1435000.0,38.599999999999994,18,No,36.5,Tier 2 - Warm
PROS-103434,Professional Services,East,50-249 employees,1420000.0,30.8,9,Yes,33.7,Tier 2 - Warm
PROS-103435,Technology,East,10-49 employees,290000.0,20.9,27,No,36.4,Tier 2 - Warm
PROS-103436,Professional Services,North,1-9 employees,1955000.0,22.8,10,No,16.3,Tier 3 - Nurture
PROS-103437,Technology,East,50-249 employees,966000.0,31.6,16,No,39.6,Tier 2 - Warm
PROS-103438,Education,South,10-49 employees,452000.0,47.2,21,Yes,42.4,Tier 2 - Warm
PROS-103439,Wholesale Distribution,North,1-9 employees,944000.0,20.5,19,Yes,22.4,Tier 3 - Nurture
PROS-103440,Education,East,10-49 employees,1065000.0,38.0,5,Yes,26.0,Tier 3 - Nurture
PROS-103441,Manufacturing,East,250-999 employees,2398000.0,44.7,7,Yes,45.3,Tier 2 - Warm
PROS-103442,Healthcare,North,50-249 employees,231000.0,35.2,4,Yes,31.6,Tier 3 - Nurture
PROS-103443,Professional Services,East,1-9 employees,3133000.0,55.3,24,No,40.6,Tier 2 - Warm
PROS-103444,Education,West,50-249 employees,748000.0,73.1,39,Yes,74.7,Tier 1 - Priority
PROS-103445,Hospitality,South,1-9 employees,418000.0,11.9,25,Yes,23.6,Tier 3 - Nurture
PROS-103446,Construction,Central,10-49 employees,404000.0,76.2,22,Yes,55.0,Tier 2 - Warm
PROS-103447,Transportation & Logistics,West,10-49 employees,242000.0,25.0,34,No,43.6,Tier 2 - Warm
PROS-103448,Technology,West,1-9 employees,107000.0,40.099999999999994,1,No,16.2,Tier 3 - Nurture
PROS-103449,Healthcare,North,1-9 employees,1537000.0,12.8,4,Yes,7.4,Tier 3 - Nurture
PROS-103450,Healthcare,West,250-999 employees,6446000.0,24.8,39,Yes,62.5,Tier 2 - Warm
PROS-103451,Manufacturing,South,1-9 employees,123000.0,56.1,36,Yes,50.4,Tier 2 - Warm
PROS-103452,Healthcare,West,50-249 employees,256000.0,53.0,22,No,53.1,Tier 2 - Warm
PROS-103453,Construction,Central,50-249 employees,1667000.0,39.3,4,No,33.3,Tier 2 - Warm
PROS-103454,Wholesale Distribution,South,10-49 employees,694000.0,17.1,8,No,19.8,Tier 3 - Nurture
PROS-103455,Wholesale Distribution,South,1-9 employees,1826000.0,44.4,30,No,40.9,Tier 2 - Warm
PROS-103456,Hospitality,North,1-9 employees,652000.0,85.6,9,No,41.1,Tier 2 - Warm
PROS-103457,Manufacturing,West,1-9 employees,385000.0,33.7,23,Yes,31.0,Tier 3 - Nurture
PROS-103458,Wholesale Distribution,West,10-49 employees,569000.0,39.0,30,Yes,46.2,Tier 2 - Warm
PROS-103459,Construction,East,1000+ employees,53000.0,63.0,16,Yes,67.4,Tier 1 - Priority
PROS-103460,Healthcare,North,250-999 employees,207000.0,17.4,19,Yes,43.7,Tier 2 - Warm
PROS-103461,Education,South,1-9 employees,2070000.0,72.4,37,Yes,57.8,Tier 2 - Warm
PROS-103462,Wholesale Distribution,East,1-9 employees,2706000.0,33.3,39,Yes,43.4,Tier 2 - Warm
PROS-103463,Manufacturing,Central,1-9 employees,3426000.0,6.9,18,Yes,16.1,Tier 3 - Nurture
PROS-103464,Construction,North,1000+ employees,1185000.0,41.1,8,Yes,52.2,Tier 2 - Warm
PROS-103465,Hospitality,South,1-9 employees,61000.0,55.1,1,No,22.3,Tier 3 - Nurture
PROS-103466,Transportation & Logistics,West,1-9 employees,724000.0,49.4,8,Yes,25.5,Tier 3 - Nurture
PROS-103467,Professional Services,South,10-49 employees,3132000.0,38.9,21,Yes,39.0,Tier 2 - Warm
PROS-103468,Transportation & Logistics,Central,10-49 employees,4349000.0,66.7,39,Yes,64.6,Tier 2 - Warm
PROS-103469,Wholesale Distribution,Central,1-9 employees,3265000.0,54.1,21,No,37.7,Tier 2 - Warm
PROS-103470,Professional Services,South,50-249 employees,562000.0,45.2,39,No,63.3,Tier 2 - Warm
PROS-103471,Hospitality,West,1-9 employees,173000.0,22.4,30,Yes,31.9,Tier 3 - Nurture
PROS-103472,Hospitality,West,1-9 employees,698000.0,57.9,4,No,25.9,Tier 3 - Nurture
PROS-103473,Wholesale Distribution,West,1-9 employees,741000.0,56.9,14,No,33.3,Tier 2 - Warm
PROS-103474,Professional Services,North,10-49 employees,4082000.0,41.2,23,No,41.5,Tier 2 - Warm
PROS-103475,Professional Services,North,1000+ employees,937000.0,6.5,3,No,34.1,Tier 2 - Warm
PROS-103476,Transportation & Logistics,South,10-49 employees,749000.0,53.5,1,Yes,29.2,Tier 3 - Nurture
PROS-103477,Transportation & Logistics,North,50-249 employees,791000.0,40.0,14,Yes,41.4,Tier 2 - Warm
PROS-103478,Healthcare,South,1-9 employees,1132000.0,65.2,35,No,53.3,Tier 2 - Warm
PROS-103479,Hospitality,West,50-249 employees,1453000.0,74.4,24,No,63.4,Tier 2 - Warm
PROS-103480,Hospitality,East,1000+ employees,329000.0,30.4,21,No,58.0,Tier 2 - Warm
PROS-103481,Professional Services,South,10-49 employees,228000.0,25.4,22,Yes,34.3,Tier 2 - Warm
PROS-103482,Hospitality,North,1000+ employees,3294000.0,28.1,22,Yes,57.9,Tier 2 - Warm
PROS-103483,Professional Services,South,10-49 employees,120000.0,52.7,34,Yes,54.9,Tier 2 - Warm
PROS-103484,Healthcare,East,50-249 employees,4419000.0,34.8,13,No,38.5,Tier 2 - Warm
PROS-103485,Manufacturing,West,1-9 employees,89000.0,19.8,11,Yes,15.8,Tier 3 - Nurture
PROS-103486,Construction,South,10-49 employees,383000.0,21.6,12,Yes,24.8,Tier 3 - Nurture
PROS-103487,Education,South,10-49 employees,2124000.0,17.2,23,No,31.7,Tier 3 - Nurture
PROS-103488,Healthcare,East,1000+ employees,730000.0,75.5,11,Yes,68.6,Tier 1 - Priority
PROS-103489,Hospitality,North,250-999 employees,171000.0,81.1,39,Yes,85.5,Tier 1 - Priority
PROS-103490,Retail Trade,South,10-49 employees,1166000.0,27.1,27,Yes,38.9,Tier 2 - Warm
PROS-103491,Technology,North,250-999 employees,785000.0,40.4,13,Yes,48.3,Tier 2 - Warm
PROS-103492,Construction,East,250-999 employees,575000.0,34.45,11,Yes,44.3,Tier 2 - Warm
PROS-103493,Hospitality,East,10-49 employees,367000.0,43.4,18,Yes,38.5,Tier 2 - Warm
PROS-103494,Education,East,1-9 employees,702000.0,53.2,34,Yes,47.6,Tier 2 - Warm
PROS-103495,Transportation & Logistics,West,1-9 employees,385000.0,61.5,39,No,55.0,Tier 2 - Warm
PROS-103496,Retail Trade,South,1-9 employees,724000.0,43.5,21,No,33.4,Tier 2 - Warm
PROS-103497,Healthcare,Central,1-9 employees,560000.0,35.3,6,No,18.2,Tier 3 - Nurture
PROS-103498,Retail Trade,Central,1000+ employees,484000.0,68.2,2,No,58.5,Tier 2 - Warm
PROS-103499,Healthcare,North,1-9 employees,402000.0,15.7,23,No,23.6,Tier 3 - Nurture
PROS-103500,Manufacturing,Central,50-249 employees,5151000.0,50.7,25,Yes,54.5,Tier 2 - Warm
PROS-103501,Technology,North,10-49 employees,120000.0,87.7,15,Yes,54.2,Tier 2 - Warm
PROS-103502,Construction,South,10-49 employees,1083000.0,38.599999999999994,35,No,49.9,Tier 2 - Warm
PROS-103503,Professional Services,East,1-9 employees,561000.0,50.9,2,Yes,21.4,Tier 3 - Nurture
PROS-103504,Manufacturing,North,10-49 employees,152000.0,43.8,12,Yes,33.9,Tier 2 - Warm
PROS-103505,Wholesale Distribution,South,10-49 employees,296000.0,53.1,30,Yes,51.9,Tier 2 - Warm
PROS-103506,Wholesale Distribution,North,10-49 employees,1034000.0,48.8,10,No,34.4,Tier 2 - Warm
PROS-103507,Wholesale Distribution,East,1-9 employees,282000.0,55.0,8,No,27.8,Tier 3 - Nurture
PROS-103508,Manufacturing,Central,50-249 employees,970000.0,39.6,29,Yes,53.1,Tier 2 - Warm
PROS-103509,Construction,Central,1-9 employees,4887000.0,46.3,35,Yes,45.6,Tier 2 - Warm
PROS-103510,Education,South,10-49 employees,880000.0,60.9,8,Yes,37.7,Tier 2 - Warm
PROS-103511,Transportation & Logistics,East,10-49 employees,147000.0,86.9,17,Yes,55.5,Tier 2 - Warm
PROS-103512,Retail Trade,East,1-9 employees,287000.0,52.9,39,Yes,51.5,Tier 2 - Warm
PROS-103513,Retail Trade,East,50-249 employees,533000.0,28.3,6,Yes,30.3,Tier 3 - Nurture
PROS-103514,Professional Services,West,1-9 employees,495000.0,36.8,6,No,18.8,Tier 3 - Nurture
PROS-103515,Education,Central,250-999 employees,676000.0,46.7,10,No,48.5,Tier 2 - Warm
PROS-103516,Retail Trade,East,250-999 employees,1029000.0,35.9,19,Yes,51.2,Tier 2 - Warm
PROS-103517,Education,North,10-49 employees,4894000.0,13.4,33,Yes,38.1,Tier 2 - Warm
PROS-103518,Technology,Central,1-9 employees,726000.0,32.2,17,No,25.6,Tier 3 - Nurture
PROS-103519,Education,Central,1-9 employees,205000.0,34.3,15,Yes,24.9,Tier 3 - Nurture
PROS-103520,Wholesale Distribution,South,250-999 employees,676000.0,18.9,34,Yes,56.1,Tier 2 - Warm
PROS-103521,Construction,East,10-49 employees,2927000.0,25.7,10,Yes,24.9,Tier 3 - Nurture
PROS-103522,Wholesale Distribution,Central,1-9 employees,942000.0,4.0,15,No,12.5,Tier 3 - Nurture
PROS-103523,Retail Trade,East,10-49 employees,556000.0,31.5,10,Yes,27.3,Tier 3 - Nurture
PROS-103524,Professional Services,East,1-9 employees,1447000.0,39.5,5,Yes,19.1,Tier 3 - Nurture
PROS-103525,Professional Services,Central,10-49 employees,578000.0,27.7,23,No,36.0,Tier 2 - Warm
PROS-103526,Retail Trade,Central,10-49 employees,76000.0,33.3,38,Yes,50.2,Tier 2 - Warm
PROS-103527,Manufacturing,East,1-9 employees,1356000.0,86.2,11,No,43.0,Tier 2 - Warm
PROS-103528,Retail Trade,North,50-249 employees,1946000.0,49.7,3,Yes,36.7,Tier 2 - Warm
PROS-103529,Retail Trade,East,1-9 employees,3560000.0,36.75,37,Yes,43.3,Tier 2 - Warm
PROS-103530,Construction,West,10-49 employees,326000.0,44.7,5,Yes,28.8,Tier 3 - Nurture
PROS-103531,Manufacturing,South,10-49 employees,935000.0,35.0,2,No,22.4,Tier 3 - Nurture
PROS-103532,Manufacturing,East,1000+ employees,958000.0,33.6,29,Yes,65.7,Tier 2 - Warm
PROS-103533,Education,West,10-49 employees,801000.0,28.6,7,Yes,23.8,Tier 3 - Nurture
PROS-103534,Manufacturing,North,250-999 employees,828000.0,21.4,39,Yes,61.1,Tier 2 - Warm
PROS-103535,Manufacturing,East,10-49 employees,760000.0,60.8,17,No,44.8,Tier 2 - Warm
PROS-103536,Manufacturing,West,250-999 employees,921000.0,19.7,27,No,50.9,Tier 2 - Warm
PROS-103537,Retail Trade,South,1-9 employees,1647000.0,51.9,9,No,27.4,Tier 3 - Nurture
PROS-103538,Transportation & Logistics,East,50-249 employees,2792000.0,5.3,9,Yes,23.3,Tier 3 - Nurture
PROS-103539,Wholesale Distribution,West,1-9 employees,317000.0,28.5,31,Yes,35.2,Tier 2 - Warm
PROS-103540,Hospitality,North,1000+ employees,603000.0,45.9,20,Yes,63.6,Tier 2 - Warm
PROS-103541,Transportation & Logistics,West,1000+ employees,458000.0,53.2,36,Yes,79.2,Tier 1 - Priority
PROS-103542,Manufacturing,South,10-49 employees,392000.0,40.25,36,No,51.4,Tier 2 - Warm
PROS-103543,Hospitality,South,10-49 employees,123000.0,40.9,24,No,42.2,Tier 2 - Warm
PROS-103544,Manufacturing,West,10-49 employees,749000.0,57.6,31,Yes,54.6,Tier 2 - Warm
PROS-103545,Technology,North,1-9 employees,1236000.0,14.8,34,No,31.9,Tier 3 - Nurture
PROS-103546,Healthcare,North,50-249 employees,615000.0,19.0,23,Yes,40.0,Tier 2 - Warm
PROS-103547,Wholesale Distribution,East,50-249 employees,722000.0,23.7,32,Yes,49.0,Tier 2 - Warm
PROS-103548,Construction,Central,10-49 employees,1156000.0,48.7,2,Yes,28.0,Tier 3 - Nurture
PROS-103549,Technology,North,1-9 employees,3444000.0,43.4,7,Yes,22.3,Tier 3 - Nurture
PROS-103550,Healthcare,West,250-999 employees,460000.0,45.3,19,Yes,55.1,Tier 2 - Warm
PROS-103551,Transportation & Logistics,North,1-9 employees,201000.0,15.9,4,Yes,8.7,Tier 3 - Nurture
PROS-103552,Education,East,10-49 employees,660000.0,9.9,19,No,25.6,Tier 3 - Nurture
PROS-103553,Hospitality,East,1-9 employees,5792000.0,75.2,25,No,49.5,Tier 2 - Warm
PROS-103554,Healthcare,East,1-9 employees,203000.0,36.0,15,Yes,25.6,Tier 3 - Nurture
PROS-103555,Healthcare,North,1-9 employees,1491000.0,9.3,39,No,33.6,Tier 2 - Warm
PROS-103556,Hospitality,West,10-49 employees,2607000.0,27.1,35,Yes,45.3,Tier 2 - Warm
PROS-103557,Construction,South,10-49 employees,54000.0,54.0,33,Yes,54.7,Tier 2 - Warm
PROS-103558,Retail Trade,West,10-49 employees,1145000.0,64.1,28,Yes,54.8,Tier 2 - Warm
PROS-103559,Healthcare,West,50-249 employees,1417000.0,64.2,25,Yes,60.0,Tier 2 - Warm
PROS-103560,Manufacturing,East,50-249 employees,738500.0,19.4,26,Yes,42.5,Tier 2 - Warm
PROS-103561,Retail Trade,South,1-9 employees,358000.0,54.8,5,No,25.4,Tier 3 - Nurture
PROS-103562,Healthcare,West,1-9 employees,724000.0,10.5,37,No,32.5,Tier 3 - Nurture
PROS-103563,Hospitality,Central,10-49 employees,508000.0,9.9,31,Yes,35.1,Tier 2 - Warm
PROS-103564,Hospitality,Central,50-249 employees,523000.0,46.2,12,Yes,42.4,Tier 2 - Warm
PROS-103565,Professional Services,Central,10-49 employees,425000.0,41.2,27,No,44.7,Tier 2 - Warm
PROS-103566,Healthcare,South,1-9 employees,499000.0,68.1,17,No,40.3,Tier 2 - Warm
PROS-103567,Retail Trade,East,50-249 employees,2703000.0,15.8,37,Yes,49.7,Tier 2 - Warm
PROS-103568,Hospitality,South,1-9 employees,192000.0,72.4,21,Yes,45.2,Tier 2 - Warm
PROS-103569,Professional Services,Central,10-49 employees,107000.0,57.9,28,No,52.3,Tier 2 - Warm
PROS-103570,Hospitality,Central,1-9 employees,2751000.0,60.0,8,Yes,29.9,Tier 3 - Nurture
PROS-103571,Wholesale Distribution,Central,50-249 employees,591000.0,15.3,5,No,24.2,Tier 3 - Nurture
PROS-103572,Technology,North,10-49 employees,476000.0,55.0,36,Yes,57.4,Tier 2 - Warm
PROS-103573,Construction,South,50-249 employees,645000.0,68.5,24,No,61.0,Tier 2 - Warm
PROS-103574,Education,West,1-9 employees,918000.0,27.9,26,No,31.0,Tier 3 - Nurture
PROS-103575,Technology,West,10-49 employees,410000.0,79.5,16,Yes,51.7,Tier 2 - Warm
PROS-103576,Technology,South,1-9 employees,1273000.0,34.1,25,Yes,32.7,Tier 3 - Nurture
PROS-103577,Wholesale Distribution,North,50-249 employees,253000.0,16.4,17,No,34.2,Tier 2 - Warm
PROS-103578,Wholesale Distribution,North,1-9 employees,523000.0,18.9,25,Yes,26.5,Tier 3 - Nurture
PROS-103579,Manufacturing,West,1-9 employees,64000.0,9.7,25,Yes,22.7,Tier 3 - Nurture
PROS-103580,Wholesale Distribution,East,50-249 employees,2648000.0,39.05,9,Yes,37.1,Tier 2 - Warm
PROS-103581,Hospitality,East,1-9 employees,601000.0,11.5,36,Yes,32.2,Tier 3 - Nurture
PROS-103582,Professional Services,Central,1-9 employees,1524000.0,38.1,37,No,43.8,Tier 2 - Warm
PROS-103583,Construction,North,50-249 employees,1232000.0,16.2,30,Yes,44.4,Tier 2 - Warm
PROS-103584,Hospitality,West,50-249 employees,1335000.0,65.8,1,Yes,41.7,Tier 2 - Warm
PROS-103585,Professional Services,South,250-999 employees,723000.0,50.8,1,No,43.1,Tier 2 - Warm
PROS-103586,Healthcare,Central,1-9 employees,1118000.0,23.3,32,No,33.8,Tier 2 - Warm
PROS-103587,Technology,Central,10-49 employees,253000.0,24.8,6,Yes,21.4,Tier 3 - Nurture
PROS-103588,Technology,East,50-249 employees,201000.0,34.9,39,Yes,59.1,Tier 2 - Warm
PROS-103589,Education,South,1-9 employees,724000.0,36.3,15,Yes,25.7,Tier 3 - Nurture
PROS-103590,Retail Trade,South,50-249 employees,345000.0,26.7,7,No,30.5,Tier 3 - Nurture
PROS-103591,Professional Services,North,1-9 employees,3499000.0,75.2,27,Yes,51.1,Tier 2 - Warm
PROS-103592,Education,Central,250-999 employees,1102000.0,7.4,27,Yes,45.9,Tier 2 - Warm
PROS-103593,Transportation & Logistics,North,10-49 employees,332000.0,13.5,25,No,31.8,Tier 3 - Nurture
PROS-103594,Professional Services,East,10-49 employees,541000.0,37.7,30,Yes,45.6,Tier 2 - Warm
PROS-103595,Professional Services,East,10-49 employees,844000.0,20.6,20,No,30.8,Tier 3 - Nurture
PROS-103596,Construction,West,1-9 employees,677000.0,22.9,13,No,18.7,Tier 3 - Nurture
PROS-103597,Transportation & Logistics,Central,1-9 employees,984000.0,33.5,17,Yes,26.2,Tier 3 - Nurture
PROS-103598,Professional Services,East,50-249 employees,787000.0,61.9,25,No,59.1,Tier 2 - Warm
PROS-103599,Technology,West,10-49 employees,158000.0,42.9,31,Yes,48.5,Tier 2 - Warm
PROS-103600,Healthcare,East,10-49 employees,68000.0,11.1,17,No,24.5,Tier 3 - Nurture
PROS-103601,Technology,East,1-9 employees,724000.0,38.1,4,Yes,17.8,Tier 3 - Nurture
PROS-103602,Retail Trade,North,50-249 employees,1351000.0,16.8,16,Yes,33.5,Tier 2 - Warm
PROS-103603,Technology,South,10-49 employees,490000.0,20.6,24,Yes,33.9,Tier 2 - Warm
PROS-103604,Education,East,1-9 employees,2843000.0,67.5,31,Yes,51.1,Tier 2 - Warm
PROS-103605,Retail Trade,North,250-999 employees,676000.0,48.4,32,Yes,66.6,Tier 1 - Priority
PROS-103606,Construction,South,10-49 employees,3246000.0,38.599999999999994,31,Yes,46.8,Tier 2 - Warm
PROS-103607,Technology,East,10-49 employees,2590000.0,32.6,11,Yes,28.6,Tier 3 - Nurture
PROS-103608,Technology,East,1000+ employees,2318000.0,7.8,1,Yes,33.0,Tier 3 - Nurture
PROS-103609,Technology,Central,10-49 employees,194000.0,14.5,8,Yes,18.8,Tier 3 - Nurture
PROS-103610,Transportation & Logistics,Central,250-999 employees,743000.0,70.7,5,No,54.4,Tier 2 - Warm
PROS-103611,Technology,West,50-249 employees,2800000.0,57.6,27,No,58.9,Tier 2 - Warm
PROS-103612,Technology,North,10-49 employees,984000.0,51.5,11,No,36.3,Tier 2 - Warm
PROS-103613,Manufacturing,East,1-9 employees,1342000.0,66.6,7,No,31.8,Tier 3 - Nurture
PROS-103614,Hospitality,West,1-9 employees,158000.0,48.8,22,Yes,36.4,Tier 2 - Warm
PROS-103615,Healthcare,East,10-49 employees,6020000.0,36.4,20,Yes,37.2,Tier 2 - Warm
PROS-103616,Manufacturing,East,1-9 employees,305000.0,37.5,28,No,36.5,Tier 2 - Warm
PROS-103617,Healthcare,East,1-9 employees,81000.0,11.2,36,Yes,32.0,Tier 3 - Nurture
PROS-103618,Healthcare,East,10-49 employees,496000.0,60.9,4,No,34.6,Tier 2 - Warm
PROS-103619,Manufacturing,East,50-249 employees,49000.0,23.1,3,Yes,25.9,Tier 3 - Nurture
PROS-103620,Education,North,1-9 employees,221000.0,2.7,32,Yes,25.4,Tier 3 - Nurture
PROS-103621,Professional Services,East,50-249 employees,12169000.0,33.2,36,Yes,56.0,Tier 2 - Warm
PROS-103622,Construction,South,250-999 employees,480000.0,42.3,14,No,49.9,Tier 2 - Warm
PROS-103623,Healthcare,West,50-249 employees,152000.0,41.7,8,No,37.4,Tier 2 - Warm
PROS-103624,Wholesale Distribution,Central,50-249 employees,750000.0,82.1,12,No,57.1,Tier 2 - Warm
PROS-103625,Hospitality,East,50-249 employees,272000.0,53.6,19,No,50.9,Tier 2 - Warm
PROS-103626,Hospitality,South,1-9 employees,1888000.0,61.7,1,No,25.0,Tier 3 - Nurture
PROS-103627,Professional Services,Central,10-49 employees,274000.0,38.1,6,No,26.9,Tier 3 - Nurture
PROS-103628,Wholesale Distribution,West,250-999 employees,982000.0,27.9,2,No,34.5,Tier 2 - Warm
PROS-103629,Wholesale Distribution,East,50-249 employees,207000.0,65.0,28,Yes,62.7,Tier 2 - Warm
PROS-103630,Healthcare,North,50-249 employees,12723000.0,22.8,18,Yes,37.6,Tier 2 - Warm
PROS-103631,Transportation & Logistics,North,1000+ employees,1269000.0,21.0,39,No,68.4,Tier 1 - Priority
PROS-103632,Manufacturing,South,1-9 employees,622000.0,47.0,18,No,32.5,Tier 3 - Nurture
PROS-103633,Hospitality,South,1-9 employees,528000.0,38.1,12,Yes,24.1,Tier 3 - Nurture
PROS-103634,Education,West,10-49 employees,397000.0,38.7,12,No,31.8,Tier 3 - Nurture
PROS-103635,Healthcare,East,1-9 employees,316000.0,26.7,37,Yes,39.2,Tier 2 - Warm
PROS-103636,Transportation & Logistics,Central,10-49 employees,749000.0,25.4,8,No,23.2,Tier 3 - Nurture
PROS-103637,Healthcare,East,50-249 employees,4621000.0,31.3,29,Yes,49.7,Tier 2 - Warm
PROS-103638,Manufacturing,Central,10-49 employees,397000.0,7.4,35,No,37.2,Tier 2 - Warm
PROS-103639,Technology,East,1-9 employees,70000.0,8.7,38,No,32.6,Tier 3 - Nurture
PROS-103640,Hospitality,South,50-249 employees,202000.0,38.3,4,Yes,32.9,Tier 3 - Nurture
PROS-103641,Education,West,1-9 employees,2024000.0,38.7,27,No,36.2,Tier 2 - Warm
PROS-103642,Education,East,250-999 employees,553000.0,14.0,32,Yes,52.5,Tier 2 - Warm
PROS-103643,Healthcare,South,1-9 employees,629000.0,42.6,27,No,37.8,Tier 2 - Warm
PROS-103644,Education,East,250-999 employees,2641000.0,73.2,33,Yes,77.5,Tier 1 - Priority
PROS-103645,Transportation & Logistics,West,10-49 employees,310000.0,21.1,37,Yes,44.4,Tier 2 - Warm
PROS-103646,Technology,South,10-49 employees,1463000.0,23.7,35,No,43.9,Tier 2 - Warm
PROS-103647,Technology,West,10-49 employees,350000.0,60.6,29,No,54.2,Tier 2 - Warm
PROS-103648,Education,Central,1-9 employees,1374000.0,43.3,8,No,23.1,Tier 3 - Nurture
PROS-103649,Hospitality,East,10-49 employees,474000.0,20.2,34,No,41.6,Tier 2 - Warm
PROS-103650,Retail Trade,South,50-249 employees,559000.0,37.3,27,Yes,50.6,Tier 2 - Warm
PROS-103651,Manufacturing,East,50-249 employees,1798000.0,34.150000000000006,12,No,37.5,Tier 2 - Warm
PROS-103652,Healthcare,Central,1-9 employees,1661000.0,35.3,26,No,34.0,Tier 2 - Warm
PROS-103653,Transportation & Logistics,North,50-249 employees,608000.0,30.6,7,No,32.1,Tier 3 - Nurture
PROS-103654,Technology,Central,250-999 employees,676000.0,18.4,33,No,55.1,Tier 2 - Warm
PROS-103655,Healthcare,East,50-249 employees,4236000.0,47.9,25,No,53.4,Tier 2 - Warm
PROS-103656,Transportation & Logistics,Central,10-49 employees,1395000.0,75.8,26,No,58.0,Tier 2 - Warm
PROS-103657,Education,West,1-9 employees,474000.0,55.9,10,No,29.8,Tier 3 - Nurture
PROS-103658,Construction,West,250-999 employees,356000.0,41.6,6,Yes,43.3,Tier 2 - Warm
PROS-103659,Healthcare,Central,10-49 employees,2252000.0,8.1,17,No,23.3,Tier 3 - Nurture
PROS-103660,Transportation & Logistics,North,10-49 employees,828000.0,42.5,14,Yes,35.0,Tier 2 - Warm
PROS-103661,Healthcare,East,50-249 employees,609000.0,21.5,34,Yes,49.7,Tier 2 - Warm
PROS-103662,Education,North,1-9 employees,828000.0,41.2,39,Yes,46.7,Tier 2 - Warm
PROS-103663,Education,South,50-249 employees,1058000.0,68.4,25,Yes,61.7,Tier 2 - Warm
PROS-103664,Transportation & Logistics,North,1-9 employees,685000.0,52.8,32,No,45.9,Tier 2 - Warm
PROS-103665,Healthcare,West,50-249 employees,2742000.0,61.1,37,Yes,68.2,Tier 1 - Priority
PROS-103666,Transportation & Logistics,West,1000+ employees,2915000.0,64.3,29,Yes,78.2,Tier 1 - Priority
PROS-103667,Retail Trade,West,1000+ employees,1309000.0,75.4,14,Yes,70.9,Tier 1 - Priority
PROS-103668,Healthcare,North,250-999 employees,3309000.0,17.4,10,No,36.6,Tier 2 - Warm
PROS-103669,Professional Services,South,250-999 employees,736000.0,27.7,11,Yes,41.5,Tier 2 - Warm
PROS-103670,Retail Trade,West,1-9 employees,1559000.0,42.5,13,Yes,26.7,Tier 3 - Nurture
PROS-103671,Manufacturing,Central,1000+ employees,2202000.0,31.1,9,Yes,48.9,Tier 2 - Warm
PROS-103672,Transportation & Logistics,Central,250-999 employees,2238000.0,46.7,27,No,61.9,Tier 2 - Warm
PROS-103673,Manufacturing,North,10-49 employees,1998000.0,43.0,39,Yes,54.9,Tier 2 - Warm
PROS-103674,Technology,East,10-49 employees,1461000.0,34.9,11,No,29.5,Tier 3 - Nurture
PROS-103675,Healthcare,North,1-9 employees,6280000.0,22.6,17,Yes,21.7,Tier 3 - Nurture
PROS-103676,Construction,Central,10-49 employees,403000.0,11.3,37,Yes,40.4,Tier 2 - Warm
PROS-103677,Hospitality,North,50-249 employees,615000.0,23.2,36,No,51.9,Tier 2 - Warm
PROS-103678,Transportation & Logistics,Central,10-49 employees,749000.0,36.5,2,No,23.0,Tier 3 - Nurture
PROS-103679,Hospitality,North,10-49 employees,487000.0,26.9,14,Yes,28.6,Tier 3 - Nurture
PROS-103680,Hospitality,North,10-49 employees,82000.0,31.8,14,No,30.6,Tier 3 - Nurture
PROS-103681,Manufacturing,Central,1-9 employees,3310000.0,40.4,12,Yes,25.0,Tier 3 - Nurture
PROS-103682,Professional Services,East,1000+ employees,236000.0,17.7,37,Yes,65.5,Tier 2 - Warm
PROS-103683,Transportation & Logistics,East,1-9 employees,879000.0,32.7,31,Yes,36.9,Tier 2 - Warm
PROS-103684,Education,West,1-9 employees,153000.0,44.3,3,Yes,19.5,Tier 3 - Nurture
PROS-103685,Retail Trade,South,1-9 employees,1444000.0,31.7,25,Yes,31.7,Tier 3 - Nurture
PROS-103686,Retail Trade,West,250-999 employees,307000.0,38.4,23,Yes,55.4,Tier 2 - Warm
PROS-103687,Education,East,250-999 employees,209000.0,59.3,21,No,62.4,Tier 2 - Warm
PROS-103688,Education,South,1-9 employees,903000.0,64.3,29,Yes,48.2,Tier 2 - Warm
PROS-103689,Retail Trade,South,1-9 employees,724000.0,43.7,18,Yes,31.1,Tier 3 - Nurture
PROS-103690,Healthcare,North,10-49 employees,388000.0,50.9,28,Yes,49.4,Tier 2 - Warm
PROS-103691,Technology,South,1-9 employees,881000.0,22.8,19,No,23.4,Tier 3 - Nurture
PROS-103692,Retail Trade,East,50-249 employees,1759000.0,52.4,37,Yes,64.7,Tier 2 - Warm
PROS-103693,Construction,North,1-9 employees,296000.0,24.4,33,Yes,35.1,Tier 2 - Warm
PROS-103694,Construction,North,10-49 employees,245000.0,46.0,3,No,27.7,Tier 3 - Nurture
PROS-103695,Technology,West,10-49 employees,749000.0,89.6,6,Yes,47.9,Tier 2 - Warm
PROS-103696,Construction,East,10-49 employees,1320000.0,60.1,16,Yes,43.7,Tier 2 - Warm
PROS-103697,Healthcare,North,10-49 employees,3646000.0,72.1,2,No,37.6,Tier 2 - Warm
PROS-103698,Professional Services,West,1-9 employees,224000.0,82.5,3,Yes,35.1,Tier 2 - Warm
PROS-103699,Hospitality,West,1-9 employees,514000.0,42.2,1,Yes,17.1,Tier 3 - Nurture
PROS-103700,Retail Trade,North,1-9 employees,2659000.0,38.2,36,No,43.1,Tier 2 - Warm
PROS-103701,Professional Services,South,1-9 employees,6391000.0,21.1,20,No,23.5,Tier 3 - Nurture
PROS-103702,Professional Services,South,1000+ employees,245000.0,53.2,31,No,75.3,Tier 1 - Priority
PROS-103703,Education,West,1-9 employees,324000.0,33.8,32,No,38.1,Tier 2 - Warm
PROS-103704,Education,North,1-9 employees,1109000.0,10.9,7,Yes,9.0,Tier 3 - Nurture
PROS-103705,Transportation & Logistics,Central,1-9 employees,386000.0,61.9,27,No,45.7,Tier 2 - Warm
PROS-103706,Retail Trade,South,50-249 employees,316000.0,75.1,25,No,64.5,Tier 2 - Warm
PROS-103707,Hospitality,North,250-999 employees,954000.0,32.6,39,No,65.7,Tier 2 - Warm
PROS-103708,Healthcare,Central,50-249 employees,4010000.0,28.9,35,Yes,53.5,Tier 2 - Warm
PROS-103709,Wholesale Distribution,North,10-49 employees,173000.0,34.5,24,No,39.6,Tier 2 - Warm
PROS-103710,Construction,North,50-249 employees,3791000.0,73.7,27,No,65.5,Tier 2 - Warm
PROS-103711,Education,Central,10-49 employees,388000.0,39.849999999999994,20,Yes,38.6,Tier 2 - Warm
PROS-103712,Wholesale Distribution,East,250-999 employees,1067000.0,39.05,23,No,55.7,Tier 2 - Warm
PROS-103713,Professional Services,East,50-249 employees,4197000.0,57.2,23,No,55.6,Tier 2 - Warm
PROS-103714,Hospitality,West,1-9 employees,1043000.0,20.8,35,Yes,35.2,Tier 2 - Warm
PROS-103715,Professional Services,West,10-49 employees,526000.0,36.4,35,No,49.1,Tier 2 - Warm
PROS-103716,Construction,West,1-9 employees,1607000.0,13.6,9,Yes,11.7,Tier 3 - Nurture
PROS-103717,Professional Services,North,1-9 employees,603000.0,54.6,1,Yes,22.1,Tier 3 - Nurture
PROS-103718,Technology,East,50-249 employees,1294000.0,33.6,11,No,36.5,Tier 2 - Warm
PROS-103719,Professional Services,South,1-9 employees,582000.0,40.0,19,No,30.4,Tier 3 - Nurture
PROS-103720,Technology,Central,50-249 employees,1881000.0,31.5,9,Yes,34.0,Tier 2 - Warm
PROS-103721,Transportation & Logistics,East,1000+ employees,157000.0,26.7,17,No,53.4,Tier 2 - Warm
PROS-103722,Hospitality,North,10-49 employees,239000.0,59.9,17,No,44.4,Tier 2 - Warm
PROS-103723,Education,Central,10-49 employees,155000.0,53.9,38,No,58.6,Tier 2 - Warm
PROS-103724,Manufacturing,South,10-49 employees,686000.0,14.2,18,Yes,26.6,Tier 3 - Nurture
PROS-103725,Education,South,50-249 employees,136000.0,63.4,8,No,46.3,Tier 2 - Warm
PROS-103726,Retail Trade,Central,1-9 employees,341000.0,7.0,16,No,14.5,Tier 3 - Nurture
PROS-103727,Transportation & Logistics,West,1-9 employees,216000.0,55.3,1,No,22.4,Tier 3 - Nurture
PROS-103728,Construction,Central,10-49 employees,3714000.0,29.3,2,Yes,20.1,Tier 3 - Nurture
PROS-103729,Technology,West,250-999 employees,245000.0,14.7,25,Yes,47.3,Tier 2 - Warm
PROS-103730,Hospitality,Central,1-9 employees,177000.0,28.1,10,Yes,18.4,Tier 3 - Nurture
PROS-103731,Wholesale Distribution,North,10-49 employees,959000.0,30.2,25,Yes,38.6,Tier 2 - Warm
PROS-103732,Healthcare,East,1000+ employees,4665000.0,36.5,2,No,45.5,Tier 2 - Warm
PROS-103733,Education,South,1-9 employees,642000.0,50.3,13,No,29.9,Tier 3 - Nurture
PROS-103734,Construction,South,1-9 employees,699000.0,24.0,23,No,27.0,Tier 3 - Nurture
PROS-103735,Professional Services,South,10-49 employees,3017000.0,33.2,22,Yes,37.5,Tier 2 - Warm
PROS-103736,Construction,South,1-9 employees,1917000.0,44.1,24,No,36.0,Tier 2 - Warm
PROS-103737,Transportation & Logistics,East,1-9 employees,1165000.0,13.5,24,Yes,23.5,Tier 3 - Nurture
PROS-103738,Technology,Central,10-49 employees,384000.0,69.3,13,No,45.1,Tier 2 - Warm
PROS-103739,Wholesale Distribution,West,50-249 employees,1204000.0,52.0,14,Yes,46.3,Tier 2 - Warm
PROS-103740,Professional Services,South,10-49 employees,163000.0,38.9,16,Yes,35.1,Tier 2 - Warm
PROS-103741,Construction,East,10-49 employees,367000.0,7.9,17,Yes,23.2,Tier 3 - Nurture
PROS-103742,Education,East,10-49 employees,3522000.0,43.0,31,Yes,48.6,Tier 2 - Warm
PROS-103743,Healthcare,South,10-49 employees,3055000.0,78.4,6,No,43.3,Tier 2 - Warm
PROS-103744,Professional Services,East,50-249 employees,1180000.0,19.4,22,No,39.3,Tier 2 - Warm
PROS-103745,Education,West,50-249 employees,87000.0,45.0,31,Yes,56.9,Tier 2 - Warm
PROS-103746,Healthcare,South,50-249 employees,193000.0,30.5,14,No,37.6,Tier 2 - Warm
PROS-103747,Education,East,250-999 employees,345000.0,66.0,16,No,61.1,Tier 2 - Warm
PROS-103748,Education,West,50-249 employees,604000.0,69.4,27,No,63.7,Tier 2 - Warm
PROS-103749,Education,East,1-9 employees,184000.0,45.7,26,No,38.2,Tier 2 - Warm
PROS-103750,Transportation & Logistics,South,1000+ employees,556000.0,70.1,22,Yes,75.1,Tier 1 - Priority
PROS-103751,Hospitality,East,250-999 employees,5096000.0,65.8,17,No,61.9,Tier 2 - Warm
PROS-103752,Education,West,1-9 employees,1134000.0,11.2,2,Yes,5.2,Tier 3 - Nurture
PROS-103753,Professional Services,South,1-9 employees,928000.0,44.0,7,Yes,22.6,Tier 3 - Nurture
PROS-103754,Manufacturing,East,10-49 employees,238000.0,34.150000000000006,20,Yes,36.3,Tier 2 - Warm
PROS-103755,Construction,West,10-49 employees,120000.0,41.6,28,Yes,45.6,Tier 2 - Warm
PROS-103756,Technology,South,50-249 employees,189000.0,52.8,8,Yes,41.9,Tier 2 - Warm
PROS-103757,Transportation & Logistics,South,10-49 employees,115000.0,40.5,17,Yes,36.5,Tier 2 - Warm
PROS-103758,Manufacturing,Central,1-9 employees,792000.0,56.8,10,No,30.1,Tier 3 - Nurture
PROS-103759,Transportation & Logistics,South,1-9 employees,1113000.0,8.0,8,Yes,8.6,Tier 3 - Nurture
PROS-103760,Retail Trade,East,250-999 employees,252000.0,42.8,36,Yes,67.5,Tier 1 - Priority
PROS-103761,Transportation & Logistics,North,1-9 employees,858000.0,77.1,37,Yes,59.8,Tier 2 - Warm
PROS-103762,Transportation & Logistics,Central,50-249 employees,3671000.0,35.8,39,Yes,59.5,Tier 2 - Warm
PROS-103763,Technology,East,1-9 employees,6284000.0,34.9,35,Yes,40.9,Tier 2 - Warm
PROS-103764,Healthcare,West,10-49 employees,1702000.0,10.0,16,No,23.3,Tier 3 - Nurture
PROS-103765,Healthcare,West,10-49 employees,602000.0,43.2,29,Yes,47.1,Tier 2 - Warm
PROS-103766,Technology,South,1-9 employees,1643000.0,9.6,12,Yes,12.4,Tier 3 - Nurture
PROS-103767,Hospitality,South,50-249 employees,3227000.0,63.3,23,No,58.1,Tier 2 - Warm
PROS-103768,Wholesale Distribution,West,50-249 employees,80000.0,36.7,10,Yes,36.9,Tier 2 - Warm
PROS-103769,Construction,Central,1-9 employees,3724000.0,22.2,25,No,27.9,Tier 3 - Nurture
PROS-103770,Healthcare,North,10-49 employees,401000.0,82.0,17,Yes,53.5,Tier 2 - Warm
PROS-103771,Construction,Central,50-249 employees,405000.0,58.1,15,Yes,49.6,Tier 2 - Warm
PROS-103772,Transportation & Logistics,Central,50-249 employees,494000.0,55.9,4,Yes,40.0,Tier 2 - Warm
PROS-103773,Retail Trade,North,10-49 employees,1037000.0,38.2,11,No,30.8,Tier 3 - Nurture
PROS-103774,Healthcare,North,50-249 employees,215000.0,20.5,18,Yes,36.6,Tier 2 - Warm
PROS-103775,Retail Trade,West,1-9 employees,533000.0,74.4,24,Yes,48.4,Tier 2 - Warm
PROS-103776,Transportation & Logistics,Central,1-9 employees,1300000.0,21.5,33,Yes,33.9,Tier 2 - Warm
PROS-103777,Wholesale Distribution,South,50-249 employees,928000.0,25.8,29,No,47.5,Tier 2 - Warm
PROS-103778,Education,West,50-249 employees,1109000.0,38.7,22,No,47.2,Tier 2 - Warm
PROS-103779,Healthcare,Central,50-249 employees,511000.0,33.9,20,Yes,43.7,Tier 2 - Warm
PROS-103780,Manufacturing,South,1-9 employees,1565000.0,33.4,19,No,27.7,Tier 3 - Nurture
PROS-103781,Professional Services,South,10-49 employees,749000.0,59.9,35,No,58.7,Tier 2 - Warm
PROS-103782,Retail Trade,Central,50-249 employees,2183000.0,27.8,33,Yes,51.5,Tier 2 - Warm
PROS-103783,Hospitality,South,1-9 employees,1167000.0,7.0,16,Yes,14.5,Tier 3 - Nurture
PROS-103784,Education,East,10-49 employees,2049000.0,68.4,23,Yes,52.7,Tier 2 - Warm
PROS-103785,Transportation & Logistics,East,10-49 employees,1902000.0,46.7,15,Yes,37.5,Tier 2 - Warm
PROS-103786,Retail Trade,East,1-9 employees,13855000.0,50.9,23,No,38.0,Tier 2 - Warm
PROS-103787,Manufacturing,South,10-49 employees,2785000.0,83.5,17,No,54.1,Tier 2 - Warm
PROS-103788,Education,West,1-9 employees,662000.0,28.7,34,No,37.6,Tier 2 - Warm
PROS-103789,Construction,West,250-999 employees,268000.0,43.8,28,Yes,61.5,Tier 2 - Warm
PROS-103790,Retail Trade,South,1-9 employees,547000.0,14.8,7,Yes,10.6,Tier 3 - Nurture
PROS-103791,Retail Trade,East,1-9 employees,506000.0,71.2,2,Yes,29.7,Tier 3 - Nurture
PROS-103792,Professional Services,North,1-9 employees,1280000.0,46.9,38,No,48.2,Tier 2 - Warm
PROS-103793,Technology,South,1-9 employees,338000.0,19.7,14,No,18.1,Tier 3 - Nurture
PROS-103794,Wholesale Distribution,Central,1-9 employees,2707000.0,39.6,6,No,20.0,Tier 3 - Nurture
PROS-103795,Professional Services,East,10-49 employees,158000.0,56.2,29,No,52.4,Tier 2 - Warm
PROS-103796,Technology,West,1-9 employees,121000.0,45.5,19,Yes,32.6,Tier 3 - Nurture
PROS-103797,Manufacturing,Central,1-9 employees,629000.0,24.7,22,No,26.5,Tier 3 - Nurture
PROS-103798,Manufacturing,West,1-9 employees,289000.0,67.8,25,No,46.5,Tier 2 - Warm
PROS-103799,Manufacturing,West,10-49 employees,183000.0,34.5,13,Yes,30.9,Tier 3 - Nurture
PROS-103800,Education,West,1-9 employees,362000.0,34.6,23,No,31.3,Tier 3 - Nurture
PROS-103801,Transportation & Logistics,East,10-49 employees,316000.0,42.2,26,Yes,44.3,Tier 2 - Warm
PROS-103802,Wholesale Distribution,West,50-249 employees,738000.0,65.8,24,Yes,59.9,Tier 2 - Warm
PROS-103803,Manufacturing,South,50-249 employees,738500.0,41.9,36,Yes,59.6,Tier 2 - Warm
PROS-103804,Manufacturing,Central,1-9 employees,403000.0,57.7,16,Yes,35.3,Tier 2 - Warm
PROS-103805,Wholesale Distribution,North,250-999 employees,726000.0,23.4,20,No,46.9,Tier 2 - Warm
PROS-103806,Retail Trade,Central,50-249 employees,2226000.0,15.5,30,Yes,44.1,Tier 2 - Warm
PROS-103807,Retail Trade,Central,1-9 employees,3678000.0,64.5,29,Yes,48.3,Tier 2 - Warm
PROS-103808,Transportation & Logistics,North,10-49 employees,858000.0,68.2,39,No,65.2,Tier 2 - Warm
PROS-103809,Technology,West,50-249 employees,935000.0,54.4,8,Yes,42.6,Tier 2 - Warm
PROS-103810,Professional Services,Central,1-9 employees,596000.0,8.2,36,Yes,30.8,Tier 3 - Nurture
PROS-103811,Healthcare,East,10-49 employees,1238000.0,22.9,19,No,30.9,Tier 3 - Nurture
PROS-103812,Technology,South,10-49 employees,1120000.0,66.2,9,No,40.7,Tier 2 - Warm
PROS-103813,Healthcare,Central,1-9 employees,3136000.0,24.0,12,Yes,18.3,Tier 3 - Nurture
PROS-103814,Construction,East,1000+ employees,91000.0,53.8,14,No,62.1,Tier 2 - Warm
PROS-103815,Manufacturing,North,1-9 employees,564000.0,71.6,39,No,59.1,Tier 2 - Warm
PROS-103816,Healthcare,South,1-9 employees,1059000.0,4.8,5,Yes,5.0,Tier 3 - Nurture
PROS-103817,Wholesale Distribution,West,1-9 employees,709000.0,24.3,9,No,16.1,Tier 3 - Nurture
PROS-103818,Technology,East,10-49 employees,260000.0,26.7,28,No,39.6,Tier 2 - Warm
PROS-103819,Wholesale Distribution,South,250-999 employees,175000.0,33.9,37,No,64.6,Tier 2 - Warm
PROS-103820,Retail Trade,West,50-249 employees,1771000.0,26.2,4,Yes,27.9,Tier 3 - Nurture
PROS-103821,Manufacturing,North,250-999 employees,676000.0,32.2,16,No,47.3,Tier 2 - Warm
PROS-103822,Transportation & Logistics,South,10-49 employees,106000.0,61.2,16,Yes,44.2,Tier 2 - Warm
PROS-103823,Retail Trade,East,10-49 employees,1871000.0,62.4,20,No,47.8,Tier 2 - Warm
PROS-103824,Transportation & Logistics,North,10-49 employees,1208000.0,54.9,30,Yes,52.7,Tier 2 - Warm
PROS-103825,Education,South,1-9 employees,642000.0,44.7,21,No,33.9,Tier 2 - Warm
PROS-103826,Construction,Central,250-999 employees,267000.0,55.4,6,No,48.9,Tier 2 - Warm
PROS-103827,Transportation & Logistics,Central,10-49 employees,644000.0,84.8,10,Yes,49.1,Tier 2 - Warm
PROS-103828,Technology,Central,10-49 employees,2778000.0,69.5,29,Yes,57.8,Tier 2 - Warm
PROS-103829,Retail Trade,South,10-49 employees,123000.0,68.3,10,Yes,42.3,Tier 2 - Warm
PROS-103830,Wholesale Distribution,North,50-249 employees,131000.0,84.4,20,Yes,64.3,Tier 2 - Warm
PROS-103831,Professional Services,Central,1-9 employees,366000.0,69.2,15,No,39.2,Tier 2 - Warm
PROS-103832,Wholesale Distribution,South,50-249 employees,738500.0,57.2,18,No,51.6,Tier 2 - Warm
PROS-103833,Technology,West,50-249 employees,423000.0,19.6,30,No,45.7,Tier 2 - Warm
PROS-103834,Retail Trade,North,50-249 employees,1479000.0,14.6,10,No,27.9,Tier 3 - Nurture
PROS-103835,Hospitality,West,1-9 employees,2416000.0,33.2,28,No,34.7,Tier 2 - Warm
PROS-103836,Retail Trade,East,1-9 employees,991000.0,61.2,30,Yes,47.7,Tier 2 - Warm
PROS-103837,Transportation & Logistics,Central,10-49 employees,1351000.0,58.0,39,Yes,61.0,Tier 2 - Warm
PROS-103838,Education,North,250-999 employees,984000.0,34.0,18,Yes,49.6,Tier 2 - Warm
PROS-103839,Education,East,1000+ employees,737000.0,18.0,4,No,39.6,Tier 2 - Warm
PROS-103840,Wholesale Distribution,Central,10-49 employees,176000.0,22.4,27,No,37.0,Tier 2 - Warm
PROS-103841,Healthcare,South,1-9 employees,235000.0,62.8,30,Yes,48.4,Tier 2 - Warm
PROS-103842,Transportation & Logistics,West,1-9 employees,165000.0,24.5,2,Yes,10.6,Tier 3 - Nurture
PROS-103843,Construction,North,10-49 employees,619000.0,42.1,8,No,30.1,Tier 3 - Nurture
PROS-103844,Education,West,1-9 employees,942000.0,21.1,14,No,18.7,Tier 3 - Nurture
PROS-103845,Healthcare,South,10-49 employees,148000.0,39.0,20,No,38.3,Tier 2 - Warm
PROS-103846,Hospitality,East,50-249 employees,790000.0,25.3,21,Yes,41.0,Tier 2 - Warm
PROS-103847,Construction,Central,10-49 employees,279000.0,58.2,8,No,36.6,Tier 2 - Warm
PROS-103848,Hospitality,West,10-49 employees,225000.0,44.0,8,No,30.8,Tier 3 - Nurture
PROS-103849,Professional Services,East,1-9 employees,367000.0,22.4,37,Yes,37.4,Tier 2 - Warm
PROS-103850,Hospitality,North,1-9 employees,213000.0,41.5,29,No,38.9,Tier 2 - Warm
PROS-103851,Manufacturing,South,50-249 employees,1422000.0,10.6,20,Yes,34.2,Tier 2 - Warm
PROS-103852,Retail Trade,Central,10-49 employees,606000.0,68.2,13,No,44.7,Tier 2 - Warm
PROS-103853,Construction,South,1-9 employees,1788000.0,47.0,19,No,33.3,Tier 2 - Warm
PROS-103854,Healthcare,West,1-9 employees,448000.0,34.2,38,No,43.0,Tier 2 - Warm
PROS-103855,Hospitality,East,1-9 employees,467000.0,48.8,12,Yes,28.5,Tier 3 - Nurture
PROS-103856,Construction,South,50-249 employees,5727000.0,21.7,13,No,33.2,Tier 2 - Warm
PROS-103857,Manufacturing,West,10-49 employees,122000.0,34.9,18,Yes,35.0,Tier 2 - Warm
PROS-103858,Construction,South,10-49 employees,2996000.0,24.5,8,Yes,22.9,Tier 3 - Nurture
PROS-103859,Healthcare,South,10-49 employees,4502000.0,37.8,5,Yes,25.9,Tier 3 - Nurture
PROS-103860,Transportation & Logistics,East,1-9 employees,1694000.0,12.6,35,Yes,31.8,Tier 3 - Nurture
PROS-103861,Technology,West,10-49 employees,507000.0,18.6,27,No,35.5,Tier 2 - Warm
PROS-103862,Professional Services,Central,1-9 employees,3505000.0,31.4,14,Yes,22.9,Tier 3 - Nurture
PROS-103863,Technology,West,250-999 employees,512000.0,49.0,23,No,59.7,Tier 2 - Warm
PROS-103864,Technology,West,1-9 employees,336000.0,37.8,20,No,30.3,Tier 3 - Nurture
PROS-103865,Hospitality,West,10-49 employees,476000.0,64.4,4,No,36.0,Tier 2 - Warm
PROS-103866,Transportation & Logistics,South,1-9 employees,390000.0,54.5,30,Yes,45.0,Tier 2 - Warm
PROS-103867,Wholesale Distribution,South,50-249 employees,257000.0,55.5,4,Yes,39.9,Tier 2 - Warm
PROS-103868,Professional Services,East,1-9 employees,2473000.0,17.8,23,No,24.5,Tier 3 - Nurture
PROS-103869,Hospitality,West,250-999 employees,312000.0,34.7,12,Yes,45.2,Tier 2 - Warm
PROS-103870,Manufacturing,West,1-9 employees,706000.0,52.4,18,Yes,34.7,Tier 2 - Warm
PROS-103871,Retail Trade,North,50-249 employees,149000.0,15.5,19,No,35.4,Tier 2 - Warm
PROS-103872,Wholesale Distribution,West,50-249 employees,755000.0,34.8,17,No,41.7,Tier 2 - Warm
PROS-103873,Healthcare,South,1-9 employees,205000.0,62.0,9,No,31.5,Tier 3 - Nurture
PROS-103874,Technology,Central,1-9 employees,199000.0,9.2,4,Yes,6.0,Tier 3 - Nurture
PROS-103875,Technology,West,10-49 employees,647000.0,52.0,6,Yes,32.5,Tier 3 - Nurture
PROS-103876,Technology,Central,50-249 employees,2333000.0,41.3,29,Yes,53.8,Tier 2 - Warm
PROS-103877,Professional Services,West,250-999 employees,1184000.0,52.3,4,No,46.1,Tier 2 - Warm
PROS-103878,Retail Trade,East,1-9 employees,1277000.0,49.7,20,No,35.1,Tier 2 - Warm
PROS-103879,Manufacturing,North,10-49 employees,632000.0,10.8,12,No,20.4,Tier 3 - Nurture
PROS-103880,Wholesale Distribution,South,1-9 employees,504000.0,70.4,28,No,49.9,Tier 2 - Warm
PROS-103881,Professional Services,Central,1-9 employees,1741000.0,45.4,25,No,37.3,Tier 2 - Warm
PROS-103882,Transportation & Logistics,South,10-49 employees,393000.0,53.7,8,No,34.8,Tier 2 - Warm
PROS-103883,Healthcare,North,1-9 employees,1826000.0,11.8,27,Yes,25.2,Tier 3 - Nurture
PROS-103884,Retail Trade,South,1-9 employees,2841000.0,32.1,26,No,32.7,Tier 3 - Nurture
PROS-103885,Healthcare,East,250-999 employees,289000.0,16.7,12,No,37.8,Tier 2 - Warm
PROS-103886,Manufacturing,West,50-249 employees,340000.0,73.3,33,Yes,70.0,Tier 1 - Priority
PROS-103887,Retail Trade,Central,50-249 employees,400000.0,65.0,18,No,54.8,Tier 2 - Warm
PROS-103888,Retail Trade,Central,1-9 employees,145000.0,23.5,2,Yes,10.2,Tier 3 - Nurture
PROS-103889,Wholesale Distribution,East,250-999 employees,676000.0,53.1,25,Yes,63.0,Tier 2 - Warm
PROS-103890,Transportation & Logistics,East,10-49 employees,3053000.0,12.1,18,No,25.7,Tier 3 - Nurture
PROS-103891,Education,Central,10-49 employees,231000.0,24.9,15,No,28.6,Tier 3 - Nurture
PROS-103892,Healthcare,North,1-9 employees,3134000.0,60.8,18,Yes,38.1,Tier 2 - Warm
PROS-103893,Professional Services,East,250-999 employees,453000.0,6.9,39,No,55.2,Tier 2 - Warm
PROS-103894,Technology,East,10-49 employees,7463000.0,35.0,16,Yes,33.5,Tier 2 - Warm
PROS-103895,Education,West,50-249 employees,345000.0,38.4,28,No,51.8,Tier 2 - Warm
PROS-103896,Transportation & Logistics,Central,50-249 employees,623000.0,64.5,34,Yes,67.2,Tier 1 - Priority
PROS-103897,Manufacturing,West,50-249 employees,268000.0,22.3,23,No,41.3,Tier 2 - Warm
PROS-103898,Construction,West,50-249 employees,342000.0,83.7,35,No,75.9,Tier 1 - Priority
PROS-103899,Education,West,250-999 employees,3179000.0,38.7,20,Yes,53.1,Tier 2 - Warm
PROS-103900,Transportation & Logistics,East,1-9 employees,1229000.0,15.1,9,No,12.3,Tier 3 - Nurture
PROS-103901,Education,South,1-9 employees,2262000.0,2.1,20,No,15.7,Tier 3 - Nurture
PROS-103902,Transportation & Logistics,South,50-249 employees,172000.0,54.9,5,No,40.4,Tier 2 - Warm
PROS-103903,Manufacturing,West,10-49 employees,1499000.0,34.5,12,No,30.1,Tier 3 - Nurture
PROS-103904,Wholesale Distribution,West,10-49 employees,251000.0,9.4,9,Yes,17.5,Tier 3 - Nurture
PROS-103905,Hospitality,South,50-249 employees,168000.0,51.7,4,Yes,38.3,Tier 2 - Warm
PROS-103906,Hospitality,Central,10-49 employees,949000.0,28.2,6,No,22.8,Tier 3 - Nurture
PROS-103907,Education,Central,50-249 employees,938000.0,53.3,33,Yes,61.9,Tier 2 - Warm
PROS-103908,Retail Trade,West,1-9 employees,773000.0,19.8,34,No,34.0,Tier 2 - Warm
PROS-103909,Education,South,250-999 employees,1606000.0,40.6,36,No,66.6,Tier 1 - Priority
PROS-103910,Professional Services,Central,1-9 employees,1907000.0,42.5,1,No,17.2,Tier 3 - Nurture
PROS-103911,Education,South,10-49 employees,3674000.0,42.6,39,Yes,54.7,Tier 2 - Warm
PROS-103912,Retail Trade,East,250-999 employees,197000.0,46.0,14,Yes,51.4,Tier 2 - Warm
PROS-103913,Transportation & Logistics,Central,1-9 employees,724000.0,41.8,16,No,28.8,Tier 3 - Nurture
PROS-103914,Hospitality,East,1-9 employees,5784000.0,43.0,8,Yes,22.9,Tier 3 - Nurture
PROS-103915,Manufacturing,South,1-9 employees,488000.0,24.5,37,No,38.3,Tier 2 - Warm
PROS-103916,Manufacturing,North,10-49 employees,116000.0,14.1,39,No,43.1,Tier 2 - Warm
PROS-103917,Wholesale Distribution,South,10-49 employees,159000.0,12.0,28,Yes,33.6,Tier 2 - Warm
PROS-103918,Manufacturing,West,1-9 employees,439000.0,63.9,3,No,27.5,Tier 3 - Nurture
PROS-103919,Technology,West,250-999 employees,6686000.0,19.0,17,Yes,42.7,Tier 2 - Warm
PROS-103920,Education,South,1-9 employees,743000.0,17.0,11,No,14.7,Tier 3 - Nurture
PROS-103921,Technology,North,10-49 employees,370000.0,96.2,36,No,74.3,Tier 1 - Priority
PROS-103922,Healthcare,West,10-49 employees,343000.0,47.8,26,Yes,46.6,Tier 2 - Warm
PROS-103923,Healthcare,North,1-9 employees,724000.0,72.7,38,No,58.8,Tier 2 - Warm
PROS-103924,Technology,North,1-9 employees,1909000.0,41.4,33,No,42.0,Tier 2 - Warm
PROS-103925,Transportation & Logistics,East,1000+ employees,659000.0,7.5,21,Yes,48.7,Tier 2 - Warm
PROS-103926,Transportation & Logistics,East,50-249 employees,7347000.0,3.7,12,Yes,25.0,Tier 3 - Nurture
PROS-103927,Retail Trade,South,1-9 employees,1456000.0,64.1,31,Yes,49.7,Tier 2 - Warm
PROS-103928,Technology,South,50-249 employees,1817000.0,14.5,28,No,42.1,Tier 2 - Warm
PROS-103929,Hospitality,South,10-49 employees,559000.0,29.6,31,Yes,43.1,Tier 2 - Warm
PROS-103930,Hospitality,South,1-9 employees,220000.0,34.0,37,No,42.1,Tier 2 - Warm
PROS-103931,Manufacturing,North,50-249 employees,279000.0,58.6,24,Yes,56.9,Tier 2 - Warm
PROS-103932,Hospitality,North,10-49 employees,162000.0,40.4,27,No,44.4,Tier 2 - Warm
PROS-103933,Hospitality,South,1-9 employees,1986000.0,20.9,17,No,21.0,Tier 3 - Nurture
PROS-103934,Retail Trade,North,250-999 employees,478000.0,22.0,20,Yes,46.3,Tier 2 - Warm
PROS-103935,Wholesale Distribution,South,1-9 employees,2080000.0,8.2,6,No,7.1,Tier 3 - Nurture
PROS-103936,Transportation & Logistics,East,1-9 employees,847000.0,75.9,8,Yes,36.4,Tier 2 - Warm
PROS-103937,Healthcare,North,1-9 employees,529000.0,38.9,39,Yes,45.7,Tier 2 - Warm
PROS-103938,Hospitality,West,50-249 employees,201000.0,5.0,7,Yes,21.6,Tier 3 - Nurture
PROS-103939,Transportation & Logistics,West,50-249 employees,1016000.0,50.9,3,No,37.2,Tier 2 - Warm
PROS-103940,Transportation & Logistics,East,250-999 employees,573000.0,31.8,32,No,59.8,Tier 2 - Warm
PROS-103941,Construction,West,1-9 employees,1968000.0,81.5,6,Yes,37.1,Tier 2 - Warm
PROS-103942,Education,Central,50-249 employees,332000.0,39.849999999999994,19,Yes,45.3,Tier 2 - Warm
PROS-103943,Education,North,10-49 employees,1436000.0,23.1,15,No,27.8,Tier 3 - Nurture
PROS-103944,Retail Trade,North,1-9 employees,724000.0,48.2,17,No,32.2,Tier 3 - Nurture
PROS-103945,Hospitality,South,1-9 employees,984000.0,22.4,16,No,20.8,Tier 3 - Nurture
PROS-103946,Manufacturing,West,50-249 employees,1730000.0,57.2,2,Yes,39.0,Tier 2 - Warm
PROS-103947,Construction,Central,1-9 employees,1368000.0,47.6,11,No,27.2,Tier 3 - Nurture
PROS-103948,Education,Central,10-49 employees,5885000.0,18.5,26,Yes,34.6,Tier 2 - Warm
PROS-103949,Retail Trade,East,10-49 employees,1098000.0,69.3,4,Yes,38.0,Tier 2 - Warm
PROS-103950,Construction,East,1-9 employees,1575000.0,33.3,11,Yes,21.3,Tier 3 - Nurture
PROS-103951,Professional Services,East,1000+ employees,701000.0,17.1,36,Yes,64.5,Tier 2 - Warm
PROS-103952,Hospitality,North,50-249 employees,311000.0,31.5,26,No,47.4,Tier 2 - Warm
PROS-103953,Healthcare,East,10-49 employees,193000.0,6.0,21,No,25.6,Tier 3 - Nurture
PROS-103954,Transportation & Logistics,East,50-249 employees,2939000.0,40.9,22,No,48.1,Tier 2 - Warm
PROS-103955,Education,South,10-49 employees,241000.0,20.9,38,No,45.1,Tier 2 - Warm
PROS-103956,Transportation & Logistics,West,50-249 employees,738500.0,36.1,2,Yes,30.4,Tier 3 - Nurture
PROS-103957,Hospitality,Central,1-9 employees,1153000.0,20.4,35,No,35.0,Tier 2 - Warm
PROS-103958,Manufacturing,South,10-49 employees,2002000.0,50.4,19,No,42.1,Tier 2 - Warm
PROS-103959,Professional Services,Central,1-9 employees,414000.0,38.1,20,Yes,30.4,Tier 3 - Nurture
PROS-103960,Education,North,10-49 employees,306000.0,34.2,9,Yes,27.6,Tier 3 - Nurture
PROS-103961,Wholesale Distribution,Central,10-49 employees,1106000.0,84.4,16,No,53.7,Tier 2 - Warm
PROS-103962,Technology,West,1-9 employees,529000.0,40.099999999999994,22,Yes,32.8,Tier 3 - Nurture
PROS-103963,Construction,South,1000+ employees,188000.0,25.7,10,No,47.4,Tier 2 - Warm
PROS-103964,Retail Trade,West,1-9 employees,6153000.0,16.9,14,No,17.0,Tier 3 - Nurture
PROS-103965,Wholesale Distribution,South,1-9 employees,305000.0,30.0,39,Yes,42.1,Tier 2 - Warm
PROS-103966,Hospitality,West,10-49 employees,245000.0,34.7,32,Yes,46.0,Tier 2 - Warm
PROS-103967,Professional Services,North,10-49 employees,559000.0,59.3,24,No,49.7,Tier 2 - Warm
PROS-103968,Transportation & Logistics,South,1-9 employees,2894000.0,85.0,12,Yes,43.3,Tier 2 - Warm
PROS-103969,Technology,South,10-49 employees,67000.0,34.1,33,No,46.5,Tier 2 - Warm
PROS-103970,Healthcare,North,50-249 employees,2642000.0,33.849999999999994,34,Yes,54.7,Tier 2 - Warm
PROS-103971,Education,South,1-9 employees,268000.0,50.3,39,No,50.4,Tier 2 - Warm
PROS-103972,Retail Trade,West,1000+ employees,976000.0,14.4,27,Yes,56.2,Tier 2 - Warm
PROS-103973,Professional Services,West,1-9 employees,347000.0,63.4,9,No,32.1,Tier 3 - Nurture
PROS-103974,Manufacturing,East,10-49 employees,6525000.0,70.9,15,No,47.4,Tier 2 - Warm
PROS-103975,Technology,North,1-9 employees,837000.0,31.4,37,No,41.1,Tier 2 - Warm
PROS-103976,Technology,South,50-249 employees,335000.0,33.4,5,No,31.6,Tier 3 - Nurture
PROS-103977,Education,Central,50-249 employees,524000.0,39.9,31,No,54.8,Tier 2 - Warm
PROS-103978,Transportation & Logistics,South,1-9 employees,724000.0,43.1,20,No,32.4,Tier 3 - Nurture
PROS-103979,Retail Trade,North,1-9 employees,887000.0,52.6,18,No,34.7,Tier 2 - Warm
PROS-103980,Healthcare,East,1-9 employees,1182000.0,19.5,7,No,12.5,Tier 3 - Nurture
PROS-103981,Manufacturing,North,1-9 employees,728000.0,62.2,38,Yes,54.5,Tier 2 - Warm
PROS-103982,Technology,South,1000+ employees,160000.0,67.6,9,No,63.8,Tier 2 - Warm
PROS-103983,Technology,Central,10-49 employees,502000.0,31.9,24,No,38.5,Tier 2 - Warm
PROS-103984,Wholesale Distribution,South,10-49 employees,1422000.0,44.1,22,No,41.9,Tier 2 - Warm
PROS-103985,Construction,West,1000+ employees,349000.0,52.1,16,No,63.0,Tier 2 - Warm
PROS-103986,Construction,East,50-249 employees,1529000.0,74.9,6,No,49.4,Tier 2 - Warm
PROS-103987,Manufacturing,South,50-249 employees,755000.0,46.3,7,Yes,38.5,Tier 2 - Warm
PROS-103988,Healthcare,West,1-9 employees,724000.0,11.0,25,Yes,23.3,Tier 3 - Nurture
PROS-103989,Healthcare,East,1-9 employees,2713000.0,86.1,29,No,57.1,Tier 2 - Warm
PROS-103990,Hospitality,South,1-9 employees,108000.0,28.0,10,Yes,18.4,Tier 3 - Nurture
PROS-103991,Hospitality,South,1-9 employees,347000.0,20.3,31,Yes,31.8,Tier 3 - Nurture
PROS-103992,Retail Trade,Central,10-49 employees,2830000.0,42.0,27,No,45.0,Tier 2 - Warm
PROS-103993,Professional Services,North,1-9 employees,5461000.0,42.9,9,Yes,23.7,Tier 3 - Nurture
PROS-103994,Transportation & Logistics,Central,10-49 employees,749000.0,17.3,15,No,25.5,Tier 3 - Nurture
PROS-103995,Construction,East,10-49 employees,771000.0,18.9,15,No,26.1,Tier 3 - Nurture
PROS-103996,Manufacturing,Central,1-9 employees,1207000.0,59.6,22,No,40.8,Tier 2 - Warm
PROS-103997,Wholesale Distribution,South,1-9 employees,1793000.0,62.4,3,Yes,26.9,Tier 3 - Nurture
PROS-103998,Hospitality,East,10-49 employees,2966000.0,12.8,38,Yes,41.8,Tier 2 - Warm
PROS-103999,Transportation & Logistics,West,10-49 employees,1029000.0,10.5,22,No,28.2,Tier 3 - Nurture
PROS-104000,Construction,South,50-249 employees,2020000.0,50.8,27,Yes,56.1,Tier 2 - Warm
PROS-104001,Wholesale Distribution,South,50-249 employees,1210000.0,23.4,24,No,42.6,Tier 2 - Warm
PROS-104002,Manufacturing,East,1-9 employees,1296000.0,16.3,16,No,18.3,Tier 3 - Nurture
PROS-104003,Healthcare,West,1-9 employees,266000.0,48.5,34,Yes,45.7,Tier 2 - Warm
PROS-104004,Wholesale Distribution,South,1-9 employees,508000.0,29.4,13,No,21.3,Tier 3 - Nurture
PROS-104005,Education,West,1-9 employees,410000.0,24.6,2,Yes,10.7,Tier 3 - Nurture
PROS-104006,Professional Services,West,10-49 employees,197000.0,33.7,22,Yes,37.7,Tier 2 - Warm
PROS-104007,Technology,North,1000+ employees,119000.0,39.6,5,No,49.2,Tier 2 - Warm
PROS-104008,Retail Trade,Central,1-9 employees,458000.0,28.7,33,Yes,36.8,Tier 2 - Warm
PROS-104009,Retail Trade,North,1-9 employees,546000.0,39.1,2,No,16.6,Tier 3 - Nurture
PROS-104010,Construction,West,50-249 employees,819000.0,58.5,9,No,45.1,Tier 2 - Warm
PROS-104011,Wholesale Distribution,East,10-49 employees,1344000.0,80.9,37,Yes,68.8,Tier 1 - Priority
PROS-104012,Technology,West,1-9 employees,897000.0,48.4,11,Yes,27.5,Tier 3 - Nurture
PROS-104013,Healthcare,West,1-9 employees,550000.0,50.6,21,Yes,36.3,Tier 2 - Warm
PROS-104014,Professional Services,West,250-999 employees,267000.0,42.5,35,Yes,66.5,Tier 1 - Priority
PROS-104015,Retail Trade,West,1-9 employees,1914000.0,57.9,10,Yes,30.6,Tier 3 - Nurture
PROS-104016,Professional Services,Central,10-49 employees,652000.0,47.5,12,Yes,35.4,Tier 2 - Warm
PROS-104017,Retail Trade,West,50-249 employees,453000.0,16.9,1,No,21.7,Tier 3 - Nurture
PROS-104018,Retail Trade,Central,1-9 employees,594000.0,70.7,32,No,53.2,Tier 2 - Warm
PROS-104019,Technology,East,50-249 employees,326000.0,20.1,4,Yes,25.4,Tier 3 - Nurture
PROS-104020,Retail Trade,South,1-9 employees,724000.0,30.9,39,No,42.5,Tier 2 - Warm
PROS-104021,Manufacturing,South,1-9 employees,393000.0,61.7,29,Yes,47.2,Tier 2 - Warm
PROS-104022,Transportation & Logistics,West,1-9 employees,724000.0,70.0,13,Yes,37.9,Tier 2 - Warm
PROS-104023,Professional Services,East,1000+ employees,1501000.0,40.2,19,Yes,60.5,Tier 2 - Warm
PROS-104024,Healthcare,North,1-9 employees,1141000.0,38.0,21,No,31.2,Tier 3 - Nurture
PROS-104025,Retail Trade,South,1-9 employees,3998000.0,40.2,29,Yes,38.4,Tier 2 - Warm
PROS-104026,Professional Services,Central,250-999 employees,2766000.0,22.8,15,No,42.7,Tier 2 - Warm
PROS-104027,Healthcare,West,1-9 employees,6275000.0,18.8,11,No,15.4,Tier 3 - Nurture
PROS-104028,Technology,West,250-999 employees,1349000.0,45.0,6,No,44.7,Tier 2 - Warm
PROS-104029,Healthcare,North,50-249 employees,1326000.0,12.8,18,No,33.5,Tier 2 - Warm
PROS-104030,Transportation & Logistics,North,10-49 employees,427000.0,23.0,19,Yes,30.9,Tier 3 - Nurture
PROS-104031,Transportation & Logistics,South,50-249 employees,1810000.0,25.9,25,No,44.4,Tier 2 - Warm
PROS-104032,Professional Services,Central,50-249 employees,738500.0,24.7,33,Yes,50.2,Tier 2 - Warm
PROS-104033,Professional Services,East,1-9 employees,145000.0,62.4,9,Yes,31.6,Tier 3 - Nurture
PROS-104034,Healthcare,West,1000+ employees,3910000.0,48.6,9,Yes,56.0,Tier 2 - Warm
PROS-104035,Manufacturing,East,250-999 employees,185000.0,16.1,12,Yes,37.6,Tier 2 - Warm
PROS-104036,Technology,East,250-999 employees,1182000.0,32.1,7,No,40.2,Tier 2 - Warm
PROS-104037,Technology,West,10-49 employees,749000.0,31.9,6,Yes,24.3,Tier 3 - Nurture
PROS-104038,Construction,Central,10-49 employees,2519000.0,7.3,32,Yes,34.8,Tier 2 - Warm
PROS-104039,Construction,East,10-49 employees,2926000.0,50.3,28,No,49.2,Tier 2 - Warm
PROS-104040,Construction,East,1-9 employees,1305000.0,34.45,33,Yes,39.2,Tier 2 - Warm
PROS-104041,Technology,Central,10-49 employees,2873000.0,55.2,23,Yes,47.3,Tier 2 - Warm
PROS-104042,Hospitality,South,10-49 employees,735000.0,67.8,32,Yes,59.5,Tier 2 - Warm
PROS-104043,Retail Trade,Central,50-249 employees,8517000.0,43.7,18,Yes,46.1,Tier 2 - Warm
PROS-104044,Healthcare,East,1-9 employees,1657000.0,13.6,35,No,32.2,Tier 3 - Nurture
PROS-104045,Manufacturing,Central,10-49 employees,749000.0,38.1,23,No,40.3,Tier 2 - Warm
PROS-104046,Healthcare,East,10-49 employees,787000.0,28.5,2,No,19.8,Tier 3 - Nurture
PROS-104047,Professional Services,West,10-49 employees,617000.0,37.6,7,Yes,27.4,Tier 3 - Nurture
PROS-104048,Construction,South,1000+ employees,554000.0,19.3,21,No,53.5,Tier 2 - Warm
PROS-104049,Healthcare,West,50-249 employees,118000.0,30.4,32,No,51.7,Tier 2 - Warm
PROS-104050,Construction,South,1-9 employees,1116000.0,49.0,6,No,23.8,Tier 3 - Nurture
PROS-104051,Construction,West,1-9 employees,159000.0,62.0,30,Yes,48.1,Tier 2 - Warm
PROS-104052,Hospitality,West,50-249 employees,45000.0,30.6,35,No,54.2,Tier 2 - Warm
PROS-104053,Wholesale Distribution,East,10-49 employees,500000.0,18.6,8,Yes,20.5,Tier 3 - Nurture
PROS-104054,Manufacturing,East,50-249 employees,318000.0,73.6,22,Yes,61.5,Tier 2 - Warm
PROS-104055,Construction,South,1-9 employees,283000.0,38.599999999999994,35,No,42.4,Tier 2 - Warm
PROS-104056,Wholesale Distribution,West,1-9 employees,24000.0,34.9,13,No,23.6,Tier 3 - Nurture
PROS-104057,Transportation & Logistics,East,10-49 employees,286000.0,32.7,16,No,32.5,Tier 3 - Nurture
PROS-104058,Professional Services,East,50-249 employees,603000.0,15.4,18,Yes,34.5,Tier 2 - Warm
PROS-104059,Transportation & Logistics,North,1000+ employees,363000.0,82.0,19,Yes,77.6,Tier 1 - Priority
PROS-104060,Retail Trade,North,250-999 employees,676000.0,14.3,13,No,37.7,Tier 2 - Warm
PROS-104061,Manufacturing,North,10-49 employees,3375000.0,40.2,21,Yes,39.6,Tier 2 - Warm
PROS-104062,Technology,Central,50-249 employees,1287000.0,27.0,11,Yes,33.8,Tier 2 - Warm
PROS-104063,Transportation & Logistics,Central,1-9 employees,2256000.0,36.4,31,Yes,38.4,Tier 2 - Warm
PROS-104064,Hospitality,North,10-49 employees,2471000.0,55.4,27,No,50.5,Tier 2 - Warm
PROS-104065,Construction,North,250-999 employees,238000.0,58.9,7,Yes,51.1,Tier 2 - Warm
PROS-104066,Wholesale Distribution,West,10-49 employees,1182000.0,34.2,34,Yes,47.4,Tier 2 - Warm
PROS-104067,Healthcare,East,1000+ employees,2180000.0,7.1,11,No,40.6,Tier 2 - Warm
PROS-104068,Hospitality,South,1-9 employees,452000.0,67.6,21,No,43.2,Tier 2 - Warm
PROS-104069,Retail Trade,West,1-9 employees,306000.0,70.2,37,No,56.9,Tier 2 - Warm
PROS-104070,Manufacturing,South,10-49 employees,1307000.0,39.5,27,Yes,44.0,Tier 2 - Warm
PROS-104071,Hospitality,North,250-999 employees,143000.0,44.7,37,Yes,69.0,Tier 1 - Priority
PROS-104072,Wholesale Distribution,South,1-9 employees,220000.0,36.7,24,Yes,33.0,Tier 3 - Nurture
PROS-104073,Education,Central,50-249 employees,350000.0,41.3,32,Yes,56.2,Tier 2 - Warm
PROS-104074,Construction,West,1-9 employees,1197000.0,38.0,19,Yes,29.6,Tier 3 - Nurture
PROS-104075,Manufacturing,North,50-249 employees,928000.0,77.4,7,No,51.2,Tier 2 - Warm
PROS-104076,Education,East,10-49 employees,2271000.0,40.7,7,No,28.7,Tier 3 - Nurture
PROS-104077,Technology,Central,1-9 employees,265000.0,53.1,24,Yes,39.7,Tier 2 - Warm
PROS-104078,Professional Services,Central,50-249 employees,249000.0,58.9,6,No,42.8,Tier 2 - Warm
PROS-104079,Hospitality,West,50-249 employees,1298000.0,23.9,18,Yes,38.0,Tier 2 - Warm
PROS-104080,Education,North,10-49 employees,303000.0,8.8,19,Yes,25.1,Tier 3 - Nurture
PROS-104081,Professional Services,South,1-9 employees,376000.0,23.8,4,No,11.9,Tier 3 - Nurture
PROS-104082,Hospitality,South,1-9 employees,95000.0,17.3,34,Yes,33.0,Tier 3 - Nurture
PROS-104083,Hospitality,North,1000+ employees,1004000.0,74.7,3,Yes,61.9,Tier 2 - Warm
PROS-104084,Transportation & Logistics,North,50-249 employees,3975000.0,42.5,13,Yes,41.7,Tier 2 - Warm
PROS-104085,Technology,South,50-249 employees,235000.0,51.6,34,No,62.0,Tier 2 - Warm
PROS-104086,Professional Services,East,50-249 employees,2244000.0,37.1,2,No,30.8,Tier 3 - Nurture
PROS-104087,Education,South,50-249 employees,683000.0,35.5,4,Yes,31.7,Tier 3 - Nurture
PROS-104088,Education,East,1-9 employees,105000.0,69.6,33,Yes,53.5,Tier 2 - Warm
PROS-104089,Education,South,10-49 employees,273000.0,82.8,11,Yes,49.1,Tier 2 - Warm
PROS-104090,Hospitality,North,50-249 employees,255000.0,15.3,36,Yes,48.7,Tier 2 - Warm
PROS-104091,Manufacturing,Central,1-9 employees,515000.0,49.8,6,Yes,24.1,Tier 3 - Nurture
PROS-104092,Construction,East,1-9 employees,1157000.0,34.45,7,No,18.6,Tier 3 - Nurture
PROS-104093,Healthcare,South,10-49 employees,749000.0,37.8,23,No,40.1,Tier 2 - Warm
PROS-104094,Education,Central,250-999 employees,151000.0,46.9,38,No,70.7,Tier 1 - Priority
PROS-104095,Transportation & Logistics,Central,50-249 employees,428000.0,15.1,30,Yes,43.9,Tier 2 - Warm
PROS-104096,Transportation & Logistics,Central,1-9 employees,272000.0,37.0,24,No,33.1,Tier 2 - Warm
PROS-104097,Retail Trade,North,1000+ employees,181000.0,16.6,11,No,44.5,Tier 2 - Warm
PROS-104098,Hospitality,West,1-9 employees,724000.0,18.9,3,Yes,9.1,Tier 3 - Nurture
PROS-104099,Construction,Central,1-9 employees,724000.0,72.0,31,Yes,52.9,Tier 2 - Warm
PROS-104100,Manufacturing,Central,1000+ employees,99000.0,72.0,5,No,62.4,Tier 2 - Warm
PROS-104101,Education,South,50-249 employees,744000.0,78.3,7,No,51.6,Tier 2 - Warm
PROS-104102,Retail Trade,Central,250-999 employees,194000.0,49.0,18,Yes,55.8,Tier 2 - Warm
PROS-104103,Manufacturing,East,50-249 employees,739000.0,43.2,14,No,42.8,Tier 2 - Warm
PROS-104104,Manufacturing,East,50-249 employees,2947000.0,29.7,34,Yes,53.0,Tier 2 - Warm
PROS-104105,Healthcare,East,1-9 employees,1214000.0,11.8,10,Yes,11.8,Tier 3 - Nurture
PROS-104106,Retail Trade,West,1-9 employees,887000.0,79.1,26,No,51.9,Tier 2 - Warm
PROS-104107,Wholesale Distribution,North,250-999 employees,408000.0,21.9,18,No,44.7,Tier 2 - Warm
PROS-104108,Transportation & Logistics,East,250-999 employees,785000.0,53.7,10,Yes,51.4,Tier 2 - Warm
PROS-104109,Construction,Central,10-49 employees,1355000.0,48.2,39,Yes,57.0,Tier 2 - Warm
PROS-104110,Manufacturing,East,10-49 employees,1215000.0,34.150000000000006,31,No,45.0,Tier 2 - Warm
PROS-104111,Healthcare,South,1-9 employees,654000.0,54.8,29,No,44.3,Tier 2 - Warm
PROS-104112,Retail Trade,North,1-9 employees,724000.0,23.9,18,Yes,23.0,Tier 3 - Nurture
PROS-104113,Education,East,250-999 employees,171000.0,22.7,9,Yes,37.9,Tier 2 - Warm
PROS-104114,Professional Services,West,1-9 employees,325000.0,8.5,26,No,23.0,Tier 3 - Nurture
PROS-104115,Healthcare,East,10-49 employees,749000.0,11.9,38,Yes,41.4,Tier 2 - Warm
PROS-104116,Manufacturing,Central,250-999 employees,1842000.0,15.6,11,Yes,36.6,Tier 2 - Warm
PROS-104117,Retail Trade,West,10-49 employees,809000.0,21.7,27,No,36.7,Tier 2 - Warm
PROS-104118,Professional Services,East,10-49 employees,3711000.0,57.6,34,No,56.9,Tier 2 - Warm
PROS-104119,Manufacturing,North,1-9 employees,1275000.0,36.8,18,No,28.3,Tier 3 - Nurture
PROS-104120,Hospitality,East,1-9 employees,564000.0,62.8,4,Yes,27.9,Tier 3 - Nurture
PROS-104121,Education,North,1-9 employees,191000.0,41.3,36,Yes,44.3,Tier 2 - Warm
PROS-104122,Education,West,1-9 employees,3551000.0,26.1,5,No,13.7,Tier 3 - Nurture
PROS-104123,Professional Services,North,1-9 employees,1702000.0,36.1,30,No,37.5,Tier 2 - Warm
PROS-104124,Hospitality,Central,1-9 employees,5273000.0,28.5,19,No,25.7,Tier 3 - Nurture
PROS-104125,Transportation & Logistics,South,1-9 employees,7909000.0,52.2,29,Yes,43.3,Tier 2 - Warm
PROS-104126,Manufacturing,East,1-9 employees,177000.0,24.6,28,No,31.2,Tier 3 - Nurture
PROS-104127,Manufacturing,North,1000+ employees,178000.0,23.3,8,Yes,44.9,Tier 2 - Warm
PROS-104128,Transportation & Logistics,South,1-9 employees,31000.0,35.1,4,No,16.5,Tier 3 - Nurture
PROS-104129,Healthcare,Central,10-49 employees,2003000.0,9.7,5,No,14.5,Tier 3 - Nurture
PROS-104130,Manufacturing,South,250-999 employees,676000.0,69.1,8,Yes,56.1,Tier 2 - Warm
PROS-104131,Education,East,1-9 employees,812000.0,44.3,34,Yes,44.0,Tier 2 - Warm
PROS-104132,Hospitality,Central,10-49 employees,189000.0,67.7,4,Yes,37.4,Tier 2 - Warm
PROS-104133,Transportation & Logistics,West,50-249 employees,661000.0,36.400000000000006,27,No,50.2,Tier 2 - Warm
PROS-104134,Education,North,10-49 employees,894000.0,41.6,15,Yes,35.4,Tier 2 - Warm
PROS-104135,Education,South,1-9 employees,1725000.0,48.1,32,Yes,44.0,Tier 2 - Warm
PROS-104136,Education,South,50-249 employees,985000.0,16.2,24,Yes,39.6,Tier 2 - Warm
PROS-104137,Professional Services,South,50-249 employees,1514000.0,38.8,30,Yes,53.6,Tier 2 - Warm
PROS-104138,Wholesale Distribution,South,10-49 employees,636000.0,17.0,33,No,39.5,Tier 2 - Warm
PROS-104139,Transportation & Logistics,East,1-9 employees,2675000.0,67.3,36,Yes,55.0,Tier 2 - Warm
PROS-104140,Hospitality,South,1-9 employees,1461000.0,28.1,32,Yes,35.8,Tier 2 - Warm
PROS-104141,Wholesale Distribution,South,50-249 employees,198000.0,21.9,15,Yes,34.8,Tier 2 - Warm
PROS-104142,Retail Trade,East,1-9 employees,3362000.0,29.5,36,No,39.5,Tier 2 - Warm
PROS-104143,Healthcare,South,1-9 employees,2808000.0,12.0,14,Yes,15.0,Tier 3 - Nurture
PROS-104144,Retail Trade,South,10-49 employees,749000.0,15.2,23,Yes,30.9,Tier 3 - Nurture
PROS-104145,Professional Services,East,250-999 employees,993000.0,62.2,10,Yes,54.9,Tier 2 - Warm
PROS-104146,Healthcare,Central,1-9 employees,4522000.0,30.5,32,Yes,36.8,Tier 2 - Warm
PROS-104147,Wholesale Distribution,East,1-9 employees,121000.0,17.4,5,No,10.1,Tier 3 - Nurture
PROS-104148,Wholesale Distribution,East,10-49 employees,2857000.0,42.1,38,Yes,53.7,Tier 2 - Warm
PROS-104149,Construction,Central,50-249 employees,432000.0,69.6,19,No,57.5,Tier 2 - Warm
PROS-104150,Construction,West,10-49 employees,2433000.0,19.3,34,No,41.3,Tier 2 - Warm
PROS-104151,Transportation & Logistics,South,250-999 employees,833000.0,38.150000000000006,20,No,52.9,Tier 2 - Warm
PROS-104152,Education,South,1-9 employees,186000.0,21.1,6,Yes,12.4,Tier 3 - Nurture
PROS-104153,Education,East,1-9 employees,422000.0,23.8,5,Yes,12.7,Tier 3 - Nurture
PROS-104154,Professional Services,East,10-49 employees,2244000.0,37.7,35,Yes,49.6,Tier 2 - Warm
PROS-104155,Retail Trade,North,1-9 employees,579000.0,38.2,24,No,33.6,Tier 2 - Warm
PROS-104156,Hospitality,North,10-49 employees,368000.0,41.5,6,No,28.2,Tier 3 - Nurture
PROS-104157,Construction,South,50-249 employees,365000.0,31.4,15,Yes,38.7,Tier 2 - Warm
PROS-104158,Retail Trade,Central,1-9 employees,1478000.0,35.9,23,No,31.9,Tier 3 - Nurture
PROS-104159,Manufacturing,West,50-249 employees,5004000.0,29.6,18,No,40.4,Tier 2 - Warm
PROS-104160,Healthcare,Central,1-9 employees,69000.0,86.6,3,No,36.8,Tier 2 - Warm
PROS-104161,Construction,North,10-49 employees,15883000.0,42.5,20,No,39.7,Tier 2 - Warm
PROS-104162,Transportation & Logistics,East,10-49 employees,913000.0,12.0,7,No,17.0,Tier 3 - Nurture
PROS-104163,Professional Services,East,10-49 employees,1381000.0,48.6,13,No,36.7,Tier 2 - Warm
PROS-104164,Hospitality,East,1-9 employees,451000.0,41.5,27,Yes,37.3,Tier 2 - Warm
PROS-104165,Technology,East,1000+ employees,727000.0,41.0,27,No,67.1,Tier 1 - Priority
PROS-104166,Healthcare,South,250-999 employees,901000.0,44.2,4,Yes,42.8,Tier 2 - Warm
PROS-104167,Retail Trade,North,50-249 employees,738500.0,32.5,20,Yes,43.1,Tier 2 - Warm
PROS-104168,Transportation & Logistics,Central,250-999 employees,301000.0,60.7,10,No,54.2,Tier 2 - Warm
PROS-104169,Technology,Central,1-9 employees,2685000.0,31.7,18,Yes,26.2,Tier 3 - Nurture
PROS-104170,Construction,North,10-49 employees,132000.0,19.0,32,Yes,39.6,Tier 2 - Warm
PROS-104171,Professional Services,East,1-9 employees,1185000.0,46.5,16,Yes,30.7,Tier 3 - Nurture
PROS-104172,Transportation & Logistics,East,250-999 employees,485000.0,4.9,23,No,41.7,Tier 2 - Warm
PROS-104173,Construction,West,1-9 employees,254000.0,63.8,1,Yes,25.9,Tier 3 - Nurture
PROS-104174,Healthcare,Central,1-9 employees,6383000.0,33.7,20,No,28.6,Tier 3 - Nurture
PROS-104175,Construction,East,50-249 employees,255000.0,30.7,31,No,51.1,Tier 2 - Warm
PROS-104176,Construction,West,1-9 employees,210000.0,62.8,26,Yes,45.2,Tier 2 - Warm
PROS-104177,Hospitality,Central,50-249 employees,594000.0,45.4,38,Yes,62.6,Tier 2 - Warm
PROS-104178,Healthcare,Central,1-9 employees,313000.0,16.4,31,Yes,30.2,Tier 3 - Nurture
PROS-104179,Healthcare,South,50-249 employees,735000.0,42.0,6,Yes,35.9,Tier 2 - Warm
PROS-104180,Technology,Central,250-999 employees,865000.0,30.0,3,Yes,36.2,Tier 2 - Warm
PROS-104181,Construction,East,10-49 employees,944000.0,25.7,12,Yes,26.5,Tier 3 - Nurture
PROS-104182,Retail Trade,North,1-9 employees,636000.0,19.2,32,Yes,32.2,Tier 3 - Nurture
PROS-104183,Wholesale Distribution,West,1-9 employees,337000.0,63.0,34,Yes,51.6,Tier 2 - Warm
PROS-104184,Manufacturing,Central,1-9 employees,1480000.0,78.5,29,Yes,54.0,Tier 2 - Warm
PROS-104185,Transportation & Logistics,South,1-9 employees,645000.0,65.4,28,No,47.9,Tier 2 - Warm
PROS-104186,Professional Services,East,10-49 employees,423000.0,65.0,27,No,54.4,Tier 2 - Warm
PROS-104187,Professional Services,South,1-9 employees,3715000.0,13.1,13,Yes,14.7,Tier 3 - Nurture
PROS-104188,Manufacturing,North,1-9 employees,638000.0,6.2,27,No,22.9,Tier 3 - Nurture
PROS-104189,Education,Central,1-9 employees,2425000.0,26.7,26,Yes,30.5,Tier 3 - Nurture
PROS-104190,Healthcare,North,250-999 employees,2812000.0,42.5,4,No,42.1,Tier 2 - Warm
PROS-104191,Construction,East,1-9 employees,3007000.0,75.8,36,No,58.4,Tier 2 - Warm
PROS-104192,Hospitality,North,1-9 employees,1560000.0,16.8,30,No,29.6,Tier 3 - Nurture
PROS-104193,Manufacturing,West,10-49 employees,729000.0,33.6,9,No,27.4,Tier 3 - Nurture
PROS-104194,Transportation & Logistics,Central,1-9 employees,680000.0,57.5,12,No,32.0,Tier 3 - Nurture
PROS-104195,Healthcare,West,250-999 employees,558000.0,19.7,27,Yes,50.9,Tier 2 - Warm
PROS-104196,Transportation & Logistics,West,1-9 employees,67000.0,25.8,10,No,17.5,Tier 3 - Nurture
PROS-104197,Retail Trade,Central,50-249 employees,1608000.0,29.3,32,Yes,51.3,Tier 2 - Warm
PROS-104198,Education,Central,10-49 employees,954000.0,27.3,19,Yes,32.7,Tier 3 - Nurture
PROS-104199,Professional Services,Central,50-249 employees,1809000.0,70.3,4,No,45.9,Tier 2 - Warm
PROS-104200,Technology,South,50-249 employees,738500.0,25.4,27,Yes,45.7,Tier 2 - Warm
PROS-104201,Hospitality,East,50-249 employees,738500.0,57.5,37,Yes,66.8,Tier 1 - Priority
PROS-104202,Construction,Central,10-49 employees,160000.0,43.849999999999994,13,Yes,34.7,Tier 2 - Warm
PROS-104203,Retail Trade,South,10-49 employees,749000.0,18.1,38,No,43.9,Tier 2 - Warm
PROS-104204,Professional Services,West,50-249 employees,48000.0,37.6,29,Yes,52.3,Tier 2 - Warm
PROS-104205,Wholesale Distribution,North,10-49 employees,629000.0,16.2,29,Yes,36.1,Tier 2 - Warm
PROS-104206,Education,Central,10-49 employees,312000.0,7.5,15,Yes,21.5,Tier 3 - Nurture
PROS-104207,Education,West,1-9 employees,270000.0,43.9,21,No,33.6,Tier 2 - Warm
PROS-104208,Professional Services,West,1-9 employees,1054000.0,38.6,9,Yes,21.9,Tier 3 - Nurture
PROS-104209,Technology,Central,10-49 employees,457000.0,71.9,24,Yes,54.9,Tier 2 - Warm
PROS-104210,Retail Trade,South,1-9 employees,151000.0,11.4,34,Yes,30.5,Tier 3 - Nurture
PROS-104211,Hospitality,East,10-49 employees,11986000.0,29.6,26,No,39.2,Tier 2 - Warm
PROS-104212,Healthcare,Central,1-9 employees,700000.0,39.3,35,No,42.7,Tier 2 - Warm
PROS-104213,Hospitality,North,10-49 employees,222000.0,43.9,7,Yes,30.0,Tier 3 - Nurture
PROS-104214,Technology,Central,50-249 employees,349000.0,60.0,24,Yes,57.5,Tier 2 - Warm
PROS-104215,Education,South,10-49 employees,749000.0,55.4,12,Yes,38.7,Tier 2 - Warm
PROS-104216,Healthcare,East,50-249 employees,602000.0,59.4,22,Yes,55.7,Tier 2 - Warm
PROS-104217,Construction,East,1-9 employees,3055000.0,34.45,4,No,16.3,Tier 3 - Nurture
PROS-104218,Transportation & Logistics,West,1-9 employees,668000.0,75.6,15,Yes,41.8,Tier 2 - Warm
PROS-104219,Retail Trade,Central,50-249 employees,5614000.0,76.9,15,No,57.3,Tier 2 - Warm
PROS-104220,Retail Trade,South,50-249 employees,453000.0,37.15,21,Yes,45.8,Tier 2 - Warm
PROS-104221,Transportation & Logistics,North,50-249 employees,1166000.0,37.6,30,Yes,53.1,Tier 2 - Warm
PROS-104222,Wholesale Distribution,East,50-249 employees,2245000.0,73.8,23,No,62.4,Tier 2 - Warm
PROS-104223,Transportation & Logistics,West,50-249 employees,2716000.0,49.6,35,No,61.9,Tier 2 - Warm
PROS-104224,Hospitality,West,50-249 employees,3088000.0,44.3,12,Yes,41.6,Tier 2 - Warm
PROS-104225,Retail Trade,West,50-249 employees,541000.0,43.4,15,No,43.6,Tier 2 - Warm
PROS-104226,Healthcare,South,50-249 employees,725000.0,93.7,19,Yes,67.3,Tier 1 - Priority
PROS-104227,Technology,Central,1-9 employees,724000.0,44.4,25,No,36.9,Tier 2 - Warm
PROS-104228,Construction,North,1-9 employees,588000.0,60.9,34,Yes,50.8,Tier 2 - Warm
PROS-104229,Manufacturing,North,10-49 employees,2423000.0,25.1,24,Yes,35.7,Tier 2 - Warm
PROS-104230,Manufacturing,North,10-49 employees,1956000.0,60.5,38,No,61.3,Tier 2 - Warm
PROS-104231,Education,Central,50-249 employees,663000.0,73.7,19,Yes,59.2,Tier 2 - Warm
PROS-104232,Technology,North,1-9 employees,4728000.0,72.0,21,Yes,45.0,Tier 2 - Warm
PROS-104233,Professional Services,West,1-9 employees,478000.0,58.6,28,No,45.1,Tier 2 - Warm
PROS-104234,Professional Services,Central,50-249 employees,332000.0,39.3,6,Yes,34.8,Tier 2 - Warm
PROS-104235,Manufacturing,West,1-9 employees,436000.0,80.7,6,No,36.8,Tier 2 - Warm
PROS-104236,Education,Central,50-249 employees,212000.0,45.9,14,Yes,43.9,Tier 2 - Warm
PROS-104237,Retail Trade,North,1-9 employees,1446000.0,13.9,3,Yes,7.1,Tier 3 - Nurture
PROS-104238,Hospitality,East,10-49 employees,1002000.0,71.2,17,Yes,49.1,Tier 2 - Warm
PROS-104239,Professional Services,East,10-49 employees,1427000.0,37.7,14,Yes,33.0,Tier 3 - Nurture
PROS-104240,Construction,West,1-9 employees,462000.0,40.4,25,Yes,35.3,Tier 2 - Warm
PROS-104241,Professional Services,West,1-9 employees,684000.0,4.2,38,Yes,30.8,Tier 3 - Nurture
PROS-104242,Wholesale Distribution,East,1-9 employees,66000.0,47.2,23,No,36.5,Tier 2 - Warm
PROS-104243,Manufacturing,South,1-9 employees,1103000.0,33.6,38,Yes,42.8,Tier 2 - Warm
PROS-104244,Construction,North,1-9 employees,813000.0,39.3,24,Yes,34.1,Tier 2 - Warm
PROS-104245,Professional Services,East,50-249 employees,217000.0,19.8,25,No,41.9,Tier 2 - Warm
PROS-104246,Professional Services,South,1-9 employees,650000.0,52.8,33,Yes,46.7,Tier 2 - Warm
PROS-104247,Retail Trade,East,10-49 employees,549000.0,16.5,23,No,31.4,Tier 3 - Nurture
PROS-104248,Education,West,1-9 employees,5080000.0,39.3,38,No,45.1,Tier 2 - Warm
PROS-104249,Construction,East,250-999 employees,227000.0,35.6,25,No,55.8,Tier 2 - Warm
PROS-104250,Healthcare,East,50-249 employees,1050000.0,53.9,14,No,47.1,Tier 2 - Warm
PROS-104251,Construction,North,1000+ employees,220000.0,32.4,17,Yes,55.7,Tier 2 - Warm
PROS-104252,Education,West,250-999 employees,395000.0,36.2,26,No,56.9,Tier 2 - Warm
PROS-104253,Construction,East,1-9 employees,989000.0,43.3,12,Yes,26.2,Tier 3 - Nurture
PROS-104254,Construction,North,50-249 employees,578000.0,49.8,29,Yes,57.3,Tier 2 - Warm
PROS-104255,Construction,South,1-9 employees,725000.0,54.3,1,Yes,22.0,Tier 3 - Nurture
PROS-104256,Construction,West,250-999 employees,1052000.0,47.1,29,Yes,63.7,Tier 2 - Warm
PROS-104257,Manufacturing,Central,10-49 employees,424000.0,70.4,1,Yes,36.1,Tier 2 - Warm
PROS-104258,Technology,East,10-49 employees,1929000.0,35.0,7,No,26.4,Tier 3 - Nurture
PROS-104259,Manufacturing,Central,250-999 employees,521000.0,23.7,38,Yes,61.2,Tier 2 - Warm
PROS-104260,Professional Services,North,50-249 employees,655000.0,79.2,33,No,72.5,Tier 1 - Priority
PROS-104261,Professional Services,South,1000+ employees,1085000.0,38.9,30,No,68.6,Tier 1 - Priority
PROS-104262,Professional Services,Central,1-9 employees,936000.0,51.0,37,Yes,49.1,Tier 2 - Warm
PROS-104263,Hospitality,North,1-9 employees,1482000.0,45.2,27,Yes,38.8,Tier 2 - Warm
PROS-104264,Transportation & Logistics,West,1-9 employees,1034000.0,28.8,5,No,14.8,Tier 3 - Nurture
PROS-104265,Education,South,10-49 employees,1222000.0,11.9,33,No,37.5,Tier 2 - Warm
PROS-104266,Construction,South,10-49 employees,510000.0,38.599999999999994,10,No,30.2,Tier 3 - Nurture
PROS-104267,Education,East,1-9 employees,225000.0,78.6,24,Yes,50.1,Tier 2 - Warm
PROS-104268,Manufacturing,South,50-249 employees,152000.0,40.25,35,No,58.1,Tier 2 - Warm
PROS-104269,Transportation & Logistics,Central,1-9 employees,116000.0,67.6,27,Yes,48.0,Tier 2 - Warm
PROS-104270,Hospitality,Central,50-249 employees,5071000.0,55.5,2,Yes,38.3,Tier 2 - Warm
PROS-104271,Transportation & Logistics,East,250-999 employees,64000.0,34.6,31,Yes,60.2,Tier 2 - Warm
PROS-104272,Education,East,10-49 employees,2712000.0,34.2,32,No,45.8,Tier 2 - Warm
PROS-104273,Construction,North,10-49 employees,296000.0,30.4,5,Yes,22.9,Tier 3 - Nurture
PROS-104274,Manufacturing,South,1-9 employees,2690000.0,37.3,37,No,43.5,Tier 2 - Warm
PROS-104275,Hospitality,North,1-9 employees,65000.0,32.8,8,Yes,18.8,Tier 3 - Nurture
PROS-104276,Manufacturing,Central,50-249 employees,738500.0,23.8,3,Yes,26.1,Tier 3 - Nurture
PROS-104277,Hospitality,South,10-49 employees,3611000.0,33.6,22,No,37.6,Tier 2 - Warm
PROS-104278,Hospitality,South,1-9 employees,1598000.0,47.7,27,No,39.9,Tier 2 - Warm
PROS-104279,Wholesale Distribution,Central,1000+ employees,503000.0,27.9,4,Yes,43.6,Tier 2 - Warm
PROS-104280,Healthcare,West,50-249 employees,86000.0,75.8,7,No,50.5,Tier 2 - Warm
PROS-104281,Wholesale Distribution,West,50-249 employees,170000.0,44.4,26,Yes,52.7,Tier 2 - Warm
PROS-104282,Retail Trade,North,10-49 employees,3362000.0,69.1,4,Yes,37.9,Tier 2 - Warm
PROS-104283,Healthcare,East,1000+ employees,497000.0,17.5,33,Yes,62.2,Tier 2 - Warm
PROS-104284,Retail Trade,East,1-9 employees,674000.0,20.7,11,No,16.2,Tier 3 - Nurture
PROS-104285,Hospitality,South,1-9 employees,724000.0,33.1,33,Yes,38.6,Tier 2 - Warm
PROS-104286,Hospitality,West,250-999 employees,676000.0,70.1,29,Yes,73.1,Tier 1 - Priority
PROS-104287,Wholesale Distribution,Central,250-999 employees,1142000.0,43.7,13,No,49.7,Tier 2 - Warm
PROS-104288,Hospitality,South,10-49 employees,460000.0,68.4,32,Yes,59.8,Tier 2 - Warm
PROS-104289,Construction,South,1-9 employees,1008000.0,6.1,8,Yes,7.9,Tier 3 - Nurture
PROS-104290,Manufacturing,South,1-9 employees,386000.0,41.4,19,Yes,31.0,Tier 3 - Nurture
PROS-104291,Education,Central,50-249 employees,129000.0,95.2,38,No,82.9,Tier 1 - Priority
PROS-104292,Healthcare,North,50-249 employees,456000.0,18.2,35,Yes,49.1,Tier 2 - Warm
PROS-104293,Manufacturing,Central,1-9 employees,1476000.0,35.6,36,Yes,42.0,Tier 2 - Warm
PROS-104294,Education,West,1-9 employees,1125000.0,32.0,6,Yes,16.9,Tier 3 - Nurture
PROS-104295,Education,East,50-249 employees,755000.0,39.0,13,Yes,40.2,Tier 2 - Warm
PROS-104296,Healthcare,East,50-249 employees,1959000.0,8.7,3,Yes,20.0,Tier 3 - Nurture
PROS-104297,Hospitality,Central,10-49 employees,583000.0,77.7,35,No,65.9,Tier 2 - Warm
PROS-104298,Manufacturing,West,10-49 employees,776000.0,29.7,31,No,43.2,Tier 2 - Warm
PROS-104299,Manufacturing,South,1000+ employees,430000.0,14.7,35,No,62.7,Tier 2 - Warm
PROS-104300,Professional Services,North,1-9 employees,2089000.0,18.4,5,Yes,10.5,Tier 3 - Nurture
PROS-104301,Technology,West,10-49 employees,1005000.0,16.6,14,Yes,24.4,Tier 3 - Nurture
PROS-104302,Retail Trade,North,10-49 employees,395000.0,18.0,28,Yes,36.0,Tier 2 - Warm
PROS-104303,Manufacturing,North,10-49 employees,142000.0,36.8,15,No,33.4,Tier 2 - Warm
PROS-104304,Technology,Central,250-999 employees,2459000.0,39.7,12,No,47.2,Tier 2 - Warm
PROS-104305,Hospitality,East,10-49 employees,322000.0,60.8,37,Yes,60.6,Tier 2 - Warm
PROS-104306,Hospitality,West,10-49 employees,790000.0,29.1,21,No,35.0,Tier 2 - Warm
PROS-104307,Hospitality,South,1-9 employees,9702000.0,39.8,29,Yes,38.2,Tier 2 - Warm
PROS-104308,Wholesale Distribution,North,50-249 employees,1761000.0,27.8,31,No,49.9,Tier 2 - Warm
PROS-104309,Technology,North,1-9 employees,4292000.0,29.0,25,No,30.6,Tier 3 - Nurture
PROS-104310,Transportation & Logistics,South,1-9 employees,404000.0,11.3,29,Yes,26.6,Tier 3 - Nurture
PROS-104311,Wholesale Distribution,North,10-49 employees,2369000.0,21.2,38,Yes,45.2,Tier 2 - Warm
PROS-104312,Construction,East,10-49 employees,751000.0,39.7,20,Yes,38.6,Tier 2 - Warm
PROS-104313,Manufacturing,South,1000+ employees,1091000.0,43.9,34,Yes,73.8,Tier 1 - Priority
PROS-104314,Hospitality,East,50-249 employees,6736000.0,41.5,3,Yes,33.4,Tier 2 - Warm
PROS-104315,Professional Services,East,50-249 employees,537000.0,65.1,3,Yes,43.0,Tier 2 - Warm
PROS-104316,Education,South,1-9 employees,745000.0,53.8,16,No,33.7,Tier 2 - Warm
PROS-104317,Healthcare,East,10-49 employees,749000.0,52.3,20,Yes,43.7,Tier 2 - Warm
PROS-104318,Wholesale Distribution,North,1000+ employees,1938000.0,44.8,13,Yes,57.6,Tier 2 - Warm
PROS-104319,Manufacturing,South,10-49 employees,394000.0,83.5,35,Yes,68.3,Tier 1 - Priority
PROS-104320,Technology,Central,50-249 employees,2247000.0,61.9,1,Yes,40.1,Tier 2 - Warm
PROS-104321,Healthcare,Central,10-49 employees,119000.0,20.2,5,Yes,18.7,Tier 3 - Nurture
PROS-104322,Healthcare,East,1-9 employees,1334000.0,27.2,25,No,29.9,Tier 3 - Nurture
PROS-104323,Professional Services,Central,10-49 employees,359000.0,60.0,3,Yes,33.4,Tier 2 - Warm
PROS-104324,Education,East,1-9 employees,1629000.0,15.1,8,Yes,11.5,Tier 3 - Nurture
PROS-104325,Construction,North,1-9 employees,719000.0,42.1,34,No,43.1,Tier 2 - Warm
PROS-104326,Wholesale Distribution,Central,1-9 employees,405000.0,44.4,32,Yes,42.5,Tier 2 - Warm
PROS-104327,Healthcare,East,1-9 employees,477000.0,86.4,31,Yes,58.8,Tier 2 - Warm
PROS-104328,Manufacturing,West,10-49 employees,286000.0,81.8,14,Yes,51.0,Tier 2 - Warm
PROS-104329,Wholesale Distribution,West,250-999 employees,1833000.0,31.1,7,Yes,39.8,Tier 2 - Warm
PROS-104330,Retail Trade,South,10-49 employees,230000.0,4.5,13,No,18.6,Tier 3 - Nurture
PROS-104331,Professional Services,West,50-249 employees,544000.0,52.1,8,No,41.6,Tier 2 - Warm
PROS-104332,Wholesale Distribution,East,10-49 employees,1066000.0,2.4,10,Yes,15.4,Tier 3 - Nurture
PROS-104333,Wholesale Distribution,South,1-9 employees,4303000.0,4.7,33,Yes,27.0,Tier 3 - Nurture
PROS-104334,Education,South,1-9 employees,722000.0,31.1,10,Yes,19.6,Tier 3 - Nurture
PROS-104335,Healthcare,West,250-999 employees,559000.0,4.8,9,Yes,30.6,Tier 3 - Nurture
PROS-104336,Hospitality,South,10-49 employees,986000.0,21.8,10,No,23.3,Tier 3 - Nurture
PROS-104337,Construction,North,250-999 employees,75000.0,58.3,6,Yes,50.1,Tier 2 - Warm
PROS-104338,Hospitality,Central,1-9 employees,195000.0,27.2,34,No,37.0,Tier 2 - Warm
PROS-104339,Transportation & Logistics,South,50-249 employees,483000.0,41.2,36,Yes,59.3,Tier 2 - Warm
PROS-104340,Manufacturing,West,50-249 employees,333000.0,18.9,8,No,28.1,Tier 3 - Nurture
PROS-104341,Healthcare,West,1000+ employees,125000.0,34.2,32,Yes,68.3,Tier 1 - Priority
PROS-104342,Healthcare,Central,1-9 employees,1874000.0,49.3,11,No,27.9,Tier 3 - Nurture
PROS-104343,Professional Services,West,1000+ employees,971000.0,13.8,16,No,47.3,Tier 2 - Warm
PROS-104344,Construction,West,10-49 employees,851000.0,32.1,39,No,50.5,Tier 2 - Warm
PROS-104345,Transportation & Logistics,Central,50-249 employees,340000.0,48.0,25,Yes,53.4,Tier 2 - Warm
PROS-104346,Manufacturing,Central,10-49 employees,796000.0,13.8,32,Yes,37.4,Tier 2 - Warm
PROS-104347,Retail Trade,North,10-49 employees,1285000.0,13.7,17,No,25.6,Tier 3 - Nurture
PROS-104348,Hospitality,West,10-49 employees,545000.0,15.4,25,Yes,32.6,Tier 3 - Nurture
PROS-104349,Construction,North,50-249 employees,1189000.0,82.9,11,No,56.6,Tier 2 - Warm
PROS-104350,Technology,Central,1-9 employees,724000.0,23.2,29,Yes,31.4,Tier 3 - Nurture
PROS-104351,Transportation & Logistics,North,10-49 employees,812000.0,19.4,39,No,45.3,Tier 2 - Warm
PROS-104352,Transportation & Logistics,South,10-49 employees,2563000.0,14.2,7,Yes,17.9,Tier 3 - Nurture
PROS-104353,Healthcare,North,50-249 employees,2828000.0,19.1,22,No,39.2,Tier 2 - Warm
PROS-104354,Healthcare,West,10-49 employees,3142000.0,27.9,11,Yes,26.6,Tier 3 - Nurture
PROS-104355,Wholesale Distribution,North,50-249 employees,999000.0,11.1,25,Yes,38.3,Tier 2 - Warm
PROS-104356,Education,North,10-49 employees,755000.0,80.4,18,No,53.6,Tier 2 - Warm
PROS-104357,Professional Services,East,50-249 employees,445000.0,14.2,16,Yes,32.5,Tier 3 - Nurture
PROS-104358,Technology,Central,50-249 employees,100000.0,33.0,16,No,40.2,Tier 2 - Warm
PROS-104359,Education,East,50-249 employees,166000.0,9.7,20,No,33.8,Tier 2 - Warm
PROS-104360,Manufacturing,East,50-249 employees,606000.0,16.2,9,Yes,27.8,Tier 3 - Nurture
PROS-104361,Hospitality,West,10-49 employees,648000.0,18.5,12,Yes,23.6,Tier 3 - Nurture
PROS-104362,Healthcare,East,1-9 employees,3448000.0,91.4,3,No,38.8,Tier 2 - Warm
PROS-104363,Education,South,50-249 employees,3098000.0,30.6,17,No,40.0,Tier 2 - Warm
PROS-104364,Transportation & Logistics,East,1-9 employees,343000.0,14.7,24,Yes,24.0,Tier 3 - Nurture
PROS-104365,Wholesale Distribution,North,1-9 employees,1794000.0,50.4,25,No,39.4,Tier 2 - Warm
PROS-104366,Retail Trade,South,50-249 employees,432000.0,62.0,9,Yes,46.5,Tier 2 - Warm
PROS-104367,Retail Trade,West,10-49 employees,1546000.0,46.5,32,Yes,50.8,Tier 2 - Warm
PROS-104368,Education,South,10-49 employees,1770000.0,16.4,17,No,26.7,Tier 3 - Nurture
PROS-104369,Transportation & Logistics,North,1000+ employees,2860000.0,7.3,32,Yes,57.3,Tier 2 - Warm
PROS-104370,Transportation & Logistics,North,1-9 employees,424000.0,53.0,32,No,46.0,Tier 2 - Warm
PROS-104371,Retail Trade,Central,1-9 employees,2226000.0,51.9,1,Yes,21.0,Tier 3 - Nurture
PROS-104372,Professional Services,South,1-9 employees,93000.0,7.4,2,Yes,3.6,Tier 3 - Nurture
PROS-104373,Wholesale Distribution,North,1-9 employees,3035000.0,6.2,21,No,18.2,Tier 3 - Nurture
PROS-104374,Construction,West,50-249 employees,710000.0,43.0,33,Yes,57.7,Tier 2 - Warm
PROS-104375,Transportation & Logistics,East,50-249 employees,726000.0,20.8,15,No,34.4,Tier 2 - Warm
PROS-104376,Construction,East,10-49 employees,78000.0,41.6,24,No,42.5,Tier 2 - Warm
PROS-104377,Professional Services,Central,1-9 employees,476000.0,45.0,24,No,36.4,Tier 2 - Warm
PROS-104378,Retail Trade,South,10-49 employees,3240000.0,57.7,30,No,53.8,Tier 2 - Warm
PROS-104379,Education,East,1-9 employees,456000.0,31.1,35,No,39.4,Tier 2 - Warm
PROS-104380,Education,West,50-249 employees,1599000.0,63.5,23,Yes,58.1,Tier 2 - Warm
PROS-104381,Retail Trade,West,10-49 employees,758000.0,39.0,31,No,47.0,Tier 2 - Warm
PROS-104382,Construction,South,1-9 employees,2348000.0,43.4,24,Yes,35.7,Tier 2 - Warm
PROS-104383,Transportation & Logistics,West,50-249 employees,900000.0,31.6,13,No,37.2,Tier 2 - Warm
PROS-104384,Construction,West,50-249 employees,262000.0,12.4,23,No,37.3,Tier 2 - Warm
PROS-104385,Hospitality,North,1-9 employees,776000.0,41.5,29,Yes,38.9,Tier 2 - Warm
PROS-104386,Professional Services,North,10-49 employees,4245000.0,71.7,35,No,63.5,Tier 2 - Warm
PROS-104387,Manufacturing,West,10-49 employees,1261000.0,37.4,4,Yes,25.0,Tier 3 - Nurture
PROS-104388,Construction,North,1-9 employees,642000.0,61.0,14,No,35.0,Tier 2 - Warm
PROS-104389,Transportation & Logistics,Central,1-9 employees,8722000.0,47.4,5,Yes,22.4,Tier 3 - Nurture
PROS-104390,Retail Trade,North,50-249 employees,2611000.0,47.9,7,Yes,39.1,Tier 2 - Warm
PROS-104391,Wholesale Distribution,Central,250-999 employees,1791000.0,73.1,9,No,58.5,Tier 2 - Warm
PROS-104392,Manufacturing,West,10-49 employees,1034000.0,26.3,36,Yes,45.7,Tier 2 - Warm
PROS-104393,Manufacturing,East,10-49 employees,1629000.0,44.4,16,No,37.3,Tier 2 - Warm
PROS-104394,Transportation & Logistics,South,10-49 employees,1688000.0,65.2,36,No,61.6,Tier 2 - Warm
PROS-104395,Transportation & Logistics,South,10-49 employees,66000.0,38.150000000000006,20,No,37.9,Tier 2 - Warm
PROS-104396,Professional Services,West,1-9 employees,1126000.0,37.6,1,No,15.2,Tier 3 - Nurture
PROS-104397,Professional Services,West,10-49 employees,749000.0,47.8,16,No,38.7,Tier 2 - Warm
PROS-104398,Manufacturing,South,250-999 employees,421000.0,24.3,29,Yes,54.4,Tier 2 - Warm
PROS-104399,Technology,East,50-249 employees,588000.0,23.6,25,No,43.4,Tier 2 - Warm
PROS-104400,Construction,Central,250-999 employees,132000.0,33.0,15,Yes,46.9,Tier 2 - Warm
PROS-104401,Retail Trade,South,1-9 employees,100000.0,20.4,5,Yes,11.3,Tier 3 - Nurture
PROS-104402,Construction,West,10-49 employees,2874000.0,41.2,30,No,47.1,Tier 2 - Warm
PROS-104403,Education,North,10-49 employees,1213000.0,11.5,21,No,27.8,Tier 3 - Nurture
PROS-104404,Professional Services,Central,1-9 employees,51000.0,30.3,31,No,35.9,Tier 2 - Warm
PROS-104405,Wholesale Distribution,North,1-9 employees,387000.0,9.7,11,No,11.7,Tier 3 - Nurture
PROS-104406,Professional Services,South,50-249 employees,1921000.0,38.9,7,Yes,35.5,Tier 2 - Warm
PROS-104407,Retail Trade,East,50-249 employees,536000.0,44.8,15,No,44.2,Tier 2 - Warm
PROS-104408,Professional Services,South,10-49 employees,2869000.0,7.1,10,Yes,17.3,Tier 3 - Nurture
PROS-104409,Construction,North,1-9 employees,2315000.0,84.4,20,Yes,49.3,Tier 2 - Warm
PROS-104410,Retail Trade,West,10-49 employees,164000.0,43.5,20,Yes,40.1,Tier 2 - Warm
PROS-104411,Transportation & Logistics,North,1-9 employees,623000.0,56.0,6,No,26.7,Tier 3 - Nurture
PROS-104412,Construction,Central,1-9 employees,446000.0,52.5,19,Yes,35.5,Tier 2 - Warm
PROS-104413,Hospitality,North,10-49 employees,158000.0,40.8,16,Yes,35.8,Tier 2 - Warm
PROS-104414,Healthcare,South,1-9 employees,147000.0,10.0,21,Yes,19.7,Tier 3 - Nurture
PROS-104415,Healthcare,Central,1000+ employees,301000.0,28.2,30,Yes,64.3,Tier 2 - Warm
PROS-104416,Healthcare,North,10-49 employees,360000.0,51.5,18,Yes,41.8,Tier 2 - Warm
PROS-104417,Retail Trade,North,1-9 employees,996000.0,45.5,11,Yes,26.3,Tier 3 - Nurture
PROS-104418,Hospitality,West,1-9 employees,2300000.0,69.7,36,Yes,55.9,Tier 2 - Warm
PROS-104419,Retail Trade,North,50-249 employees,1283000.0,38.2,30,Yes,53.3,Tier 2 - Warm
PROS-104420,Hospitality,Central,1-9 employees,1665000.0,56.5,38,Yes,52.1,Tier 2 - Warm
PROS-104421,Education,East,1-9 employees,544000.0,28.8,10,Yes,18.7,Tier 3 - Nurture
PROS-104422,Hospitality,Central,10-49 employees,1416000.0,35.2,24,Yes,39.9,Tier 2 - Warm
PROS-104423,Healthcare,South,1-9 employees,620000.0,42.0,30,No,39.9,Tier 2 - Warm
PROS-104424,Construction,North,10-49 employees,449000.0,51.0,35,Yes,55.0,Tier 2 - Warm
PROS-104425,Wholesale Distribution,Central,10-49 employees,5878000.0,43.9,8,Yes,30.8,Tier 3 - Nurture
PROS-104426,Professional Services,West,1-9 employees,56000.0,49.3,10,Yes,27.1,Tier 3 - Nurture
PROS-104427,Healthcare,Central,50-249 employees,93000.0,42.4,38,No,61.4,Tier 2 - Warm
PROS-104428,Hospitality,South,10-49 employees,1111000.0,40.9,23,No,41.4,Tier 2 - Warm
PROS-104429,Education,East,10-49 employees,749000.0,17.1,6,Yes,18.3,Tier 3 - Nurture
PROS-104430,Education,East,1-9 employees,150000.0,12.4,8,Yes,10.4,Tier 3 - Nurture
PROS-104431,Manufacturing,East,10-49 employees,229000.0,49.5,39,Yes,57.6,Tier 2 - Warm
PROS-104432,Wholesale Distribution,South,1-9 employees,264000.0,49.2,36,Yes,47.6,Tier 2 - Warm
PROS-104433,Retail Trade,South,10-49 employees,1947000.0,7.1,9,Yes,16.6,Tier 3 - Nurture
PROS-104434,Transportation & Logistics,West,1-9 employees,2768000.0,60.8,22,Yes,41.3,Tier 2 - Warm
PROS-104435,Education,North,1000+ employees,4428000.0,59.2,28,Yes,75.3,Tier 1 - Priority
PROS-104436,Technology,South,1-9 employees,127000.0,43.7,18,Yes,31.1,Tier 3 - Nurture
PROS-104437,Education,South,250-999 employees,162000.0,41.4,12,Yes,47.9,Tier 2 - Warm
PROS-104438,Construction,North,250-999 employees,150000.0,52.2,28,Yes,65.0,Tier 2 - Warm
PROS-104439,Construction,North,10-49 employees,749000.0,16.5,4,Yes,16.4,Tier 3 - Nurture
PROS-104440,Construction,East,1-9 employees,1154000.0,63.9,9,No,32.3,Tier 3 - Nurture
PROS-104441,Construction,North,10-49 employees,797000.0,12.1,1,Yes,12.3,Tier 3 - Nurture
PROS-104442,Technology,South,1000+ employees,939000.0,34.1,35,Yes,70.6,Tier 1 - Priority
PROS-104443,Healthcare,East,10-49 employees,685000.0,32.3,6,No,24.5,Tier 3 - Nurture
PROS-104444,Hospitality,Central,10-49 employees,213000.0,7.3,34,Yes,36.4,Tier 2 - Warm
PROS-104445,Healthcare,North,1-9 employees,1283000.0,14.6,16,Yes,17.6,Tier 3 - Nurture
PROS-104446,Construction,East,50-249 employees,594000.0,41.8,5,No,35.1,Tier 2 - Warm
PROS-104447,Retail Trade,North,1-9 employees,195000.0,16.3,23,Yes,23.9,Tier 3 - Nurture
PROS-104448,Transportation & Logistics,East,1-9 employees,1372000.0,62.8,13,Yes,35.0,Tier 2 - Warm
PROS-104449,Wholesale Distribution,East,1-9 employees,457000.0,6.4,19,No,16.7,Tier 3 - Nurture
PROS-104450,Wholesale Distribution,West,10-49 employees,937000.0,36.8,39,No,52.4,Tier 2 - Warm
PROS-104451,Professional Services,East,250-999 employees,636000.0,42.0,25,No,58.4,Tier 2 - Warm
PROS-104452,Healthcare,Central,50-249 employees,1945000.0,51.0,1,Yes,35.7,Tier 2 - Warm
PROS-104453,Hospitality,North,1-9 employees,929000.0,53.4,4,Yes,24.0,Tier 3 - Nurture
PROS-104454,Technology,North,10-49 employees,276000.0,40.4,31,Yes,47.5,Tier 2 - Warm
PROS-104455,Manufacturing,North,50-249 employees,1039000.0,58.9,27,Yes,59.4,Tier 2 - Warm
PROS-104456,Transportation & Logistics,South,10-49 employees,1078000.0,45.7,20,No,41.0,Tier 2 - Warm
PROS-104457,Manufacturing,North,1-9 employees,1280000.0,66.1,31,No,50.5,Tier 2 - Warm
PROS-104458,Retail Trade,North,10-49 employees,2279000.0,50.1,9,Yes,34.1,Tier 2 - Warm
PROS-104459,Technology,South,10-49 employees,370000.0,58.6,9,No,37.6,Tier 2 - Warm
PROS-104460,Retail Trade,Central,1000+ employees,1521000.0,36.8,16,Yes,56.7,Tier 2 - Warm
PROS-104461,Construction,Central,50-249 employees,109000.0,42.4,31,No,55.8,Tier 2 - Warm
PROS-104462,Transportation & Logistics,North,1-9 employees,639000.0,28.6,39,Yes,41.5,Tier 2 - Warm
PROS-104463,Technology,Central,50-249 employees,539000.0,39.7,10,No,38.2,Tier 2 - Warm
PROS-104464,Healthcare,South,1-9 employees,3586000.0,66.7,25,No,46.0,Tier 2 - Warm
PROS-104465,Manufacturing,East,250-999 employees,614000.0,32.7,18,No,49.1,Tier 2 - Warm
PROS-104466,Hospitality,South,10-49 employees,1424000.0,41.2,35,No,51.0,Tier 2 - Warm
PROS-104467,Education,East,1-9 employees,105000.0,61.6,32,No,49.5,Tier 2 - Warm
PROS-104468,Wholesale Distribution,West,10-49 employees,495000.0,38.4,7,No,27.8,Tier 3 - Nurture
PROS-104469,Hospitality,West,1-9 employees,288000.0,17.8,27,No,27.6,Tier 3 - Nurture
PROS-104470,Healthcare,East,1-9 employees,724000.0,28.7,1,Yes,11.6,Tier 3 - Nurture
PROS-104471,Wholesale Distribution,West,10-49 employees,350000.0,20.4,20,Yes,30.7,Tier 3 - Nurture
PROS-104472,Healthcare,West,50-249 employees,791000.0,14.1,11,No,28.5,Tier 3 - Nurture
PROS-104473,Retail Trade,North,50-249 employees,838000.0,65.9,15,Yes,52.8,Tier 2 - Warm
PROS-104474,Wholesale Distribution,South,10-49 employees,127000.0,50.8,13,Yes,37.6,Tier 2 - Warm
PROS-104475,Construction,North,1-9 employees,409000.0,70.2,22,Yes,45.1,Tier 2 - Warm
PROS-104476,Education,West,10-49 employees,749000.0,60.0,34,Yes,57.9,Tier 2 - Warm
PROS-104477,Construction,East,10-49 employees,802000.0,49.7,21,No,43.4,Tier 2 - Warm
PROS-104478,Wholesale Distribution,West,1-9 employees,58000.0,30.5,34,No,38.4,Tier 2 - Warm
PROS-104479,Transportation & Logistics,East,250-999 employees,391000.0,68.3,38,Yes,79.5,Tier 1 - Priority
PROS-104480,Healthcare,South,1000+ employees,2242000.0,51.9,9,Yes,57.4,Tier 2 - Warm
PROS-104481,Professional Services,North,1-9 employees,1393000.0,16.5,33,Yes,31.8,Tier 3 - Nurture
PROS-104482,Wholesale Distribution,Central,50-249 employees,2785000.0,20.2,9,No,29.4,Tier 3 - Nurture
PROS-104483,Manufacturing,South,10-49 employees,247000.0,20.8,5,No,19.0,Tier 3 - Nurture
PROS-104484,Healthcare,North,1-9 employees,2985000.0,36.6,9,Yes,21.1,Tier 3 - Nurture
PROS-104485,Construction,South,10-49 employees,695000.0,79.8,17,Yes,52.6,Tier 2 - Warm
PROS-104486,Transportation & Logistics,Central,1-9 employees,4204000.0,48.9,7,No,24.6,Tier 3 - Nurture
PROS-104487,Professional Services,South,1-9 employees,732000.0,35.0,23,No,31.5,Tier 3 - Nurture
PROS-104488,Technology,Central,1000+ employees,77000.0,21.3,24,Yes,56.7,Tier 2 - Warm
PROS-104489,Construction,East,10-49 employees,1856000.0,22.4,28,No,37.8,Tier 2 - Warm
PROS-104490,Retail Trade,Central,1-9 employees,448000.0,39.3,36,Yes,43.5,Tier 2 - Warm
PROS-104491,Retail Trade,West,10-49 employees,482000.0,60.8,7,No,36.9,Tier 2 - Warm
PROS-104492,Technology,North,1000+ employees,148000.0,74.3,39,No,90.2,Tier 1 - Priority
PROS-104493,Professional Services,East,10-49 employees,4344000.0,37.7,33,Yes,48.0,Tier 2 - Warm
PROS-104494,Construction,East,250-999 employees,411000.0,49.4,3,No,44.1,Tier 2 - Warm
PROS-104495,Technology,South,250-999 employees,4125000.0,8.1,25,No,44.6,Tier 2 - Warm
PROS-104496,Construction,East,1-9 employees,454000.0,34.45,11,Yes,21.8,Tier 3 - Nurture
PROS-104497,Construction,North,50-249 employees,263000.0,48.0,3,No,36.0,Tier 2 - Warm
PROS-104498,Professional Services,West,50-249 employees,738500.0,71.1,27,Yes,64.4,Tier 2 - Warm
PROS-104499,Construction,Central,50-249 employees,673000.0,88.7,3,Yes,52.7,Tier 2 - Warm
PROS-104500,Technology,North,10-49 employees,680000.0,40.4,7,No,28.6,Tier 3 - Nurture
PROS-104501,Transportation & Logistics,East,1-9 employees,178000.0,9.4,27,No,24.2,Tier 3 - Nurture
PROS-104502,Education,West,1-9 employees,441000.0,12.6,4,Yes,7.4,Tier 3 - Nurture
PROS-104503,Hospitality,North,10-49 employees,1169000.0,30.4,30,Yes,42.7,Tier 2 - Warm
PROS-104504,Manufacturing,South,50-249 employees,175000.0,72.1,2,No,45.1,Tier 2 - Warm
PROS-104505,Construction,South,50-249 employees,738500.0,31.4,13,No,37.1,Tier 2 - Warm
PROS-104506,Professional Services,North,10-49 employees,459000.0,48.3,11,Yes,35.0,Tier 2 - Warm
PROS-104507,Transportation & Logistics,Central,1-9 employees,785000.0,83.1,7,No,38.5,Tier 2 - Warm
PROS-104508,Professional Services,East,1-9 employees,724000.0,69.1,21,No,43.9,Tier 2 - Warm
PROS-104509,Education,West,50-249 employees,524000.0,53.8,9,No,43.1,Tier 2 - Warm
PROS-104510,Professional Services,East,10-49 employees,341000.0,41.8,6,Yes,28.4,Tier 3 - Nurture
PROS-104511,Transportation & Logistics,Central,50-249 employees,14962000.0,30.3,16,No,39.1,Tier 2 - Warm
PROS-104512,Retail Trade,Central,1-9 employees,453000.0,46.6,20,Yes,33.9,Tier 2 - Warm
PROS-104513,Education,West,10-49 employees,591000.0,23.3,25,No,35.8,Tier 2 - Warm
PROS-104514,Education,South,250-999 employees,492000.0,46.9,4,Yes,43.9,Tier 2 - Warm
PROS-104515,Hospitality,East,1-9 employees,724000.0,75.2,8,No,36.1,Tier 2 - Warm
PROS-104516,Construction,Central,1-9 employees,795000.0,7.7,2,No,3.8,Tier 3 - Nurture
PROS-104517,Manufacturing,East,50-249 employees,2008000.0,7.4,31,No,41.5,Tier 2 - Warm
PROS-104518,Hospitality,East,10-49 employees,1138000.0,41.5,22,Yes,40.9,Tier 2 - Warm
PROS-104519,Healthcare,North,1000+ employees,2385000.0,18.5,10,No,44.5,Tier 2 - Warm
PROS-104520,Education,Central,250-999 employees,2300000.0,30.7,21,Yes,50.7,Tier 2 - Warm
PROS-104521,Technology,West,50-249 employees,917000.0,78.4,32,Yes,71.3,Tier 1 - Priority
PROS-104522,Transportation & Logistics,South,1-9 employees,1103000.0,33.8,30,No,36.5,Tier 2 - Warm
PROS-104523,Education,East,10-49 employees,2470000.0,60.1,37,No,60.3,Tier 2 - Warm
PROS-104524,Wholesale Distribution,East,250-999 employees,215000.0,30.7,9,No,41.2,Tier 2 - Warm
PROS-104525,Healthcare,North,10-49 employees,749000.0,49.0,7,Yes,32.1,Tier 3 - Nurture
PROS-104526,Manufacturing,Central,1000+ employees,415000.0,38.0,30,Yes,68.3,Tier 1 - Priority
PROS-104527,Manufacturing,Central,50-249 employees,496000.0,59.3,36,Yes,66.7,Tier 1 - Priority
PROS-104528,Healthcare,Central,1-9 employees,192000.0,15.7,7,Yes,11.0,Tier 3 - Nurture
PROS-104529,Transportation & Logistics,South,10-49 employees,199000.0,55.7,28,No,51.4,Tier 2 - Warm
PROS-104530,Manufacturing,South,50-249 employees,2130000.0,6.4,23,No,34.8,Tier 2 - Warm
PROS-104531,Retail Trade,North,1-9 employees,8861000.0,38.1,35,Yes,42.2,Tier 2 - Warm
PROS-104532,Hospitality,West,1-9 employees,391000.0,27.6,8,Yes,16.6,Tier 3 - Nurture
PROS-104533,Hospitality,South,50-249 employees,1069000.0,90.5,14,Yes,62.1,Tier 2 - Warm
PROS-104534,Manufacturing,Central,1-9 employees,929000.0,40.4,25,Yes,35.3,Tier 2 - Warm
PROS-104535,Transportation & Logistics,Central,1-9 employees,2192000.0,14.1,34,No,31.7,Tier 3 - Nurture
PROS-104536,Manufacturing,North,50-249 employees,8374000.0,54.4,33,Yes,62.3,Tier 2 - Warm
PROS-104537,Hospitality,Central,50-249 employees,3887000.0,56.6,19,Yes,52.2,Tier 2 - Warm
PROS-104538,Wholesale Distribution,North,10-49 employees,561000.0,32.6,15,Yes,31.7,Tier 3 - Nurture
PROS-104539,Wholesale Distribution,East,1000+ employees,1305000.0,58.0,8,No,59.1,Tier 2 - Warm
PROS-104540,Transportation & Logistics,East,250-999 employees,1456000.0,26.2,16,Yes,44.9,Tier 2 - Warm
PROS-104541,Technology,Central,10-49 employees,713000.0,55.1,39,Yes,59.8,Tier 2 - Warm
PROS-104542,Education,West,1-9 employees,218000.0,36.4,9,No,21.0,Tier 3 - Nurture
PROS-104543,Technology,Central,50-249 employees,303000.0,90.1,37,No,80.1,Tier 1 - Priority
PROS-104544,Healthcare,East,1-9 employees,2579000.0,33.7,11,Yes,21.5,Tier 3 - Nurture
PROS-104545,Hospitality,Central,50-249 employees,2889000.0,80.5,5,No,50.9,Tier 2 - Warm
PROS-104546,Transportation & Logistics,Central,10-49 employees,581000.0,16.8,28,Yes,35.5,Tier 2 - Warm
PROS-104547,Wholesale Distribution,Central,10-49 employees,972000.0,37.0,18,No,35.9,Tier 2 - Warm
PROS-104548,Transportation & Logistics,East,10-49 employees,2722000.0,9.1,29,Yes,33.2,Tier 2 - Warm
PROS-104549,Wholesale Distribution,South,10-49 employees,112000.0,61.1,39,Yes,62.3,Tier 2 - Warm
PROS-104550,Manufacturing,Central,250-999 employees,446000.0,65.2,6,Yes,52.9,Tier 2 - Warm
PROS-104551,Manufacturing,West,1-9 employees,6714000.0,51.7,22,Yes,37.5,Tier 2 - Warm
PROS-104552,Manufacturing,Central,250-999 employees,1014000.0,29.7,11,Yes,42.4,Tier 2 - Warm
PROS-104553,Transportation & Logistics,East,1-9 employees,211000.0,12.1,20,Yes,19.8,Tier 3 - Nurture
PROS-104554,Hospitality,Central,50-249 employees,830000.0,30.7,10,Yes,34.5,Tier 2 - Warm
PROS-104555,Professional Services,West,250-999 employees,2244000.0,14.9,8,Yes,34.0,Tier 2 - Warm
PROS-104556,Retail Trade,West,10-49 employees,749000.0,35.1,21,Yes,37.5,Tier 2 - Warm
PROS-104557,Wholesale Distribution,North,1-9 employees,886000.0,63.7,17,Yes,38.5,Tier 2 - Warm
PROS-104558,Hospitality,East,50-249 employees,484000.0,30.6,30,No,50.2,Tier 2 - Warm
PROS-104559,Technology,West,50-249 employees,738500.0,18.9,20,No,37.6,Tier 2 - Warm
PROS-104560,Healthcare,West,1-9 employees,724000.0,42.8,24,No,35.5,Tier 2 - Warm
PROS-104561,Healthcare,Central,10-49 employees,628000.0,40.3,28,Yes,45.1,Tier 2 - Warm
PROS-104562,Manufacturing,South,50-249 employees,710000.0,23.0,3,Yes,25.8,Tier 3 - Nurture
PROS-104563,Retail Trade,South,1-9 employees,497000.0,71.8,18,Yes,42.6,Tier 2 - Warm
PROS-104564,Wholesale Distribution,Central,10-49 employees,237000.0,39.6,21,No,39.3,Tier 2 - Warm
PROS-104565,Construction,Central,10-49 employees,147000.0,46.6,25,Yes,45.3,Tier 2 - Warm
PROS-104566,Hospitality,North,1-9 employees,341000.0,24.2,2,No,10.5,Tier 3 - Nurture
PROS-104567,Hospitality,South,50-249 employees,1877000.0,40.9,4,No,33.9,Tier 2 - Warm
PROS-104568,Construction,Central,1-9 employees,724000.0,33.2,34,Yes,39.5,Tier 2 - Warm
PROS-104569,Professional Services,North,250-999 employees,676000.0,30.6,30,Yes,57.7,Tier 2 - Warm
PROS-104570,Technology,West,10-49 employees,232000.0,55.6,17,Yes,42.7,Tier 2 - Warm
PROS-104571,Manufacturing,North,10-49 employees,483000.0,72.9,1,No,37.1,Tier 2 - Warm
PROS-104572,Healthcare,North,10-49 employees,1641000.0,20.5,11,No,23.6,Tier 3 - Nurture
PROS-104573,Wholesale Distribution,West,10-49 employees,1271000.0,49.9,26,Yes,47.5,Tier 2 - Warm
PROS-104574,Hospitality,West,50-249 employees,432000.0,54.7,27,Yes,57.7,Tier 2 - Warm
PROS-104575,Hospitality,East,50-249 employees,738500.0,53.7,33,No,62.0,Tier 2 - Warm
PROS-104576,Manufacturing,Central,50-249 employees,347000.0,18.4,22,Yes,38.9,Tier 2 - Warm
PROS-104577,Retail Trade,South,10-49 employees,429000.0,11.6,30,No,35.0,Tier 2 - Warm
PROS-104578,Professional Services,East,1-9 employees,269000.0,29.8,10,Yes,19.1,Tier 3 - Nurture
PROS-104579,Professional Services,West,1-9 employees,463000.0,37.6,6,Yes,19.1,Tier 3 - Nurture
PROS-104580,Retail Trade,West,50-249 employees,1791000.0,71.4,14,Yes,54.3,Tier 2 - Warm
PROS-104581,Education,South,10-49 employees,749000.0,42.6,33,No,50.0,Tier 2 - Warm
PROS-104582,Retail Trade,West,10-49 employees,2167000.0,59.5,35,Yes,58.5,Tier 2 - Warm
PROS-104583,Hospitality,East,10-49 employees,139000.0,15.8,4,Yes,16.2,Tier 3 - Nurture
PROS-104584,Transportation & Logistics,East,10-49 employees,521000.0,82.1,8,Yes,46.4,Tier 2 - Warm
PROS-104585,Technology,Central,50-249 employees,86000.0,31.4,3,No,29.2,Tier 3 - Nurture
PROS-104586,Professional Services,South,10-49 employees,456000.0,61.4,30,Yes,55.3,Tier 2 - Warm
PROS-104587,Construction,West,1000+ employees,231000.0,28.3,33,No,66.7,Tier 1 - Priority
PROS-104588,Technology,Central,1-9 employees,2986000.0,83.8,37,No,62.5,Tier 2 - Warm
PROS-104589,Professional Services,West,10-49 employees,1145000.0,47.2,8,Yes,32.1,Tier 3 - Nurture
PROS-104590,Technology,Central,1-9 employees,2227000.0,33.9,21,No,29.5,Tier 3 - Nurture
PROS-104591,Manufacturing,East,50-249 employees,455000.0,2.7,18,Yes,29.4,Tier 3 - Nurture
PROS-104592,Manufacturing,South,10-49 employees,238000.0,34.6,39,No,51.5,Tier 2 - Warm
PROS-104593,Hospitality,Central,10-49 employees,229000.0,30.7,37,Yes,48.3,Tier 2 - Warm
PROS-104594,Technology,West,50-249 employees,977000.0,23.6,33,No,49.7,Tier 2 - Warm
PROS-104595,Manufacturing,South,10-49 employees,5342000.0,56.0,9,No,36.5,Tier 2 - Warm
PROS-104596,Wholesale Distribution,South,1-9 employees,1148000.0,29.4,14,Yes,22.1,Tier 3 - Nurture
PROS-104597,Manufacturing,South,10-49 employees,483000.0,21.4,31,Yes,39.8,Tier 2 - Warm
PROS-104598,Education,Central,1-9 employees,593000.0,11.8,24,Yes,22.8,Tier 3 - Nurture
PROS-104599,Hospitality,North,250-999 employees,705000.0,31.5,23,Yes,52.6,Tier 2 - Warm
PROS-104600,Education,West,50-249 employees,6779000.0,34.6,3,No,30.6,Tier 3 - Nurture
PROS-104601,Education,East,50-249 employees,738500.0,71.0,16,No,55.7,Tier 2 - Warm
PROS-104602,Construction,North,250-999 employees,971000.0,19.1,39,Yes,60.1,Tier 2 - Warm
PROS-104603,Hospitality,West,50-249 employees,823000.0,67.1,18,Yes,55.7,Tier 2 - Warm
PROS-104604,Professional Services,West,10-49 employees,1014000.0,5.9,35,No,36.6,Tier 2 - Warm
PROS-104605,Healthcare,West,1-9 employees,1256000.0,10.9,17,Yes,16.9,Tier 3 - Nurture
PROS-104606,Professional Services,East,10-49 employees,463000.0,30.1,34,No,45.7,Tier 2 - Warm
PROS-104607,Healthcare,South,250-999 employees,288000.0,5.3,33,Yes,49.8,Tier 2 - Warm
PROS-104608,Wholesale Distribution,North,250-999 employees,2270000.0,18.8,25,No,49.0,Tier 2 - Warm
PROS-104609,Healthcare,North,50-249 employees,747000.0,50.8,32,No,60.1,Tier 2 - Warm
PROS-104610,Manufacturing,South,1-9 employees,2071000.0,22.9,2,Yes,10.0,Tier 3 - Nurture
PROS-104611,Construction,West,1-9 employees,4461000.0,58.4,15,Yes,34.8,Tier 2 - Warm
PROS-104612,Hospitality,North,250-999 employees,1293000.0,37.7,4,Yes,40.1,Tier 2 - Warm
PROS-104613,Transportation & Logistics,Central,1-9 employees,1082000.0,43.4,28,Yes,38.9,Tier 2 - Warm
PROS-104614,Transportation & Logistics,East,10-49 employees,24650000.0,22.4,12,No,25.2,Tier 3 - Nurture
PROS-104615,Healthcare,South,10-49 employees,916000.0,51.6,21,No,44.2,Tier 2 - Warm
PROS-104616,Professional Services,Central,1-9 employees,220000.0,38.1,33,No,40.7,Tier 2 - Warm
PROS-104617,Transportation & Logistics,North,50-249 employees,535000.0,42.5,30,Yes,55.1,Tier 2 - Warm
PROS-104618,Technology,Central,1000+ employees,4020000.0,11.2,26,Yes,54.1,Tier 2 - Warm
PROS-104619,Wholesale Distribution,South,50-249 employees,738500.0,43.4,2,Yes,33.4,Tier 2 - Warm
PROS-104620,Technology,South,10-49 employees,319000.0,18.6,25,Yes,33.9,Tier 2 - Warm
PROS-104621,Education,East,10-49 employees,2463000.0,56.7,14,Yes,40.8,Tier 2 - Warm
PROS-104622,Wholesale Distribution,Central,250-999 employees,541000.0,45.5,39,Yes,70.9,Tier 1 - Priority
PROS-104623,Manufacturing,South,10-49 employees,646000.0,45.6,14,No,36.2,Tier 2 - Warm
PROS-104624,Construction,Central,10-49 employees,2375000.0,27.7,30,Yes,41.5,Tier 2 - Warm
PROS-104625,Construction,South,50-249 employees,332000.0,57.7,24,Yes,56.6,Tier 2 - Warm
PROS-104626,Manufacturing,South,1-9 employees,145000.0,43.8,14,Yes,28.0,Tier 3 - Nurture
PROS-104627,Retail Trade,West,1-9 employees,158000.0,77.3,9,No,37.7,Tier 2 - Warm
PROS-104628,Hospitality,West,250-999 employees,1383000.0,34.7,11,No,44.4,Tier 2 - Warm
PROS-104629,Construction,South,10-49 employees,970000.0,46.4,21,No,42.1,Tier 2 - Warm
PROS-104630,Retail Trade,North,1-9 employees,341000.0,41.5,35,Yes,43.6,Tier 2 - Warm
PROS-104631,Professional Services,South,1-9 employees,204000.0,58.7,39,Yes,53.8,Tier 2 - Warm
PROS-104632,Professional Services,East,1000+ employees,542000.0,28.6,13,No,51.0,Tier 2 - Warm
PROS-104633,Retail Trade,North,10-49 employees,2491000.0,14.4,2,No,14.0,Tier 3 - Nurture
PROS-104634,Retail Trade,North,10-49 employees,291000.0,72.0,9,No,43.1,Tier 2 - Warm
PROS-104635,Hospitality,Central,1-9 employees,352000.0,46.0,20,No,33.6,Tier 2 - Warm
PROS-104636,Wholesale Distribution,North,1000+ employees,197000.0,25.9,16,Yes,52.3,Tier 2 - Warm
PROS-104637,Healthcare,East,250-999 employees,487000.0,40.7,6,Yes,42.9,Tier 2 - Warm
PROS-104638,Technology,West,10-49 employees,1058000.0,40.099999999999994,7,No,28.5,Tier 3 - Nurture
PROS-104639,Education,South,1-9 employees,7472000.0,36.0,23,No,31.9,Tier 3 - Nurture
PROS-104640,Wholesale Distribution,East,50-249 employees,927000.0,65.6,11,Yes,49.5,Tier 2 - Warm
PROS-104641,Manufacturing,North,50-249 employees,688000.0,30.6,10,No,34.4,Tier 2 - Warm
PROS-104642,Education,West,50-249 employees,1885000.0,38.7,15,No,41.7,Tier 2 - Warm
PROS-104643,Manufacturing,West,1000+ employees,1569000.0,4.4,36,Yes,59.3,Tier 2 - Warm
PROS-104644,Manufacturing,Central,10-49 employees,386000.0,15.5,33,Yes,38.9,Tier 2 - Warm
PROS-104645,Healthcare,Central,1-9 employees,9178000.0,76.1,13,Yes,40.4,Tier 2 - Warm
PROS-104646,Hospitality,South,10-49 employees,710000.0,68.4,30,Yes,58.2,Tier 2 - Warm
PROS-104647,Manufacturing,North,50-249 employees,946000.0,19.2,38,No,51.9,Tier 2 - Warm
PROS-104648,Professional Services,South,1-9 employees,1338000.0,27.6,11,No,19.0,Tier 3 - Nurture
PROS-104649,Professional Services,North,1-9 employees,1067000.0,21.9,1,Yes,8.8,Tier 3 - Nurture
PROS-104650,Construction,East,50-249 employees,3906000.0,47.5,10,No,41.3,Tier 2 - Warm
PROS-104651,Education,North,10-49 employees,381000.0,25.9,33,Yes,43.2,Tier 2 - Warm
PROS-104652,Construction,Central,50-249 employees,1727000.0,17.7,5,No,25.2,Tier 3 - Nurture
PROS-104653,Professional Services,West,1-9 employees,874000.0,38.6,11,No,23.5,Tier 3 - Nurture
PROS-104654,Retail Trade,South,1-9 employees,2150000.0,24.6,38,No,39.1,Tier 2 - Warm
PROS-104655,Retail Trade,Central,1-9 employees,576000.0,27.8,8,Yes,16.7,Tier 3 - Nurture
PROS-104656,Retail Trade,West,50-249 employees,496000.0,46.8,19,No,48.2,Tier 2 - Warm
PROS-104657,Transportation & Logistics,East,50-249 employees,1632000.0,19.3,35,No,49.6,Tier 2 - Warm
PROS-104658,Healthcare,North,10-49 employees,1081000.0,49.2,34,No,53.5,Tier 2 - Warm
PROS-104659,Healthcare,South,10-49 employees,296000.0,69.3,12,No,44.3,Tier 2 - Warm
PROS-104660,Wholesale Distribution,East,1-9 employees,724000.0,29.4,10,No,19.0,Tier 3 - Nurture
PROS-104661,Transportation & Logistics,West,50-249 employees,1633000.0,14.8,23,Yes,38.3,Tier 2 - Warm
PROS-104662,Retail Trade,South,1000+ employees,672000.0,54.1,13,Yes,61.4,Tier 2 - Warm
PROS-104663,Construction,West,50-249 employees,436000.0,38.6,29,Yes,52.7,Tier 2 - Warm
PROS-104664,Construction,South,1-9 employees,1089000.0,59.5,27,Yes,44.7,Tier 2 - Warm
PROS-104665,Wholesale Distribution,South,10-49 employees,1508000.0,88.4,17,No,56.1,Tier 2 - Warm
PROS-104666,Construction,East,1-9 employees,724000.0,21.3,16,Yes,20.4,Tier 3 - Nurture
PROS-104667,Retail Trade,North,1-9 employees,1103000.0,73.1,4,Yes,32.1,Tier 3 - Nurture
PROS-104668,Hospitality,East,1-9 employees,1495000.0,41.5,28,No,38.1,Tier 2 - Warm
PROS-104669,Healthcare,South,1-9 employees,55000.0,40.3,36,Yes,43.9,Tier 2 - Warm
PROS-104670,Manufacturing,South,1-9 employees,905000.0,26.3,35,Yes,37.4,Tier 2 - Warm
PROS-104671,Technology,West,50-249 employees,1566000.0,38.5,26,No,50.3,Tier 2 - Warm
PROS-104672,Professional Services,South,1-9 employees,1382000.0,73.4,29,No,51.9,Tier 2 - Warm
PROS-104673,Wholesale Distribution,West,50-249 employees,1763000.0,37.15,35,Yes,56.9,Tier 2 - Warm
PROS-104674,Wholesale Distribution,West,250-999 employees,509000.0,30.1,9,No,41.0,Tier 2 - Warm
PROS-104675,Construction,West,10-49 employees,232000.0,41.6,30,Yes,47.2,Tier 2 - Warm
PROS-104676,Transportation & Logistics,South,10-49 employees,101000.0,43.6,5,Yes,28.3,Tier 3 - Nurture
PROS-104677,Transportation & Logistics,Central,50-249 employees,2425000.0,15.8,31,Yes,45.0,Tier 2 - Warm
PROS-104678,Technology,South,1-9 employees,1581000.0,9.7,9,Yes,10.1,Tier 3 - Nurture
PROS-104679,Manufacturing,South,10-49 employees,2637000.0,6.9,24,No,28.3,Tier 3 - Nurture
PROS-104680,Construction,Central,10-49 employees,329000.0,56.6,1,No,30.5,Tier 3 - Nurture
PROS-104681,Retail Trade,South,50-249 employees,1766000.0,74.8,1,Yes,45.4,Tier 2 - Warm
PROS-104682,Technology,West,50-249 employees,140000.0,6.9,26,Yes,37.4,Tier 2 - Warm
PROS-104683,Manufacturing,North,50-249 employees,280000.0,28.4,35,Yes,53.3,Tier 2 - Warm
PROS-104684,Transportation & Logistics,West,50-249 employees,838000.0,25.1,5,No,28.2,Tier 3 - Nurture
PROS-104685,Hospitality,Central,10-49 employees,1513000.0,30.7,33,No,45.1,Tier 2 - Warm
PROS-104686,Education,West,50-249 employees,4625000.0,38.7,30,No,53.5,Tier 2 - Warm
PROS-104687,Professional Services,East,250-999 employees,560000.0,42.5,29,Yes,61.8,Tier 2 - Warm
PROS-104688,Manufacturing,Central,10-49 employees,281000.0,62.9,11,No,40.9,Tier 2 - Warm
PROS-104689,Hospitality,South,1000+ employees,266000.0,76.0,35,No,87.7,Tier 1 - Priority
PROS-104690,Manufacturing,South,250-999 employees,342000.0,21.5,24,Yes,49.3,Tier 2 - Warm
PROS-104691,Manufacturing,North,10-49 employees,749000.0,38.1,8,Yes,28.4,Tier 3 - Nurture
PROS-104692,Education,West,1-9 employees,1677000.0,26.0,35,Yes,37.3,Tier 2 - Warm
PROS-104693,Wholesale Distribution,West,1-9 employees,2480000.0,56.0,11,Yes,30.6,Tier 3 - Nurture
PROS-104694,Hospitality,West,50-249 employees,561000.0,38.3,20,Yes,45.5,Tier 2 - Warm
PROS-104695,Wholesale Distribution,West,1-9 employees,728000.0,9.1,7,Yes,8.3,Tier 3 - Nurture
PROS-104696,Manufacturing,North,10-49 employees,1574000.0,36.8,16,No,34.2,Tier 2 - Warm
PROS-104697,Manufacturing,West,10-49 employees,418000.0,17.1,26,Yes,34.1,Tier 2 - Warm
PROS-104698,Construction,West,250-999 employees,529000.0,72.2,36,Yes,79.5,Tier 1 - Priority
PROS-104699,Manufacturing,South,50-249 employees,347000.0,22.5,18,No,37.5,Tier 2 - Warm
PROS-104700,Wholesale Distribution,East,50-249 employees,446000.0,57.1,25,Yes,57.1,Tier 2 - Warm
PROS-104701,Manufacturing,Central,10-49 employees,770000.0,38.7,5,Yes,26.3,Tier 3 - Nurture
PROS-104702,Transportation & Logistics,East,1-9 employees,295000.0,62.5,10,No,32.5,Tier 3 - Nurture
PROS-104703,Wholesale Distribution,West,50-249 employees,999000.0,49.0,23,Yes,52.2,Tier 2 - Warm
PROS-104704,Hospitality,East,1-9 employees,998000.0,41.5,2,Yes,17.6,Tier 3 - Nurture
PROS-104705,Professional Services,West,10-49 employees,599000.0,54.9,14,Yes,40.0,Tier 2 - Warm
PROS-104706,Healthcare,West,1000+ employees,294000.0,28.4,3,Yes,43.0,Tier 2 - Warm
PROS-104707,Transportation & Logistics,West,10-49 employees,819000.0,18.9,20,Yes,30.1,Tier 3 - Nurture
PROS-104708,Hospitality,West,10-49 employees,419000.0,22.2,11,No,24.3,Tier 3 - Nurture
PROS-104709,Healthcare,Central,50-249 employees,768000.0,35.3,11,No,37.2,Tier 2 - Warm
PROS-104710,Professional Services,South,50-249 employees,2441000.0,33.0,19,Yes,42.5,Tier 2 - Warm
PROS-104711,Hospitality,Central,10-49 employees,184000.0,50.0,7,Yes,32.5,Tier 3 - Nurture
PROS-104712,Wholesale Distribution,West,10-49 employees,7967000.0,67.0,30,Yes,57.6,Tier 2 - Warm
PROS-104713,Healthcare,East,1-9 employees,673000.0,71.7,18,No,42.6,Tier 2 - Warm
PROS-104714,Manufacturing,South,10-49 employees,1147000.0,52.3,36,No,56.3,Tier 2 - Warm
PROS-104715,Transportation & Logistics,East,1-9 employees,319000.0,32.7,9,Yes,19.5,Tier 3 - Nurture
PROS-104716,Wholesale Distribution,West,10-49 employees,2562000.0,66.3,3,No,36.0,Tier 2 - Warm
PROS-104717,Education,South,50-249 employees,635000.0,14.1,16,Yes,32.4,Tier 3 - Nurture
PROS-104718,Healthcare,South,1-9 employees,473000.0,27.4,5,No,14.2,Tier 3 - Nurture
PROS-104719,Retail Trade,Central,10-49 employees,387000.0,20.4,15,Yes,26.7,Tier 3 - Nurture
PROS-104720,Transportation & Logistics,East,1-9 employees,543000.0,29.9,31,No,35.7,Tier 2 - Warm
PROS-104721,Wholesale Distribution,West,1-9 employees,1156000.0,55.6,37,No,51.0,Tier 2 - Warm
PROS-104722,Education,North,1-9 employees,882000.0,40.2,18,No,29.7,Tier 3 - Nurture
PROS-104723,Manufacturing,North,1-9 employees,698000.0,21.3,8,No,14.1,Tier 3 - Nurture
PROS-104724,Professional Services,Central,1000+ employees,334000.0,9.6,16,Yes,45.6,Tier 2 - Warm
PROS-104725,Healthcare,North,1000+ employees,313000.0,37.8,12,Yes,54.0,Tier 2 - Warm
PROS-104726,Manufacturing,West,50-249 employees,439000.0,27.0,5,No,29.0,Tier 3 - Nurture
PROS-104727,Wholesale Distribution,Central,10-49 employees,1210000.0,51.6,31,No,52.1,Tier 2 - Warm
PROS-104728,Retail Trade,East,50-249 employees,1511000.0,20.9,29,No,45.5,Tier 2 - Warm
PROS-104729,Technology,Central,250-999 employees,1753000.0,77.6,12,No,62.7,Tier 2 - Warm
PROS-104730,Education,East,10-49 employees,728000.0,51.2,19,Yes,42.5,Tier 2 - Warm
PROS-104731,Technology,Central,1-9 employees,1112000.0,39.7,19,Yes,30.3,Tier 3 - Nurture
PROS-104732,Hospitality,South,50-249 employees,606000.0,69.0,17,No,55.7,Tier 2 - Warm
PROS-104733,Professional Services,East,1000+ employees,107000.0,19.6,30,Yes,60.7,Tier 2 - Warm
PROS-104734,Wholesale Distribution,South,1-9 employees,575000.0,61.1,28,Yes,46.1,Tier 2 - Warm
PROS-104735,Healthcare,West,10-49 employees,483000.0,13.5,1,Yes,12.9,Tier 3 - Nurture
PROS-104736,Manufacturing,North,10-49 employees,233000.0,29.5,9,Yes,25.7,Tier 3 - Nurture
PROS-104737,Construction,Central,10-49 employees,391000.0,24.2,38,No,46.4,Tier 2 - Warm
PROS-104738,Construction,North,50-249 employees,846000.0,49.0,17,Yes,47.5,Tier 2 - Warm
PROS-104739,Transportation & Logistics,South,10-49 employees,210000.0,52.7,19,No,43.1,Tier 2 - Warm
PROS-104740,Professional Services,East,250-999 employees,334000.0,18.2,30,No,52.7,Tier 2 - Warm
PROS-104741,Healthcare,North,50-249 employees,4004000.0,33.849999999999994,30,No,51.6,Tier 2 - Warm
PROS-104742,Healthcare,East,1-9 employees,125000.0,62.3,23,No,42.7,Tier 2 - Warm
PROS-104743,Construction,Central,50-249 employees,596000.0,53.5,36,Yes,64.3,Tier 2 - Warm
PROS-104744,Technology,Central,50-249 employees,202000.0,78.6,24,Yes,65.1,Tier 2 - Warm
PROS-104745,Construction,North,10-49 employees,319000.0,28.1,35,No,45.7,Tier 2 - Warm
PROS-104746,Hospitality,East,10-49 employees,587000.0,32.0,18,Yes,33.8,Tier 2 - Warm
PROS-104747,Professional Services,East,50-249 employees,246000.0,29.6,9,Yes,33.2,Tier 2 - Warm
PROS-104748,Wholesale Distribution,North,10-49 employees,1371000.0,34.5,5,No,24.6,Tier 3 - Nurture
PROS-104749,Construction,West,1-9 employees,3224000.0,34.4,22,No,30.5,Tier 3 - Nurture
PROS-104750,Manufacturing,East,1-9 employees,1841000.0,26.1,35,Yes,37.3,Tier 2 - Warm
PROS-104751,Retail Trade,West,1-9 employees,2251000.0,20.2,17,No,20.7,Tier 3 - Nurture
PROS-104752,Wholesale Distribution,South,50-249 employees,160000.0,43.2,29,No,54.6,Tier 2 - Warm
PROS-104753,Wholesale Distribution,South,1-9 employees,558000.0,12.4,21,No,20.7,Tier 3 - Nurture
PROS-104754,Professional Services,West,10-49 employees,1220000.0,32.6,32,No,45.1,Tier 2 - Warm
PROS-104755,Technology,West,10-49 employees,1902000.0,46.6,31,Yes,50.1,Tier 2 - Warm
PROS-104756,Transportation & Logistics,North,50-249 employees,5019000.0,87.5,28,No,71.9,Tier 1 - Priority
PROS-104757,Retail Trade,South,10-49 employees,2364000.0,27.5,14,No,28.8,Tier 3 - Nurture
PROS-104758,Healthcare,East,250-999 employees,1955000.0,9.9,17,Yes,39.0,Tier 2 - Warm
PROS-104759,Technology,Central,250-999 employees,13216000.0,55.6,19,No,59.3,Tier 2 - Warm
PROS-104760,Education,South,1-9 employees,811000.0,25.1,33,Yes,35.4,Tier 2 - Warm
PROS-104761,Wholesale Distribution,South,50-249 employees,531000.0,58.8,24,No,57.0,Tier 2 - Warm
PROS-104762,Manufacturing,Central,1-9 employees,887000.0,68.9,7,No,32.7,Tier 3 - Nurture
PROS-104763,Professional Services,West,50-249 employees,267000.0,15.6,11,Yes,29.1,Tier 3 - Nurture
PROS-104764,Healthcare,Central,10-49 employees,786000.0,31.1,13,Yes,29.5,Tier 3 - Nurture
PROS-104765,Retail Trade,West,1-9 employees,109000.0,74.4,24,Yes,48.4,Tier 2 - Warm
PROS-104766,Transportation & Logistics,Central,1-9 employees,407000.0,27.6,30,Yes,34.0,Tier 2 - Warm
PROS-104767,Manufacturing,North,10-49 employees,643000.0,46.7,6,Yes,30.4,Tier 3 - Nurture
PROS-104768,Retail Trade,South,50-249 employees,2073000.0,41.2,29,Yes,53.8,Tier 2 - Warm
PROS-104769,Manufacturing,South,50-249 employees,2476000.0,40.25,25,Yes,50.2,Tier 2 - Warm
PROS-104770,Professional Services,North,1-9 employees,253000.0,50.2,9,No,26.7,Tier 3 - Nurture
PROS-104771,Hospitality,West,1-9 employees,7157000.0,43.7,6,Yes,21.6,Tier 3 - Nurture
PROS-104772,Retail Trade,West,10-49 employees,859000.0,53.6,6,Yes,33.2,Tier 2 - Warm
PROS-104773,Education,North,10-49 employees,950000.0,32.3,31,Yes,44.2,Tier 2 - Warm
PROS-104774,Professional Services,North,1-9 employees,123000.0,38.2,10,Yes,22.5,Tier 3 - Nurture
PROS-104775,Manufacturing,North,1-9 employees,369000.0,78.5,8,Yes,37.4,Tier 2 - Warm
PROS-104776,Construction,East,250-999 employees,2315000.0,4.3,17,No,36.7,Tier 2 - Warm
PROS-104777,Hospitality,East,10-49 employees,879000.0,73.1,26,Yes,56.9,Tier 2 - Warm
PROS-104778,Retail Trade,South,50-249 employees,821000.0,22.7,18,No,37.5,Tier 2 - Warm
PROS-104779,Manufacturing,Central,10-49 employees,936000.0,26.7,23,Yes,35.6,Tier 2 - Warm
PROS-104780,Wholesale Distribution,South,10-49 employees,149000.0,41.6,15,Yes,35.4,Tier 2 - Warm
PROS-104781,Transportation & Logistics,East,10-49 employees,656000.0,63.8,17,No,46.0,Tier 2 - Warm
PROS-104782,Construction,East,1-9 employees,3434000.0,32.6,23,Yes,30.5,Tier 3 - Nurture
PROS-104783,Hospitality,South,1-9 employees,2411000.0,8.6,26,Yes,23.1,Tier 3 - Nurture
PROS-104784,Wholesale Distribution,Central,1000+ employees,636000.0,74.2,29,Yes,82.3,Tier 1 - Priority
PROS-104785,Construction,Central,250-999 employees,4074000.0,52.0,34,No,69.6,Tier 1 - Priority
PROS-104786,Transportation & Logistics,North,50-249 employees,183000.0,47.5,13,Yes,43.7,Tier 2 - Warm
PROS-104787,Manufacturing,East,1-9 employees,250000.0,21.6,5,Yes,11.8,Tier 3 - Nurture
PROS-104788,Construction,North,1-9 employees,5666000.0,10.5,4,No,6.5,Tier 3 - Nurture
PROS-104789,Transportation & Logistics,East,1-9 employees,1377000.0,65.9,27,No,47.3,Tier 2 - Warm
PROS-104790,Retail Trade,West,250-999 employees,531000.0,15.6,17,No,41.3,Tier 2 - Warm
PROS-104791,Education,East,50-249 employees,686000.0,56.9,16,Yes,49.9,Tier 2 - Warm
PROS-104792,Education,South,10-49 employees,300000.0,38.0,29,No,45.0,Tier 2 - Warm
PROS-104793,Professional Services,South,1000+ employees,989000.0,36.6,27,No,65.3,Tier 2 - Warm
PROS-104794,Construction,South,1-9 employees,906000.0,38.599999999999994,36,Yes,43.2,Tier 2 - Warm
PROS-104795,Retail Trade,South,10-49 employees,746000.0,46.5,35,No,53.2,Tier 2 - Warm
PROS-104796,Transportation & Logistics,South,1-9 employees,204000.0,26.7,30,No,33.6,Tier 2 - Warm
PROS-104797,Retail Trade,West,1-9 employees,976000.0,37.0,26,Yes,34.7,Tier 2 - Warm
PROS-104798,Construction,North,250-999 employees,407000.0,39.0,35,Yes,65.1,Tier 2 - Warm
PROS-104799,Transportation & Logistics,North,250-999 employees,247000.0,67.4,7,Yes,54.6,Tier 2 - Warm
PROS-104800,Technology,East,1-9 employees,2939000.0,51.3,38,No,50.0,Tier 2 - Warm
PROS-104801,Transportation & Logistics,West,1-9 employees,7934000.0,12.1,17,No,17.4,Tier 3 - Nurture
PROS-104802,Professional Services,South,10-49 employees,6180000.0,68.2,10,Yes,42.3,Tier 2 - Warm
PROS-104803,Hospitality,South,1-9 employees,1491000.0,56.6,22,Yes,39.5,Tier 2 - Warm
PROS-104804,Technology,West,10-49 employees,545000.0,76.6,35,Yes,65.5,Tier 2 - Warm
PROS-104805,Hospitality,South,10-49 employees,675000.0,19.3,5,Yes,18.4,Tier 3 - Nurture
PROS-104806,Healthcare,West,1-9 employees,1140000.0,10.3,7,No,8.8,Tier 3 - Nurture
PROS-104807,Wholesale Distribution,North,1-9 employees,459000.0,25.9,26,Yes,30.2,Tier 3 - Nurture
PROS-104808,Construction,North,1-9 employees,3112000.0,47.4,27,Yes,39.7,Tier 2 - Warm
PROS-104809,Wholesale Distribution,East,250-999 employees,78000.0,11.1,28,Yes,48.2,Tier 2 - Warm
PROS-104810,Professional Services,South,10-49 employees,527000.0,22.4,36,Yes,44.1,Tier 2 - Warm
PROS-104811,Professional Services,West,10-49 employees,749000.0,45.8,30,No,48.9,Tier 2 - Warm
PROS-104812,Transportation & Logistics,East,1-9 employees,288000.0,2.7,32,No,25.4,Tier 3 - Nurture
PROS-104813,Transportation & Logistics,South,50-249 employees,560000.0,33.7,5,No,31.8,Tier 3 - Nurture
PROS-104814,Hospitality,North,1-9 employees,1401000.0,49.6,14,Yes,30.4,Tier 3 - Nurture
PROS-104815,Professional Services,North,1-9 employees,3875000.0,43.3,28,No,38.8,Tier 2 - Warm
PROS-104816,Wholesale Distribution,West,50-249 employees,176000.0,22.2,32,Yes,48.4,Tier 2 - Warm
PROS-104817,Construction,South,50-249 employees,162000.0,48.6,15,Yes,45.7,Tier 2 - Warm
PROS-104818,Transportation & Logistics,East,1-9 employees,258000.0,5.4,23,No,19.4,Tier 3 - Nurture
PROS-104819,Education,Central,10-49 employees,134000.0,79.5,9,Yes,46.1,Tier 2 - Warm
PROS-104820,Transportation & Logistics,Central,1000+ employees,145000.0,21.5,34,Yes,64.7,Tier 2 - Warm
PROS-104821,Technology,South,1-9 employees,250000.0,9.1,21,Yes,19.3,Tier 3 - Nurture
PROS-104822,Education,North,1-9 employees,2833000.0,44.9,4,No,20.6,Tier 3 - Nurture
PROS-104823,Education,West,10-49 employees,517000.0,69.6,23,Yes,53.1,Tier 2 - Warm
PROS-104824,Healthcare,West,1-9 employees,755000.0,56.7,11,No,30.9,Tier 3 - Nurture
PROS-104825,Healthcare,South,10-49 employees,255000.0,30.3,18,Yes,33.1,Tier 2 - Warm
PROS-104826,Retail Trade,East,50-249 employees,1464000.0,36.75,14,Yes,40.1,Tier 2 - Warm
PROS-104827,Transportation & Logistics,North,10-49 employees,5742000.0,33.9,33,Yes,46.5,Tier 2 - Warm
PROS-104828,Education,West,10-49 employees,275000.0,79.2,34,No,65.7,Tier 2 - Warm
PROS-104829,Healthcare,West,10-49 employees,4863000.0,24.7,7,No,22.2,Tier 3 - Nurture
PROS-104830,Construction,South,50-249 employees,1089000.0,80.0,13,Yes,57.0,Tier 2 - Warm
PROS-104831,Retail Trade,East,1-9 employees,743000.0,47.7,16,No,31.2,Tier 3 - Nurture
PROS-104832,Construction,South,1-9 employees,1133000.0,88.7,34,Yes,62.1,Tier 2 - Warm
PROS-104833,Professional Services,North,50-249 employees,1121000.0,33.8,11,No,36.5,Tier 2 - Warm
PROS-104834,Education,North,1-9 employees,5625000.0,42.9,28,Yes,38.7,Tier 2 - Warm
PROS-104835,Transportation & Logistics,Central,1-9 employees,1293000.0,26.4,2,Yes,11.4,Tier 3 - Nurture
PROS-104836,Retail Trade,East,1-9 employees,1323000.0,35.8,38,No,43.7,Tier 2 - Warm
PROS-104837,Manufacturing,North,50-249 employees,459000.0,4.5,14,Yes,26.9,Tier 3 - Nurture
PROS-104838,Wholesale Distribution,North,1-9 employees,1836000.0,14.6,11,No,13.7,Tier 3 - Nurture
PROS-104839,Education,South,50-249 employees,255000.0,26.8,29,Yes,47.9,Tier 2 - Warm
PROS-104840,Hospitality,Central,50-249 employees,822000.0,28.6,24,Yes,44.7,Tier 2 - Warm
PROS-104841,Retail Trade,South,10-49 employees,17394000.0,47.0,21,Yes,42.3,Tier 2 - Warm
PROS-104842,Manufacturing,Central,1-9 employees,46000.0,38.2,37,Yes,43.9,Tier 2 - Warm
PROS-104843,Retail Trade,East,50-249 employees,943000.0,5.7,17,Yes,29.8,Tier 3 - Nurture
PROS-104844,Hospitality,West,1-9 employees,983000.0,22.5,22,Yes,25.6,Tier 3 - Nurture
PROS-104845,Hospitality,West,250-999 employees,568000.0,11.4,19,No,41.2,Tier 2 - Warm
PROS-104846,Wholesale Distribution,North,50-249 employees,582000.0,34.6,7,Yes,33.7,Tier 2 - Warm
PROS-104847,Manufacturing,North,1-9 employees,807000.0,12.7,13,Yes,14.5,Tier 3 - Nurture
PROS-104848,Retail Trade,Central,50-249 employees,553000.0,10.7,24,No,37.4,Tier 2 - Warm
PROS-104849,Education,Central,10-49 employees,931000.0,17.0,5,Yes,17.4,Tier 3 - Nurture
PROS-104850,Education,North,10-49 employees,427000.0,51.3,29,No,50.4,Tier 2 - Warm
PROS-104851,Hospitality,West,10-49 employees,6747000.0,61.5,24,Yes,50.6,Tier 2 - Warm
PROS-104852,Retail Trade,Central,10-49 employees,553000.0,36.7,26,No,42.1,Tier 2 - Warm
PROS-104853,Manufacturing,Central,50-249 employees,738500.0,76.6,32,No,70.6,Tier 1 - Priority
PROS-104854,Manufacturing,South,250-999 employees,349000.0,14.8,19,Yes,42.6,Tier 2 - Warm
PROS-104855,Technology,Central,1-9 employees,2036000.0,76.3,31,Yes,54.7,Tier 2 - Warm
PROS-104856,Wholesale Distribution,West,10-49 employees,1634000.0,37.15,30,Yes,45.4,Tier 2 - Warm
PROS-104857,Technology,Central,50-249 employees,1157000.0,19.8,10,Yes,30.0,Tier 3 - Nurture
PROS-104858,Professional Services,North,50-249 employees,236000.0,34.8,11,Yes,36.9,Tier 2 - Warm
PROS-104859,Hospitality,West,10-49 employees,749000.0,40.1,17,No,36.4,Tier 2 - Warm
PROS-104860,Manufacturing,North,10-49 employees,4661000.0,12.3,4,No,14.7,Tier 3 - Nurture
PROS-104861,Wholesale Distribution,South,50-249 employees,315000.0,33.5,22,Yes,45.1,Tier 2 - Warm
PROS-104862,Wholesale Distribution,North,1-9 employees,1476000.0,49.0,36,No,47.5,Tier 2 - Warm
PROS-104863,Hospitality,East,1-9 employees,258000.0,78.9,32,Yes,56.5,Tier 2 - Warm
PROS-104864,Wholesale Distribution,Central,10-49 employees,2212000.0,67.7,29,Yes,57.1,Tier 2 - Warm
PROS-104865,Transportation & Logistics,West,1-9 employees,343000.0,30.1,8,Yes,17.7,Tier 3 - Nurture
PROS-104866,Healthcare,South,1-9 employees,253000.0,39.1,32,Yes,40.3,Tier 2 - Warm
PROS-104867,Construction,East,1-9 employees,333000.0,66.3,6,Yes,30.9,Tier 3 - Nurture
PROS-104868,Education,South,50-249 employees,397000.0,47.8,17,Yes,47.0,Tier 2 - Warm
PROS-104869,Technology,West,1000+ employees,1138000.0,25.8,37,Yes,68.8,Tier 1 - Priority
PROS-104870,Retail Trade,South,10-49 employees,787000.0,35.4,30,No,44.7,Tier 2 - Warm
PROS-104871,Education,North,1-9 employees,219000.0,71.0,6,No,32.8,Tier 3 - Nurture
PROS-104872,Manufacturing,East,50-249 employees,738500.0,24.4,21,No,40.6,Tier 2 - Warm
PROS-104873,Transportation & Logistics,Central,1-9 employees,207000.0,68.2,39,Yes,57.7,Tier 2 - Warm
PROS-104874,Retail Trade,East,1000+ employees,1481000.0,51.1,18,No,64.1,Tier 2 - Warm
PROS-104875,Technology,South,10-49 employees,1811000.0,16.7,24,Yes,32.3,Tier 3 - Nurture
PROS-104876,Healthcare,North,1-9 employees,710000.0,33.1,15,Yes,24.4,Tier 3 - Nurture
PROS-104877,Healthcare,Central,10-49 employees,983000.0,67.3,20,Yes,49.8,Tier 2 - Warm
PROS-104878,Technology,West,1-9 employees,5012000.0,57.7,21,Yes,39.2,Tier 2 - Warm
PROS-104879,Hospitality,North,50-249 employees,613000.0,41.5,8,Yes,37.3,Tier 2 - Warm
PROS-104880,Construction,North,1-9 employees,258000.0,32.8,37,No,41.7,Tier 2 - Warm
PROS-104881,Education,North,250-999 employees,1379000.0,51.7,34,No,69.5,Tier 1 - Priority
PROS-104882,Healthcare,South,50-249 employees,210000.0,7.2,4,Yes,20.1,Tier 3 - Nurture
PROS-104883,Retail Trade,Central,250-999 employees,579000.0,67.9,7,No,54.8,Tier 2 - Warm
PROS-104884,Manufacturing,North,250-999 employees,377000.0,73.0,26,Yes,71.9,Tier 1 - Priority
PROS-104885,Professional Services,Central,1-9 employees,337000.0,34.9,16,Yes,25.9,Tier 3 - Nurture
PROS-104886,Technology,North,10-49 employees,554000.0,52.6,27,Yes,49.4,Tier 2 - Warm
PROS-104887,Transportation & Logistics,West,50-249 employees,1963000.0,18.8,2,Yes,23.3,Tier 3 - Nurture
PROS-104888,Construction,South,10-49 employees,2461000.0,60.5,30,Yes,55.0,Tier 2 - Warm
PROS-104889,Healthcare,Central,1-9 employees,2020000.0,16.2,1,Yes,6.5,Tier 3 - Nurture
PROS-104890,Wholesale Distribution,East,1-9 employees,1056000.0,46.7,8,Yes,24.4,Tier 3 - Nurture
PROS-104891,Transportation & Logistics,South,1-9 employees,549000.0,18.9,29,No,29.7,Tier 3 - Nurture
PROS-104892,Manufacturing,South,250-999 employees,55000.0,60.2,14,No,57.2,Tier 2 - Warm
PROS-104893,Manufacturing,Central,10-49 employees,1093000.0,67.3,9,No,41.1,Tier 2 - Warm
PROS-104894,Healthcare,East,50-249 employees,59000.0,25.0,35,Yes,51.9,Tier 2 - Warm
PROS-104895,Healthcare,South,1000+ employees,88000.0,59.0,24,Yes,72.1,Tier 1 - Priority
PROS-104896,Wholesale Distribution,West,1-9 employees,611000.0,23.9,12,No,18.3,Tier 3 - Nurture
PROS-104897,Transportation & Logistics,East,50-249 employees,976000.0,17.7,29,No,44.2,Tier 2 - Warm
PROS-104898,Hospitality,West,1-9 employees,444000.0,34.7,6,Yes,18.0,Tier 3 - Nurture
PROS-104899,Transportation & Logistics,East,1-9 employees,3949000.0,50.4,20,No,35.4,Tier 2 - Warm
PROS-104900,Construction,North,1-9 employees,1213000.0,30.6,8,No,17.9,Tier 3 - Nurture
PROS-104901,Technology,North,1-9 employees,554000.0,23.9,26,Yes,29.3,Tier 3 - Nurture
PROS-104902,Technology,North,10-49 employees,3352000.0,18.8,11,No,22.9,Tier 3 - Nurture
PROS-104903,Hospitality,East,10-49 employees,4080000.0,55.3,10,Yes,37.0,Tier 2 - Warm
PROS-104904,Retail Trade,East,1-9 employees,1282000.0,63.9,10,Yes,33.1,Tier 2 - Warm
PROS-104905,Technology,West,1-9 employees,311000.0,42.5,32,Yes,41.7,Tier 2 - Warm
PROS-104906,Professional Services,Central,50-249 employees,398000.0,27.5,34,No,52.1,Tier 2 - Warm
PROS-104907,Hospitality,North,1-9 employees,149000.0,30.8,9,Yes,18.7,Tier 3 - Nurture
PROS-104908,Hospitality,Central,50-249 employees,696000.0,24.2,7,Yes,29.5,Tier 3 - Nurture
PROS-104909,Technology,Central,250-999 employees,230000.0,34.6,24,Yes,54.6,Tier 2 - Warm
PROS-104910,Education,West,50-249 employees,508000.0,55.1,26,Yes,57.1,Tier 2 - Warm
PROS-104911,Transportation & Logistics,East,10-49 employees,972000.0,30.7,33,No,45.1,Tier 2 - Warm
PROS-104912,Manufacturing,North,50-249 employees,82000.0,34.8,33,Yes,54.3,Tier 2 - Warm
PROS-104913,Technology,North,50-249 employees,182000.0,26.6,31,Yes,49.4,Tier 2 - Warm
PROS-104914,Hospitality,North,250-999 employees,418000.0,5.3,2,No,25.3,Tier 3 - Nurture
PROS-104915,Retail Trade,West,1000+ employees,688000.0,27.2,2,No,41.7,Tier 2 - Warm
PROS-104916,Retail Trade,East,10-49 employees,424000.0,79.3,8,No,45.3,Tier 2 - Warm
PROS-104917,Professional Services,North,10-49 employees,542000.0,17.3,15,Yes,25.5,Tier 3 - Nurture
PROS-104918,Wholesale Distribution,North,50-249 employees,335000.0,41.2,29,Yes,53.8,Tier 2 - Warm
PROS-104919,Transportation & Logistics,North,1-9 employees,724000.0,25.7,34,No,36.4,Tier 2 - Warm
PROS-104920,Education,West,10-49 employees,405000.0,38.4,29,No,45.1,Tier 2 - Warm
PROS-104921,Wholesale Distribution,West,50-249 employees,738500.0,37.15,34,Yes,56.1,Tier 2 - Warm
PROS-104922,Transportation & Logistics,West,50-249 employees,518000.0,40.7,15,No,42.5,Tier 2 - Warm
PROS-104923,Technology,North,10-49 employees,825000.0,65.7,25,Yes,53.1,Tier 2 - Warm
PROS-104924,Construction,North,1-9 employees,1156000.0,20.3,6,No,12.1,Tier 3 - Nurture
PROS-104925,Manufacturing,North,1-9 employees,1544000.0,36.8,5,Yes,18.0,Tier 3 - Nurture
PROS-104926,Construction,West,10-49 employees,749000.0,41.0,33,Yes,49.4,Tier 2 - Warm
PROS-104927,Transportation & Logistics,West,250-999 employees,129000.0,16.8,16,Yes,41.0,Tier 2 - Warm
PROS-104928,Retail Trade,South,250-999 employees,2954000.0,37.15,29,Yes,59.6,Tier 2 - Warm
PROS-104929,Professional Services,North,10-49 employees,1115000.0,19.2,38,No,44.4,Tier 2 - Warm
PROS-104930,Manufacturing,South,1-9 employees,255000.0,37.7,23,No,32.6,Tier 3 - Nurture
PROS-104931,Hospitality,Central,50-249 employees,990000.0,12.2,5,Yes,23.0,Tier 3 - Nurture
PROS-104932,Wholesale Distribution,North,50-249 employees,2361000.0,71.8,26,No,63.9,Tier 2 - Warm
PROS-104933,Wholesale Distribution,West,10-49 employees,4887000.0,49.8,32,Yes,52.2,Tier 2 - Warm
PROS-104934,Construction,East,10-49 employees,749000.0,64.4,11,Yes,41.5,Tier 2 - Warm
PROS-104935,Transportation & Logistics,North,1-9 employees,2340000.0,62.3,17,Yes,37.9,Tier 2 - Warm
PROS-104936,Education,Central,50-249 employees,193000.0,22.5,25,Yes,43.0,Tier 2 - Warm
PROS-104937,Transportation & Logistics,East,10-49 employees,701000.0,53.8,30,Yes,52.2,Tier 2 - Warm
PROS-104938,Professional Services,West,10-49 employees,505000.0,39.1,8,No,28.8,Tier 3 - Nurture
PROS-104939,Construction,North,250-999 employees,1063000.0,41.2,3,No,40.7,Tier 2 - Warm
PROS-104940,Hospitality,South,50-249 employees,4292000.0,40.4,25,Yes,50.3,Tier 2 - Warm
PROS-104941,Healthcare,West,250-999 employees,960000.0,52.3,1,Yes,43.7,Tier 2 - Warm
PROS-104942,Wholesale Distribution,West,10-49 employees,260000.0,78.7,18,No,52.9,Tier 2 - Warm
PROS-104943,Wholesale Distribution,North,10-49 employees,182000.0,71.3,12,Yes,45.2,Tier 2 - Warm
PROS-104944,Manufacturing,West,250-999 employees,4459000.0,12.2,18,Yes,40.7,Tier 2 - Warm
PROS-104945,Hospitality,Central,1000+ employees,1284000.0,39.4,34,No,72.0,Tier 1 - Priority
PROS-104946,Construction,West,1000+ employees,1194000.0,59.0,37,No,82.4,Tier 1 - Priority
PROS-104947,Transportation & Logistics,South,50-249 employees,500000.0,38.150000000000006,27,No,51.0,Tier 2 - Warm
PROS-104948,Professional Services,Central,10-49 employees,979000.0,21.5,15,Yes,27.2,Tier 3 - Nurture
PROS-104949,Construction,West,1-9 employees,246000.0,57.7,24,Yes,41.6,Tier 2 - Warm
PROS-104950,Construction,North,10-49 employees,1117000.0,58.0,6,No,35.0,Tier 2 - Warm
PROS-104951,Manufacturing,North,250-999 employees,200000.0,66.5,39,Yes,79.5,Tier 1 - Priority
PROS-104952,Hospitality,Central,10-49 employees,491000.0,30.7,35,No,46.7,Tier 2 - Warm
PROS-104953,Retail Trade,South,50-249 employees,738500.0,72.8,14,Yes,54.8,Tier 2 - Warm
PROS-104954,Construction,North,250-999 employees,20000.0,34.3,1,No,36.4,Tier 2 - Warm
PROS-104955,Retail Trade,East,1000+ employees,498000.0,22.8,34,Yes,65.2,Tier 2 - Warm
PROS-104956,Retail Trade,East,250-999 employees,271000.0,88.4,2,Yes,59.2,Tier 2 - Warm
PROS-104957,Construction,East,10-49 employees,579000.0,39.1,5,No,26.5,Tier 3 - Nurture
PROS-104958,Education,West,10-49 employees,731000.0,38.7,1,No,23.1,Tier 3 - Nurture
PROS-104959,Education,Central,1000+ employees,5100000.0,21.2,7,Yes,43.2,Tier 2 - Warm
PROS-104960,Construction,West,1-9 employees,1020000.0,29.8,36,No,39.6,Tier 2 - Warm
PROS-104961,Transportation & Logistics,North,1-9 employees,724000.0,43.4,19,No,31.8,Tier 3 - Nurture
PROS-104962,Education,North,1000+ employees,1258000.0,30.0,7,No,46.8,Tier 2 - Warm
PROS-104963,Professional Services,North,50-249 employees,1903000.0,57.4,38,Yes,67.5,Tier 1 - Priority
PROS-104964,Education,South,10-49 employees,1202000.0,68.0,17,No,47.8,Tier 2 - Warm
PROS-104965,Retail Trade,South,1-9 employees,994000.0,74.9,28,No,51.8,Tier 2 - Warm
PROS-104966,Professional Services,Central,10-49 employees,1595000.0,54.2,22,No,46.1,Tier 2 - Warm
PROS-104967,Construction,South,250-999 employees,51000.0,28.6,5,No,37.2,Tier 2 - Warm
PROS-104968,Manufacturing,North,10-49 employees,7260000.0,36.8,28,Yes,43.7,Tier 2 - Warm
PROS-104969,Wholesale Distribution,Central,10-49 employees,4192000.0,36.4,38,No,51.4,Tier 2 - Warm
PROS-104970,Wholesale Distribution,South,10-49 employees,926000.0,75.9,39,No,68.3,Tier 1 - Priority
PROS-104971,Construction,Central,250-999 employees,154000.0,43.849999999999994,30,Yes,63.1,Tier 2 - Warm
PROS-104972,Wholesale Distribution,West,250-999 employees,2762000.0,18.0,27,No,50.2,Tier 2 - Warm
PROS-104973,Hospitality,Central,10-49 employees,340000.0,30.7,29,No,42.0,Tier 2 - Warm
PROS-104974,Wholesale Distribution,Central,10-49 employees,1312000.0,46.3,38,Yes,55.5,Tier 2 - Warm
PROS-104975,Wholesale Distribution,North,1-9 employees,178000.0,26.5,22,Yes,27.2,Tier 3 - Nurture
PROS-104976,Transportation & Logistics,West,10-49 employees,749000.0,23.1,36,Yes,44.4,Tier 2 - Warm
PROS-104977,Retail Trade,East,1-9 employees,149000.0,24.7,16,Yes,21.8,Tier 3 - Nurture
PROS-104978,Education,West,10-49 employees,787000.0,38.7,13,Yes,32.6,Tier 3 - Nurture
PROS-104979,Technology,West,10-49 employees,71000.0,30.4,5,No,22.9,Tier 3 - Nurture
PROS-104980,Education,East,1-9 employees,697000.0,54.6,19,No,36.4,Tier 2 - Warm
PROS-104981,Education,South,1-9 employees,457000.0,20.6,25,Yes,27.2,Tier 3 - Nurture
PROS-104982,Retail Trade,Central,1-9 employees,2548000.0,51.1,16,Yes,32.6,Tier 3 - Nurture
PROS-104983,Healthcare,West,1-9 employees,457000.0,36.5,5,No,17.9,Tier 3 - Nurture
PROS-104984,Retail Trade,Central,50-249 employees,2552000.0,52.7,18,No,49.8,Tier 2 - Warm
PROS-104985,Manufacturing,South,1-9 employees,236000.0,75.4,24,No,48.8,Tier 2 - Warm
PROS-104986,Education,Central,1-9 employees,535000.0,53.3,5,No,24.8,Tier 3 - Nurture
PROS-104987,Education,South,1000+ employees,547000.0,23.6,22,Yes,56.1,Tier 2 - Warm
PROS-104988,Education,East,1-9 employees,1258000.0,45.9,15,No,29.6,Tier 3 - Nurture
PROS-104989,Wholesale Distribution,Central,250-999 employees,1094000.0,34.3,24,No,54.5,Tier 2 - Warm
PROS-104990,Technology,South,10-49 employees,1614000.0,47.0,1,No,26.5,Tier 3 - Nurture
PROS-104991,Transportation & Logistics,South,50-249 employees,978000.0,15.7,33,No,46.5,Tier 2 - Warm
PROS-104992,Education,Central,10-49 employees,1510000.0,39.849999999999994,16,Yes,35.5,Tier 2 - Warm
PROS-104993,Transportation & Logistics,Central,1-9 employees,272000.0,70.9,17,Yes,41.4,Tier 2 - Warm
PROS-104994,Technology,South,50-249 employees,1119000.0,31.4,5,Yes,30.8,Tier 3 - Nurture
PROS-104995,Professional Services,South,50-249 employees,4278000.0,16.9,18,Yes,35.2,Tier 2 - Warm
PROS-104996,Hospitality,South,1-9 employees,115000.0,66.4,16,Yes,38.8,Tier 2 - Warm
PROS-104997,Wholesale Distribution,North,50-249 employees,1249000.0,30.4,3,No,28.8,Tier 3 - Nurture
PROS-104998,Technology,East,10-49 employees,1536000.0,28.9,23,Yes,36.5,Tier 2 - Warm
PROS-104999,Healthcare,South,250-999 employees,3639000.0,28.3,12,Yes,42.6,Tier 2 - Warm
PROS-105000,Retail Trade,Central,50-249 employees,1621000.0,59.2,14,No,49.3,Tier 2 - Warm
PROS-105001,Manufacturing,North,1-9 employees,815000.0,22.9,4,Yes,11.6,Tier 3 - Nurture
PROS-105002,Technology,West,250-999 employees,1171000.0,22.9,25,Yes,50.6,Tier 2 - Warm
PROS-105003,Technology,East,1000+ employees,325000.0,10.6,6,No,38.1,Tier 2 - Warm
PROS-105004,Hospitality,West,50-249 employees,476000.0,51.2,24,Yes,53.9,Tier 2 - Warm
PROS-105005,Education,North,1-9 employees,168000.0,34.5,17,Yes,26.6,Tier 3 - Nurture
PROS-105006,Healthcare,East,50-249 employees,3744000.0,36.9,30,Yes,52.8,Tier 2 - Warm
PROS-105007,Wholesale Distribution,West,10-49 employees,1197000.0,27.3,16,Yes,30.3,Tier 3 - Nurture
PROS-105008,Hospitality,South,1-9 employees,266000.0,31.1,26,Yes,32.3,Tier 3 - Nurture
PROS-105009,Professional Services,Central,250-999 employees,983000.0,22.9,37,Yes,60.1,Tier 2 - Warm
PROS-105010,Wholesale Distribution,East,10-49 employees,2611000.0,39.05,11,No,31.2,Tier 3 - Nurture
PROS-105011,Manufacturing,South,250-999 employees,2174000.0,36.5,5,Yes,40.4,Tier 2 - Warm
PROS-105012,Transportation & Logistics,North,50-249 employees,263000.0,16.2,24,Yes,39.6,Tier 2 - Warm
PROS-105013,Education,North,1-9 employees,23000.0,77.4,6,Yes,35.4,Tier 2 - Warm
PROS-105014,Technology,East,1000+ employees,1127000.0,49.1,9,No,56.2,Tier 2 - Warm
PROS-105015,Education,East,10-49 employees,275000.0,57.9,30,Yes,53.9,Tier 2 - Warm
PROS-105016,Manufacturing,Central,10-49 employees,1446000.0,46.8,27,No,47.0,Tier 2 - Warm
PROS-105017,Transportation & Logistics,West,10-49 employees,2075000.0,15.9,1,No,13.8,Tier 3 - Nurture
PROS-105018,Hospitality,North,1-9 employees,2483000.0,41.5,23,Yes,34.2,Tier 2 - Warm
PROS-105019,Technology,East,50-249 employees,4971000.0,4.5,26,No,36.4,Tier 2 - Warm
PROS-105020,Wholesale Distribution,East,10-49 employees,2842000.0,28.8,13,Yes,28.6,Tier 3 - Nurture
PROS-105021,Healthcare,North,250-999 employees,4998000.0,56.5,30,No,68.3,Tier 1 - Priority
PROS-105022,Technology,West,1000+ employees,705500.0,77.7,29,No,83.7,Tier 1 - Priority
PROS-105023,Healthcare,East,50-249 employees,3660000.0,17.3,25,No,40.9,Tier 2 - Warm
PROS-105024,Wholesale Distribution,North,1-9 employees,724000.0,21.2,10,Yes,15.6,Tier 3 - Nurture
PROS-105025,Retail Trade,East,50-249 employees,177000.0,31.4,12,Yes,36.4,Tier 2 - Warm
PROS-105026,Professional Services,West,1-9 employees,11190000.0,63.0,22,Yes,42.2,Tier 2 - Warm
PROS-105027,Manufacturing,South,50-249 employees,782000.0,42.8,5,Yes,35.5,Tier 2 - Warm
PROS-105028,Hospitality,South,10-49 employees,2818000.0,19.9,17,No,28.1,Tier 3 - Nurture
PROS-105029,Professional Services,North,250-999 employees,398000.0,13.4,39,Yes,57.8,Tier 2 - Warm
PROS-105030,Construction,South,10-49 employees,2106000.0,12.1,26,Yes,32.0,Tier 3 - Nurture
PROS-105031,Wholesale Distribution,Central,1-9 employees,50000.0,16.8,34,Yes,32.8,Tier 3 - Nurture
PROS-105032,Construction,West,1000+ employees,464000.0,6.7,13,No,42.0,Tier 2 - Warm
PROS-105033,Retail Trade,North,10-49 employees,655000.0,38.5,29,Yes,45.2,Tier 2 - Warm
PROS-105034,Manufacturing,East,250-999 employees,1213000.0,47.0,29,No,63.6,Tier 2 - Warm
PROS-105035,Professional Services,North,250-999 employees,2372000.0,39.3,8,No,43.9,Tier 2 - Warm
PROS-105036,Education,East,10-49 employees,219000.0,66.8,9,Yes,40.9,Tier 2 - Warm
PROS-105037,Transportation & Logistics,North,10-49 employees,1508000.0,56.7,17,Yes,43.1,Tier 2 - Warm
PROS-105038,Education,West,10-49 employees,2812000.0,74.6,25,No,56.8,Tier 2 - Warm
PROS-105039,Professional Services,East,50-249 employees,9631000.0,12.8,28,No,41.4,Tier 2 - Warm
PROS-105040,Construction,West,1000+ employees,1587000.0,1.2,39,Yes,60.3,Tier 2 - Warm
PROS-105041,Retail Trade,East,1-9 employees,440000.0,33.0,4,Yes,15.7,Tier 3 - Nurture
PROS-105042,Construction,South,50-249 employees,180000.0,30.6,25,Yes,46.3,Tier 2 - Warm
PROS-105043,Transportation & Logistics,South,1-9 employees,5455000.0,5.2,38,No,31.2,Tier 3 - Nurture
PROS-105044,Wholesale Distribution,South,10-49 employees,1641000.0,21.0,7,Yes,20.7,Tier 3 - Nurture
PROS-105045,Construction,East,50-249 employees,712000.0,84.8,38,No,78.7,Tier 1 - Priority
PROS-105046,Hospitality,East,250-999 employees,123000.0,66.1,33,Yes,74.6,Tier 1 - Priority
PROS-105047,Technology,West,10-49 employees,262000.0,25.8,6,Yes,21.8,Tier 3 - Nurture
PROS-105048,Professional Services,North,10-49 employees,1461000.0,74.5,9,Yes,44.1,Tier 2 - Warm
PROS-105049,Education,South,1-9 employees,1076000.0,33.1,8,Yes,18.9,Tier 3 - Nurture
PROS-105050,Healthcare,Central,1-9 employees,86000.0,54.3,4,No,24.4,Tier 3 - Nurture
PROS-105051,Retail Trade,Central,10-49 employees,1463000.0,65.4,15,Yes,45.1,Tier 2 - Warm
PROS-105052,Education,Central,250-999 employees,130000.0,11.1,18,No,40.3,Tier 2 - Warm
PROS-105053,Education,South,10-49 employees,749000.0,72.2,18,Yes,50.3,Tier 2 - Warm
PROS-105054,Manufacturing,North,1-9 employees,918000.0,33.9,33,Yes,39.0,Tier 2 - Warm
PROS-105055,Education,North,50-249 employees,438000.0,28.3,18,Yes,39.8,Tier 2 - Warm
PROS-105056,Education,North,1-9 employees,2168000.0,65.0,8,Yes,31.9,Tier 3 - Nurture
PROS-105057,Wholesale Distribution,Central,1-9 employees,1076000.0,54.0,27,No,42.4,Tier 2 - Warm
PROS-105058,Professional Services,Central,250-999 employees,3133000.0,37.4,25,Yes,56.6,Tier 2 - Warm
PROS-105059,Technology,Central,1-9 employees,797000.0,60.3,19,Yes,38.7,Tier 2 - Warm
PROS-105060,Transportation & Logistics,West,10-49 employees,850000.0,23.4,26,Yes,36.6,Tier 2 - Warm
PROS-105061,Technology,South,10-49 employees,533000.0,48.7,8,No,32.8,Tier 3 - Nurture
PROS-105062,Technology,East,1-9 employees,974000.0,19.2,31,Yes,31.4,Tier 3 - Nurture
PROS-105063,Technology,Central,1-9 employees,724000.0,46.4,11,No,26.7,Tier 3 - Nurture
PROS-105064,Transportation & Logistics,Central,1-9 employees,420000.0,37.8,2,No,16.1,Tier 3 - Nurture
PROS-105065,Technology,East,1-9 employees,1488000.0,53.4,17,No,34.3,Tier 2 - Warm
PROS-105066,Transportation & Logistics,Central,250-999 employees,277000.0,26.9,10,Yes,40.4,Tier 2 - Warm
PROS-105067,Manufacturing,South,10-49 employees,75000.0,14.4,21,Yes,29.0,Tier 3 - Nurture
PROS-105068,Manufacturing,East,10-49 employees,916000.0,35.0,19,No,35.8,Tier 2 - Warm
PROS-105069,Education,Central,10-49 employees,1096000.0,26.7,36,Yes,45.9,Tier 2 - Warm
PROS-105070,Education,South,1000+ employees,646000.0,39.4,17,No,58.6,Tier 2 - Warm
PROS-105071,Transportation & Logistics,West,1-9 employees,141000.0,36.400000000000006,4,No,17.1,Tier 3 - Nurture
PROS-105072,Retail Trade,East,250-999 employees,1019000.0,26.0,21,No,48.7,Tier 2 - Warm
PROS-105073,Hospitality,South,1-9 employees,978000.0,49.3,32,Yes,44.5,Tier 2 - Warm
PROS-105074,Retail Trade,South,1000+ employees,274000.0,44.4,11,No,55.9,Tier 2 - Warm
PROS-105075,Construction,West,1-9 employees,165000.0,11.5,13,Yes,14.0,Tier 3 - Nurture
PROS-105076,Construction,East,1-9 employees,553000.0,38.7,8,No,21.2,Tier 3 - Nurture
PROS-105077,Manufacturing,South,10-49 employees,1496000.0,34.8,29,No,43.7,Tier 2 - Warm
PROS-105078,Wholesale Distribution,West,1-9 employees,1154000.0,6.3,7,Yes,7.1,Tier 3 - Nurture
PROS-105079,Transportation & Logistics,North,50-249 employees,277000.0,49.4,11,Yes,42.9,Tier 2 - Warm
PROS-105080,Construction,North,50-249 employees,848000.0,6.3,4,Yes,19.8,Tier 3 - Nurture
PROS-105081,Transportation & Logistics,Central,50-249 employees,1935000.0,30.3,16,Yes,39.1,Tier 2 - Warm
PROS-105082,Manufacturing,West,1-9 employees,201000.0,25.5,34,Yes,36.3,Tier 2 - Warm
PROS-105083,Healthcare,East,50-249 employees,782000.0,29.0,18,Yes,40.1,Tier 2 - Warm
PROS-105084,Transportation & Logistics,North,1-9 employees,3184000.0,86.5,5,Yes,38.3,Tier 2 - Warm
PROS-105085,Construction,East,1000+ employees,179000.0,31.8,30,Yes,65.7,Tier 2 - Warm
PROS-105086,Wholesale Distribution,East,50-249 employees,2600000.0,40.6,14,Yes,41.7,Tier 2 - Warm
PROS-105087,Professional Services,East,10-49 employees,4330000.0,24.9,7,No,22.2,Tier 3 - Nurture
PROS-105088,Retail Trade,North,250-999 employees,571000.0,52.2,1,Yes,43.7,Tier 2 - Warm
PROS-105089,Transportation & Logistics,East,10-49 employees,500000.0,29.0,14,No,29.4,Tier 3 - Nurture
PROS-105090,Wholesale Distribution,East,10-49 employees,2273000.0,92.0,7,No,49.7,Tier 2 - Warm
PROS-105091,Construction,South,1-9 employees,594000.0,37.9,21,No,31.1,Tier 3 - Nurture
PROS-105092,Manufacturing,North,50-249 employees,55000.0,34.6,17,Yes,41.6,Tier 2 - Warm
PROS-105093,Education,Central,10-49 employees,654000.0,87.6,26,Yes,62.9,Tier 2 - Warm
PROS-105094,Healthcare,West,1-9 employees,1224000.0,13.8,11,Yes,13.4,Tier 3 - Nurture
PROS-105095,Retail Trade,West,50-249 employees,1646000.0,41.4,3,Yes,33.3,Tier 2 - Warm
PROS-105096,Technology,West,1-9 employees,277000.0,10.2,5,Yes,7.2,Tier 3 - Nurture
PROS-105097,Construction,West,50-249 employees,542000.0,61.1,4,Yes,42.2,Tier 2 - Warm
PROS-105098,Education,North,1-9 employees,2136000.0,37.3,11,No,23.0,Tier 3 - Nurture
PROS-105099,Professional Services,East,10-49 employees,683000.0,47.0,29,Yes,48.6,Tier 2 - Warm
PROS-105100,Transportation & Logistics,Central,250-999 employees,136000.0,44.0,22,Yes,56.9,Tier 2 - Warm
PROS-105101,Transportation & Logistics,South,1-9 employees,2846000.0,50.0,15,Yes,31.3,Tier 3 - Nurture
PROS-105102,Professional Services,Central,50-249 employees,576000.0,32.2,10,Yes,35.1,Tier 2 - Warm
PROS-105103,Healthcare,North,10-49 employees,2423000.0,9.7,7,Yes,16.0,Tier 3 - Nurture
PROS-105104,Retail Trade,South,250-999 employees,157000.0,13.7,6,Yes,31.9,Tier 3 - Nurture
PROS-105105,Technology,South,1-9 employees,639000.0,51.3,11,No,28.7,Tier 3 - Nurture
PROS-105106,Hospitality,West,50-249 employees,1278000.0,27.8,20,No,41.2,Tier 2 - Warm
PROS-105107,Education,North,10-49 employees,663000.0,66.9,24,No,52.8,Tier 2 - Warm
PROS-105108,Construction,South,10-49 employees,199000.0,41.5,37,No,52.7,Tier 2 - Warm
PROS-105109,Professional Services,West,10-49 employees,53000.0,37.6,38,No,51.9,Tier 2 - Warm
PROS-105110,Transportation & Logistics,South,10-49 employees,3897000.0,60.2,11,Yes,39.8,Tier 2 - Warm
PROS-105111,Technology,Central,10-49 employees,958000.0,56.4,29,No,52.5,Tier 2 - Warm
PROS-105112,Education,Central,1-9 employees,2633000.0,39.7,6,Yes,20.0,Tier 3 - Nurture
PROS-105113,Manufacturing,South,10-49 employees,2026000.0,41.9,32,No,48.9,Tier 2 - Warm
PROS-105114,Professional Services,East,50-249 employees,1406000.0,11.1,37,Yes,47.8,Tier 2 - Warm
PROS-105115,Professional Services,South,10-49 employees,512000.0,55.9,24,Yes,48.3,Tier 2 - Warm
PROS-105116,Professional Services,South,1-9 employees,1250000.0,57.3,22,Yes,39.8,Tier 2 - Warm
PROS-105117,Healthcare,West,10-49 employees,3526000.0,42.5,15,Yes,35.8,Tier 2 - Warm
PROS-105118,Wholesale Distribution,South,10-49 employees,799000.0,61.2,35,No,59.2,Tier 2 - Warm
PROS-105119,Manufacturing,North,50-249 employees,5908000.0,64.0,38,No,70.2,Tier 1 - Priority
PROS-105120,Wholesale Distribution,South,250-999 employees,140000.0,57.0,28,No,66.9,Tier 1 - Priority
PROS-105121,Technology,Central,10-49 employees,125000.0,36.8,4,No,24.7,Tier 3 - Nurture
PROS-105122,Technology,South,50-249 employees,738500.0,47.7,35,No,61.2,Tier 2 - Warm
PROS-105123,Technology,South,1-9 employees,296000.0,34.1,32,No,38.2,Tier 2 - Warm
PROS-105124,Retail Trade,West,1000+ employees,6904000.0,26.6,15,No,51.8,Tier 2 - Warm
PROS-105125,Hospitality,North,1-9 employees,3176000.0,43.4,11,No,25.5,Tier 3 - Nurture
PROS-105126,Professional Services,South,10-49 employees,4182000.0,71.0,30,Yes,59.2,Tier 2 - Warm
PROS-105127,Transportation & Logistics,North,1-9 employees,1930000.0,51.2,24,No,38.9,Tier 2 - Warm
PROS-105128,Technology,Central,1-9 employees,265000.0,22.1,30,Yes,31.8,Tier 3 - Nurture
PROS-105129,Technology,Central,50-249 employees,118000.0,19.7,39,Yes,52.9,Tier 2 - Warm
PROS-105130,Construction,West,1-9 employees,3778000.0,34.2,15,Yes,24.9,Tier 3 - Nurture
PROS-105131,Construction,South,1-9 employees,140000.0,30.7,33,No,37.6,Tier 2 - Warm
PROS-105132,Healthcare,West,1-9 employees,4170000.0,61.6,19,No,39.2,Tier 2 - Warm
PROS-105133,Manufacturing,West,1000+ employees,1524000.0,2.9,34,Yes,57.1,Tier 2 - Warm
PROS-105134,Hospitality,Central,50-249 employees,671000.0,20.2,10,Yes,30.2,Tier 3 - Nurture
PROS-105135,Manufacturing,North,250-999 employees,1186000.0,17.1,33,No,54.6,Tier 2 - Warm
PROS-105136,Healthcare,West,250-999 employees,1217000.0,35.0,28,No,58.0,Tier 2 - Warm
PROS-105137,Technology,North,250-999 employees,584000.0,56.9,18,Yes,59.0,Tier 2 - Warm
PROS-105138,Manufacturing,East,10-49 employees,3500000.0,33.3,36,No,48.6,Tier 2 - Warm
PROS-105139,Education,Central,1-9 employees,3370000.0,39.849999999999994,16,No,28.0,Tier 3 - Nurture
PROS-105140,Construction,North,1-9 employees,866000.0,63.6,29,Yes,47.9,Tier 2 - Warm
PROS-105141,Manufacturing,North,1-9 employees,377000.0,33.2,21,Yes,29.2,Tier 3 - Nurture
PROS-105142,Technology,Central,50-249 employees,738500.0,46.1,6,Yes,37.6,Tier 2 - Warm
PROS-105143,Transportation & Logistics,North,1-9 employees,79000.0,20.1,12,No,16.7,Tier 3 - Nurture
PROS-105144,Technology,West,1-9 employees,1189000.0,21.4,32,No,33.1,Tier 2 - Warm
PROS-105145,Hospitality,East,50-249 employees,1645000.0,82.6,19,No,62.8,Tier 2 - Warm
PROS-105146,Healthcare,South,1-9 employees,293000.0,63.5,34,No,51.8,Tier 2 - Warm
PROS-105147,Wholesale Distribution,Central,1-9 employees,2129000.0,63.3,5,Yes,28.9,Tier 3 - Nurture
PROS-105148,Construction,Central,1-9 employees,709000.0,3.8,30,Yes,24.3,Tier 3 - Nurture
PROS-105149,Transportation & Logistics,South,50-249 employees,400000.0,24.7,35,No,51.8,Tier 2 - Warm
PROS-105150,Retail Trade,North,1-9 employees,2104000.0,29.8,39,Yes,42.0,Tier 2 - Warm
PROS-105151,Technology,North,1-9 employees,221000.0,48.8,29,No,41.9,Tier 2 - Warm
PROS-105152,Professional Services,North,1-9 employees,1898000.0,46.1,19,No,32.9,Tier 3 - Nurture
PROS-105153,Technology,Central,50-249 employees,82000.0,39.7,3,Yes,32.6,Tier 3 - Nurture
PROS-105154,Wholesale Distribution,East,1-9 employees,999000.0,49.7,9,Yes,26.5,Tier 3 - Nurture
PROS-105155,Wholesale Distribution,West,1-9 employees,765000.0,37.5,26,No,34.9,Tier 2 - Warm
PROS-105156,Education,South,250-999 employees,403000.0,35.5,35,Yes,63.7,Tier 2 - Warm
PROS-105157,Retail Trade,Central,250-999 employees,1120000.0,26.0,30,Yes,55.9,Tier 2 - Warm
PROS-105158,Retail Trade,West,1-9 employees,668000.0,94.5,24,No,56.6,Tier 2 - Warm
PROS-105159,Education,West,1-9 employees,2327000.0,66.5,34,Yes,53.1,Tier 2 - Warm
PROS-105160,Construction,East,1-9 employees,1351000.0,34.45,13,Yes,23.4,Tier 3 - Nurture
PROS-105161,Manufacturing,West,50-249 employees,1200000.0,44.3,13,No,42.4,Tier 2 - Warm
PROS-105162,Professional Services,East,1-9 employees,1006000.0,44.8,4,Yes,20.5,Tier 3 - Nurture
PROS-105163,Wholesale Distribution,South,250-999 employees,434000.0,27.2,25,Yes,52.4,Tier 2 - Warm
PROS-105164,Construction,East,50-249 employees,523000.0,32.0,8,No,33.4,Tier 2 - Warm
PROS-105165,Manufacturing,South,10-49 employees,958000.0,62.7,11,Yes,40.8,Tier 2 - Warm
PROS-105166,Hospitality,Central,1-9 employees,724000.0,45.4,4,Yes,20.8,Tier 3 - Nurture
PROS-105167,Retail Trade,West,250-999 employees,2477000.0,40.7,34,No,65.0,Tier 2 - Warm
PROS-105168,Construction,West,50-249 employees,808000.0,87.3,9,No,56.8,Tier 2 - Warm
PROS-105169,Manufacturing,West,50-249 employees,1103000.0,45.1,35,Yes,60.1,Tier 2 - Warm
PROS-105170,Technology,East,1-9 employees,156000.0,32.3,10,No,20.1,Tier 3 - Nurture
PROS-105171,Healthcare,Central,50-249 employees,2059000.0,5.8,3,Yes,18.8,Tier 3 - Nurture
PROS-105172,Wholesale Distribution,South,50-249 employees,385000.0,38.5,39,No,60.6,Tier 2 - Warm
PROS-105173,Construction,East,1000+ employees,232000.0,34.45,12,No,52.6,Tier 2 - Warm
PROS-105174,Professional Services,North,10-49 employees,4461000.0,9.3,29,No,33.2,Tier 2 - Warm
PROS-105175,Retail Trade,South,10-49 employees,1571000.0,19.7,5,Yes,18.5,Tier 3 - Nurture
PROS-105176,Professional Services,East,10-49 employees,2137000.0,42.2,8,Yes,30.1,Tier 3 - Nurture
PROS-105177,Healthcare,East,50-249 employees,1203000.0,33.3,16,Yes,40.3,Tier 2 - Warm
PROS-105178,Manufacturing,Central,250-999 employees,658000.0,70.2,30,No,73.9,Tier 1 - Priority
PROS-105179,Healthcare,West,10-49 employees,536000.0,3.3,1,No,8.7,Tier 3 - Nurture
PROS-105180,Wholesale Distribution,East,1-9 employees,1719000.0,24.0,25,Yes,28.6,Tier 3 - Nurture
PROS-105181,Hospitality,East,1-9 employees,2535000.0,55.8,31,Yes,46.3,Tier 2 - Warm
PROS-105182,Technology,West,10-49 employees,677000.0,10.1,4,Yes,13.8,Tier 3 - Nurture
PROS-105183,Wholesale Distribution,West,250-999 employees,7130000.0,62.1,17,Yes,60.3,Tier 2 - Warm
PROS-105184,Hospitality,South,1-9 employees,587000.0,49.3,37,No,48.4,Tier 2 - Warm
PROS-105185,Technology,East,10-49 employees,157000.0,36.6,21,No,38.1,Tier 2 - Warm
PROS-105186,Wholesale Distribution,East,250-999 employees,110000.0,38.4,30,No,60.9,Tier 2 - Warm
PROS-105187,Retail Trade,North,10-49 employees,114000.0,38.2,29,No,45.0,Tier 2 - Warm
PROS-105188,Wholesale Distribution,Central,1-9 employees,463000.0,47.2,17,No,31.8,Tier 3 - Nurture
PROS-105189,Professional Services,East,10-49 employees,749000.0,75.3,28,Yes,59.4,Tier 2 - Warm
PROS-105190,Hospitality,South,10-49 employees,1546000.0,69.4,37,No,64.1,Tier 2 - Warm
PROS-105191,Education,West,1-9 employees,707000.0,36.7,13,Yes,24.3,Tier 3 - Nurture
PROS-105192,Healthcare,West,50-249 employees,1844000.0,34.2,2,Yes,29.6,Tier 3 - Nurture
PROS-105193,Manufacturing,Central,10-49 employees,766000.0,57.0,31,No,54.3,Tier 2 - Warm
PROS-105194,Construction,North,10-49 employees,749000.0,20.4,13,Yes,25.1,Tier 3 - Nurture
PROS-105195,Healthcare,East,10-49 employees,386000.0,64.1,25,No,52.5,Tier 2 - Warm
PROS-105196,Education,North,1-9 employees,3488000.0,53.6,7,Yes,26.5,Tier 3 - Nurture
PROS-105197,Education,East,1-9 employees,135000.0,35.8,9,Yes,20.8,Tier 3 - Nurture
PROS-105198,Transportation & Logistics,East,1-9 employees,1016000.0,1.9,30,Yes,23.5,Tier 3 - Nurture
PROS-105199,Education,East,1-9 employees,597000.0,38.0,2,Yes,16.2,Tier 3 - Nurture
PROS-105200,Healthcare,Central,50-249 employees,1724000.0,53.4,20,Yes,51.7,Tier 2 - Warm
PROS-105201,Healthcare,East,1-9 employees,713000.0,20.9,30,Yes,31.3,Tier 3 - Nurture
PROS-105202,Wholesale Distribution,East,50-249 employees,736000.0,49.6,19,Yes,49.3,Tier 2 - Warm
PROS-105203,Technology,North,1-9 employees,544000.0,69.6,7,Yes,33.0,Tier 3 - Nurture
PROS-105204,Transportation & Logistics,South,1-9 employees,3377000.0,38.1,25,Yes,34.4,Tier 2 - Warm
PROS-105205,Healthcare,Central,1-9 employees,731000.0,66.4,5,Yes,30.1,Tier 3 - Nurture
PROS-105206,Hospitality,East,10-49 employees,6367000.0,26.7,23,No,35.6,Tier 2 - Warm
PROS-105207,Hospitality,Central,10-49 employees,984000.0,22.2,17,No,29.0,Tier 3 - Nurture
PROS-105208,Healthcare,East,50-249 employees,747000.0,43.8,22,Yes,49.3,Tier 2 - Warm
PROS-105209,Manufacturing,East,1-9 employees,622000.0,33.6,36,No,41.2,Tier 2 - Warm
PROS-105210,Retail Trade,East,10-49 employees,1357000.0,36.4,35,No,49.1,Tier 2 - Warm
PROS-105211,Retail Trade,East,50-249 employees,382000.0,29.7,29,Yes,49.1,Tier 2 - Warm
PROS-105212,Healthcare,North,1-9 employees,856000.0,61.2,20,No,39.8,Tier 2 - Warm
PROS-105213,Technology,North,1-9 employees,736000.0,62.4,32,No,49.8,Tier 2 - Warm
PROS-105214,Wholesale Distribution,East,1-9 employees,1043000.0,35.7,4,Yes,16.8,Tier 3 - Nurture
PROS-105215,Professional Services,East,1-9 employees,1072000.0,37.7,11,Yes,23.1,Tier 3 - Nurture
PROS-105216,Hospitality,East,250-999 employees,1135000.0,16.6,19,No,43.3,Tier 2 - Warm
PROS-105217,Technology,East,10-49 employees,810000.0,72.0,33,Yes,62.0,Tier 2 - Warm
PROS-105218,Manufacturing,South,10-49 employees,4097000.0,15.4,16,Yes,25.5,Tier 3 - Nurture
PROS-105219,Construction,West,50-249 employees,1161000.0,74.2,17,Yes,57.8,Tier 2 - Warm
PROS-105220,Construction,West,10-49 employees,12821000.0,46.1,38,Yes,55.4,Tier 2 - Warm
PROS-105221,Wholesale Distribution,North,10-49 employees,771000.0,15.2,39,Yes,43.5,Tier 2 - Warm
PROS-105222,Education,East,1-9 employees,2094000.0,47.1,2,Yes,19.9,Tier 3 - Nurture
PROS-105223,Wholesale Distribution,West,10-49 employees,328000.0,28.6,23,No,36.4,Tier 2 - Warm
PROS-105224,Transportation & Logistics,West,1-9 employees,3405000.0,70.1,28,Yes,49.8,Tier 2 - Warm
PROS-105225,Healthcare,South,1-9 employees,336000.0,11.4,24,No,22.7,Tier 3 - Nurture
PROS-105226,Construction,Central,1-9 employees,1204000.0,68.9,38,No,57.2,Tier 2 - Warm
PROS-105227,Hospitality,West,50-249 employees,545000.0,48.1,36,Yes,62.1,Tier 2 - Warm
PROS-105228,Manufacturing,East,50-249 employees,1199000.0,34.150000000000006,10,No,35.9,Tier 2 - Warm
PROS-105229,Professional Services,West,50-249 employees,563000.0,8.3,37,No,46.6,Tier 2 - Warm
PROS-105230,Retail Trade,Central,1-9 employees,306000.0,32.2,17,Yes,25.6,Tier 3 - Nurture
PROS-105231,Healthcare,South,1000+ employees,541000.0,30.8,1,Yes,42.4,Tier 2 - Warm
PROS-105232,Professional Services,North,1-9 employees,3976000.0,63.6,15,Yes,36.9,Tier 2 - Warm
PROS-105233,Retail Trade,East,50-249 employees,1220000.0,6.8,10,No,24.7,Tier 3 - Nurture
PROS-105234,Construction,North,50-249 employees,177000.0,3.8,37,Yes,44.8,Tier 2 - Warm
PROS-105235,Wholesale Distribution,Central,10-49 employees,2434000.0,85.6,24,No,60.5,Tier 2 - Warm
PROS-105236,Transportation & Logistics,Central,10-49 employees,274000.0,49.2,13,No,36.9,Tier 2 - Warm
PROS-105237,Wholesale Distribution,West,50-249 employees,1652000.0,71.8,1,No,44.2,Tier 2 - Warm
PROS-105238,Education,Central,50-249 employees,1340000.0,39.849999999999994,15,No,42.2,Tier 2 - Warm
PROS-105239,Education,North,1-9 employees,1437000.0,17.7,13,Yes,16.5,Tier 3 - Nurture
PROS-105240,Construction,West,50-249 employees,5601000.0,42.4,18,Yes,45.6,Tier 2 - Warm
PROS-105241,Wholesale Distribution,East,1-9 employees,293000.0,69.2,8,Yes,33.6,Tier 2 - Warm
PROS-105242,Education,South,10-49 employees,1428000.0,66.2,21,Yes,50.2,Tier 2 - Warm
PROS-105243,Education,South,10-49 employees,2915000.0,11.1,21,No,27.7,Tier 3 - Nurture
PROS-105244,Construction,East,50-249 employees,359000.0,50.9,29,No,57.7,Tier 2 - Warm
PROS-105245,Professional Services,West,10-49 employees,321000.0,29.1,24,No,37.4,Tier 2 - Warm
PROS-105246,Transportation & Logistics,North,1-9 employees,532000.0,3.8,29,Yes,23.5,Tier 3 - Nurture
PROS-105247,Education,West,10-49 employees,1043000.0,47.4,8,Yes,32.2,Tier 3 - Nurture
PROS-105248,Education,Central,1-9 employees,155000.0,39.849999999999994,6,Yes,20.1,Tier 3 - Nurture
PROS-105249,Transportation & Logistics,North,10-49 employees,1338000.0,81.8,21,Yes,56.5,Tier 2 - Warm
PROS-105250,Retail Trade,Central,10-49 employees,155000.0,34.7,39,No,51.5,Tier 2 - Warm
PROS-105251,Healthcare,West,50-249 employees,3026000.0,47.2,16,No,46.0,Tier 2 - Warm
PROS-105252,Hospitality,South,1-9 employees,1284000.0,46.8,29,No,41.1,Tier 2 - Warm
PROS-105253,Transportation & Logistics,West,1-9 employees,5983000.0,13.4,39,No,35.3,Tier 2 - Warm
PROS-105254,Construction,West,10-49 employees,1522000.0,55.5,4,Yes,32.4,Tier 3 - Nurture
PROS-105255,Construction,West,1-9 employees,522000.0,64.1,3,Yes,27.6,Tier 3 - Nurture
PROS-105256,Manufacturing,North,1-9 employees,303000.0,54.0,26,No,41.6,Tier 2 - Warm
PROS-105257,Professional Services,North,10-49 employees,949000.0,14.1,33,Yes,38.4,Tier 2 - Warm
PROS-105258,Technology,West,10-49 employees,706000.0,51.1,27,Yes,48.7,Tier 2 - Warm
PROS-105259,Professional Services,South,1-9 employees,2689000.0,51.0,39,Yes,50.7,Tier 2 - Warm
PROS-105260,Education,South,10-49 employees,263000.0,33.6,2,No,21.9,Tier 3 - Nurture
PROS-105261,Manufacturing,East,250-999 employees,6736000.0,24.0,22,No,48.7,Tier 2 - Warm
PROS-105262,Transportation & Logistics,West,10-49 employees,2965000.0,73.6,28,Yes,58.7,Tier 2 - Warm
PROS-105263,Healthcare,North,1-9 employees,583000.0,22.4,27,No,29.5,Tier 3 - Nurture
PROS-105264,Wholesale Distribution,Central,1-9 employees,5270000.0,39.6,2,Yes,16.8,Tier 3 - Nurture
PROS-105265,Wholesale Distribution,East,1-9 employees,308000.0,39.05,5,Yes,18.9,Tier 3 - Nurture
PROS-105266,Transportation & Logistics,North,10-49 employees,915000.0,56.0,39,Yes,60.2,Tier 2 - Warm
PROS-105267,Technology,North,50-249 employees,179000.0,10.0,14,Yes,29.2,Tier 3 - Nurture
PROS-105268,Technology,Central,1-9 employees,5561000.0,50.9,8,No,26.2,Tier 3 - Nurture
PROS-105269,Transportation & Logistics,North,1-9 employees,119000.0,42.5,8,Yes,22.7,Tier 3 - Nurture
PROS-105270,Retail Trade,East,1-9 employees,150000.0,36.75,7,Yes,19.6,Tier 3 - Nurture
PROS-105271,Healthcare,West,1-9 employees,363000.0,9.8,23,No,21.2,Tier 3 - Nurture
PROS-105272,Professional Services,East,1000+ employees,3124000.0,27.9,20,Yes,56.2,Tier 2 - Warm
PROS-105273,Healthcare,South,1-9 employees,724000.0,19.2,37,No,36.1,Tier 2 - Warm
PROS-105274,Technology,North,1-9 employees,834000.0,33.9,19,Yes,27.9,Tier 3 - Nurture
PROS-105275,Professional Services,West,10-49 employees,2237000.0,34.3,2,Yes,22.1,Tier 3 - Nurture
PROS-105276,Professional Services,East,1-9 employees,642000.0,37.7,21,Yes,31.0,Tier 3 - Nurture
PROS-105277,Wholesale Distribution,North,1-9 employees,1161000.0,78.5,20,No,46.9,Tier 2 - Warm
PROS-105278,Construction,North,10-49 employees,4488000.0,28.7,13,Yes,28.5,Tier 3 - Nurture
PROS-105279,Retail Trade,East,1-9 employees,556000.0,51.3,29,Yes,42.9,Tier 2 - Warm
PROS-105280,Hospitality,North,1-9 employees,314000.0,55.4,37,Yes,50.9,Tier 2 - Warm
PROS-105281,Hospitality,South,10-49 employees,749000.0,36.4,17,No,34.8,Tier 2 - Warm
PROS-105282,Wholesale Distribution,North,10-49 employees,1647000.0,34.5,29,No,43.5,Tier 2 - Warm
PROS-105283,Hospitality,West,1-9 employees,824000.0,38.0,22,No,31.9,Tier 3 - Nurture
PROS-105284,Education,West,250-999 employees,2199000.0,70.7,29,No,73.3,Tier 1 - Priority
PROS-105285,Transportation & Logistics,West,1-9 employees,585000.0,35.8,18,Yes,27.9,Tier 3 - Nurture
PROS-105286,Professional Services,North,1000+ employees,839000.0,19.9,11,Yes,45.9,Tier 2 - Warm
PROS-105287,Wholesale Distribution,South,250-999 employees,1101000.0,40.7,24,Yes,57.1,Tier 2 - Warm
PROS-105288,Professional Services,South,10-49 employees,1001000.0,11.6,16,Yes,23.9,Tier 3 - Nurture
PROS-105289,Professional Services,West,1-9 employees,4302000.0,73.5,3,Yes,31.4,Tier 3 - Nurture
PROS-105290,Wholesale Distribution,Central,50-249 employees,1095000.0,36.1,29,No,51.7,Tier 2 - Warm
PROS-105291,Wholesale Distribution,South,10-49 employees,522000.0,28.6,22,Yes,35.6,Tier 2 - Warm
PROS-105292,Construction,West,1-9 employees,1304000.0,33.2,24,No,31.6,Tier 3 - Nurture
PROS-105293,Hospitality,East,10-49 employees,2213000.0,31.4,20,Yes,35.2,Tier 2 - Warm
PROS-105294,Education,Central,10-49 employees,1709000.0,7.0,35,No,37.0,Tier 2 - Warm
PROS-105295,Hospitality,North,250-999 employees,1608000.0,28.9,8,Yes,39.7,Tier 2 - Warm
PROS-105296,Manufacturing,Central,50-249 employees,140000.0,2.8,4,No,18.3,Tier 3 - Nurture
PROS-105297,Technology,East,250-999 employees,47000.0,34.9,21,No,52.4,Tier 2 - Warm
PROS-105298,Retail Trade,South,50-249 employees,2966000.0,27.9,34,Yes,52.3,Tier 2 - Warm
PROS-105299,Wholesale Distribution,North,10-49 employees,1182000.0,73.5,19,Yes,51.6,Tier 2 - Warm
PROS-105300,Manufacturing,Central,10-49 employees,712000.0,47.7,17,No,39.5,Tier 2 - Warm
PROS-105301,Education,Central,1000+ employees,1566000.0,25.0,24,No,58.2,Tier 2 - Warm
PROS-105302,Retail Trade,North,1000+ employees,6077000.0,43.1,14,No,57.7,Tier 2 - Warm
PROS-105303,Healthcare,East,50-249 employees,738500.0,6.9,22,Yes,34.2,Tier 2 - Warm
PROS-105304,Professional Services,West,50-249 employees,2102000.0,52.7,38,No,65.6,Tier 2 - Warm
PROS-105305,Wholesale Distribution,East,10-49 employees,275000.0,18.6,16,No,26.8,Tier 3 - Nurture
PROS-105306,Construction,North,1-9 employees,317000.0,65.9,19,Yes,41.0,Tier 2 - Warm
PROS-105307,Hospitality,South,250-999 employees,53000.0,68.3,31,No,73.9,Tier 1 - Priority
PROS-105308,Manufacturing,South,1-9 employees,1464000.0,13.1,27,Yes,25.7,Tier 3 - Nurture
PROS-105309,Healthcare,South,1-9 employees,2469000.0,27.7,14,Yes,21.4,Tier 3 - Nurture
PROS-105310,Education,Central,10-49 employees,2701000.0,90.6,21,Yes,60.1,Tier 2 - Warm
PROS-105311,Education,South,10-49 employees,1533000.0,26.5,19,No,32.4,Tier 3 - Nurture
PROS-105312,Professional Services,West,10-49 employees,616000.0,57.0,16,Yes,42.5,Tier 2 - Warm
PROS-105313,Construction,Central,1-9 employees,392000.0,51.9,17,Yes,33.7,Tier 2 - Warm
PROS-105314,Healthcare,West,1-9 employees,294000.0,54.9,1,No,22.3,Tier 3 - Nurture
PROS-105315,Transportation & Logistics,West,1-9 employees,609000.0,36.400000000000006,19,Yes,28.9,Tier 3 - Nurture
PROS-105316,Transportation & Logistics,North,1-9 employees,249000.0,67.7,13,Yes,37.0,Tier 2 - Warm
PROS-105317,Retail Trade,North,1-9 employees,5033000.0,57.8,32,No,47.9,Tier 2 - Warm
PROS-105318,Hospitality,West,50-249 employees,174000.0,9.9,25,No,37.8,Tier 2 - Warm
PROS-105319,Professional Services,West,1-9 employees,587000.0,20.8,28,Yes,29.7,Tier 3 - Nurture
PROS-105320,Construction,West,10-49 employees,87000.0,45.9,11,Yes,34.0,Tier 2 - Warm
PROS-105321,Wholesale Distribution,East,1-9 employees,1011000.0,22.0,2,Yes,9.6,Tier 3 - Nurture
PROS-105322,Technology,East,10-49 employees,728000.0,33.2,15,No,32.0,Tier 3 - Nurture
PROS-105323,Construction,North,250-999 employees,493000.0,65.8,20,Yes,64.2,Tier 2 - Warm
PROS-105324,Education,South,1-9 employees,261000.0,37.4,17,Yes,27.7,Tier 3 - Nurture
PROS-105325,Construction,East,1-9 employees,731000.0,20.3,5,No,11.3,Tier 3 - Nurture
PROS-105326,Transportation & Logistics,North,50-249 employees,401000.0,62.6,8,No,45.9,Tier 2 - Warm
PROS-105327,Professional Services,North,1-9 employees,627000.0,16.1,29,No,28.5,Tier 3 - Nurture
PROS-105328,Retail Trade,North,50-249 employees,6282000.0,27.6,36,No,53.7,Tier 2 - Warm
PROS-105329,Healthcare,South,1000+ employees,882000.0,1.5,39,No,60.4,Tier 2 - Warm
PROS-105330,Transportation & Logistics,Central,10-49 employees,1311000.0,52.3,20,Yes,43.7,Tier 2 - Warm
PROS-105331,Wholesale Distribution,West,1000+ employees,438000.0,57.4,25,Yes,72.2,Tier 1 - Priority
PROS-105332,Construction,Central,10-49 employees,308000.0,30.7,24,Yes,38.0,Tier 2 - Warm
PROS-105333,Wholesale Distribution,South,10-49 employees,711000.0,72.5,15,Yes,48.0,Tier 2 - Warm
PROS-105334,Technology,East,1-9 employees,11459000.0,52.8,13,No,30.9,Tier 3 - Nurture
PROS-105335,Manufacturing,Central,1-9 employees,532000.0,33.9,3,No,15.3,Tier 3 - Nurture
PROS-105336,Hospitality,South,1-9 employees,1086000.0,47.9,2,Yes,20.2,Tier 3 - Nurture
PROS-105337,Transportation & Logistics,West,10-49 employees,293000.0,36.400000000000006,13,Yes,31.7,Tier 3 - Nurture
PROS-105338,Construction,West,10-49 employees,35000.0,13.4,15,No,23.9,Tier 3 - Nurture
PROS-105339,Healthcare,Central,1-9 employees,306000.0,50.3,21,Yes,36.2,Tier 2 - Warm
PROS-105340,Construction,Central,10-49 employees,10007000.0,15.2,38,No,42.8,Tier 2 - Warm
PROS-105341,Technology,West,1-9 employees,1404000.0,43.8,35,No,44.6,Tier 2 - Warm
PROS-105342,Transportation & Logistics,East,1-9 employees,4435000.0,13.5,8,No,10.9,Tier 3 - Nurture
PROS-105343,Healthcare,Central,1-9 employees,498000.0,28.1,21,Yes,27.1,Tier 3 - Nurture
PROS-105344,Professional Services,West,50-249 employees,55000.0,87.8,22,No,67.3,Tier 1 - Priority
PROS-105345,Construction,South,10-49 employees,215000.0,54.6,39,No,59.6,Tier 2 - Warm
PROS-105346,Healthcare,West,50-249 employees,1129000.0,34.2,16,No,40.7,Tier 2 - Warm
PROS-105347,Healthcare,East,1-9 employees,947000.0,30.9,15,Yes,23.5,Tier 3 - Nurture
PROS-105348,Construction,South,10-49 employees,721000.0,29.2,30,No,42.2,Tier 2 - Warm
PROS-105349,Transportation & Logistics,East,1000+ employees,407000.0,50.0,1,No,50.3,Tier 2 - Warm
PROS-105350,Professional Services,West,1-9 employees,2051000.0,28.9,4,Yes,14.0,Tier 3 - Nurture
PROS-105351,Transportation & Logistics,Central,10-49 employees,420000.0,15.2,25,Yes,32.5,Tier 3 - Nurture
PROS-105352,Retail Trade,East,1-9 employees,1023000.0,23.5,13,Yes,18.9,Tier 3 - Nurture
PROS-105353,Healthcare,North,1-9 employees,904000.0,53.7,9,No,28.1,Tier 3 - Nurture
PROS-105354,Hospitality,Central,10-49 employees,486000.0,39.8,33,Yes,48.9,Tier 2 - Warm
PROS-105355,Wholesale Distribution,East,1-9 employees,277000.0,68.0,10,Yes,34.7,Tier 2 - Warm
PROS-105356,Technology,South,10-49 employees,456000.0,34.1,2,Yes,22.1,Tier 3 - Nurture
PROS-105357,Hospitality,West,250-999 employees,5729000.0,58.2,1,Yes,46.1,Tier 2 - Warm
PROS-105358,Manufacturing,South,1-9 employees,2480000.0,52.6,36,No,49.0,Tier 2 - Warm
PROS-105359,Construction,South,1-9 employees,2241000.0,64.8,21,Yes,42.1,Tier 2 - Warm
PROS-105360,Technology,Central,50-249 employees,307000.0,52.7,1,Yes,36.4,Tier 2 - Warm
PROS-105361,Wholesale Distribution,Central,10-49 employees,150000.0,26.3,10,Yes,25.2,Tier 3 - Nurture
PROS-105362,Transportation & Logistics,East,250-999 employees,2437000.0,67.0,13,Yes,59.2,Tier 2 - Warm
PROS-105363,Wholesale Distribution,South,1-9 employees,1973000.0,26.3,39,No,40.6,Tier 2 - Warm
PROS-105364,Professional Services,Central,10-49 employees,848000.0,38.1,22,No,39.5,Tier 2 - Warm
PROS-105365,Retail Trade,North,250-999 employees,485000.0,27.1,33,Yes,58.7,Tier 2 - Warm
PROS-105366,Manufacturing,West,1-9 employees,146000.0,76.1,18,Yes,44.4,Tier 2 - Warm
PROS-105367,Transportation & Logistics,East,50-249 employees,1894000.0,31.1,29,Yes,49.6,Tier 2 - Warm
PROS-105368,Technology,Central,10-49 employees,2689000.0,57.4,2,Yes,31.6,Tier 3 - Nurture
PROS-105369,Professional Services,East,50-249 employees,346000.0,75.4,14,Yes,55.9,Tier 2 - Warm
PROS-105370,Hospitality,Central,1-9 employees,315000.0,23.0,18,No,22.7,Tier 3 - Nurture
PROS-105371,Hospitality,North,10-49 employees,2857000.0,51.7,3,Yes,30.0,Tier 3 - Nurture
PROS-105372,Construction,West,1-9 employees,360000.0,77.9,11,Yes,39.6,Tier 2 - Warm
PROS-105373,Professional Services,North,1000+ employees,5163000.0,44.8,27,No,68.7,Tier 1 - Priority
PROS-105374,Hospitality,West,1-9 employees,647000.0,75.2,27,No,51.1,Tier 2 - Warm
PROS-105375,Technology,North,1-9 employees,477000.0,33.9,1,Yes,13.7,Tier 3 - Nurture
PROS-105376,Retail Trade,Central,250-999 employees,767000.0,48.6,11,No,50.1,Tier 2 - Warm
PROS-105377,Professional Services,West,1-9 employees,477000.0,51.3,18,No,34.2,Tier 2 - Warm
PROS-105378,Healthcare,North,10-49 employees,2518000.0,33.7,11,No,29.0,Tier 3 - Nurture
PROS-105379,Transportation & Logistics,Central,1-9 employees,1933000.0,58.9,3,Yes,25.5,Tier 3 - Nurture
PROS-105380,Retail Trade,South,10-49 employees,2414000.0,62.9,2,Yes,33.8,Tier 2 - Warm
PROS-105381,Education,East,1-9 employees,894000.0,7.6,22,No,19.5,Tier 3 - Nurture
PROS-105382,Construction,North,10-49 employees,442000.0,39.3,15,No,34.4,Tier 2 - Warm
PROS-105383,Construction,North,10-49 employees,722000.0,21.8,22,No,32.8,Tier 3 - Nurture
PROS-105384,Manufacturing,South,1-9 employees,457000.0,75.5,28,Yes,52.0,Tier 2 - Warm
PROS-105385,Wholesale Distribution,East,1-9 employees,3661000.0,73.8,21,No,45.8,Tier 2 - Warm
PROS-105386,Professional Services,East,1-9 employees,2197000.0,13.4,22,Yes,21.9,Tier 3 - Nurture
PROS-105387,Education,Central,50-249 employees,660000.0,8.2,28,Yes,39.5,Tier 2 - Warm
PROS-105388,Healthcare,North,1-9 employees,263000.0,13.4,8,Yes,10.8,Tier 3 - Nurture
PROS-105389,Wholesale Distribution,West,1-9 employees,3973000.0,31.8,9,No,19.1,Tier 3 - Nurture
PROS-105390,Retail Trade,North,1-9 employees,848000.0,38.2,29,Yes,37.5,Tier 2 - Warm
PROS-105391,Retail Trade,South,10-49 employees,632000.0,25.8,10,No,25.0,Tier 3 - Nurture
PROS-105392,Wholesale Distribution,North,50-249 employees,4011000.0,34.5,35,Yes,55.8,Tier 2 - Warm
PROS-105393,Wholesale Distribution,North,10-49 employees,416000.0,26.5,17,Yes,30.8,Tier 3 - Nurture
PROS-105394,Transportation & Logistics,East,250-999 employees,514000.0,16.5,4,No,31.4,Tier 3 - Nurture
PROS-105395,Manufacturing,Central,50-249 employees,566000.0,62.2,28,Yes,61.6,Tier 2 - Warm
PROS-105396,Education,West,50-249 employees,171000.0,29.9,17,Yes,39.7,Tier 2 - Warm
PROS-105397,Construction,Central,50-249 employees,1032000.0,51.2,5,No,38.9,Tier 2 - Warm
PROS-105398,Education,East,1-9 employees,315000.0,35.9,9,No,20.8,Tier 3 - Nurture
PROS-105399,Wholesale Distribution,North,1000+ employees,705500.0,46.4,35,No,75.6,Tier 1 - Priority
PROS-105400,Wholesale Distribution,South,50-249 employees,336000.0,6.6,18,Yes,31.0,Tier 3 - Nurture
PROS-105401,Technology,Central,10-49 employees,382000.0,72.0,10,No,43.9,Tier 2 - Warm
PROS-105402,Technology,North,1-9 employees,290000.0,19.7,22,No,24.5,Tier 3 - Nurture
PROS-105403,Transportation & Logistics,North,1-9 employees,957000.0,35.8,5,Yes,17.6,Tier 3 - Nurture
PROS-105404,Manufacturing,Central,10-49 employees,615000.0,33.7,16,Yes,32.9,Tier 3 - Nurture
PROS-105405,Construction,North,10-49 employees,769000.0,10.0,24,Yes,29.6,Tier 3 - Nurture
PROS-105406,Hospitality,Central,50-249 employees,9715000.0,49.8,38,Yes,64.4,Tier 2 - Warm
PROS-105407,Wholesale Distribution,West,10-49 employees,615000.0,42.3,11,Yes,32.5,Tier 3 - Nurture
PROS-105408,Transportation & Logistics,West,10-49 employees,1419000.0,50.7,33,Yes,53.3,Tier 2 - Warm
PROS-105409,Hospitality,East,1-9 employees,1608000.0,67.9,16,No,39.4,Tier 2 - Warm
PROS-105410,Manufacturing,North,1-9 employees,681000.0,3.3,35,No,28.0,Tier 3 - Nurture
PROS-105411,Healthcare,East,1-9 employees,986000.0,32.8,3,Yes,14.8,Tier 3 - Nurture
PROS-105412,Transportation & Logistics,Central,50-249 employees,738500.0,51.5,6,No,39.8,Tier 2 - Warm
PROS-105413,Wholesale Distribution,Central,10-49 employees,911000.0,10.0,19,No,25.6,Tier 3 - Nurture
PROS-105414,Construction,East,250-999 employees,383000.0,0.5,31,No,46.2,Tier 2 - Warm
PROS-105415,Professional Services,Central,50-249 employees,424000.0,77.7,12,No,55.3,Tier 2 - Warm
PROS-105416,Construction,West,50-249 employees,743000.0,84.1,5,Yes,52.4,Tier 2 - Warm
PROS-105417,Retail Trade,North,10-49 employees,749000.0,13.3,7,No,17.5,Tier 3 - Nurture
PROS-105418,Transportation & Logistics,West,50-249 employees,3782000.0,42.6,12,Yes,40.9,Tier 2 - Warm
PROS-105419,Technology,West,250-999 employees,7857000.0,61.8,16,No,59.4,Tier 2 - Warm
PROS-105420,Wholesale Distribution,East,50-249 employees,880000.0,39.05,23,No,48.2,Tier 2 - Warm
PROS-105421,Education,West,1-9 employees,1517000.0,20.8,31,No,32.0,Tier 3 - Nurture
PROS-105422,Manufacturing,Central,50-249 employees,2396000.0,71.4,6,Yes,48.0,Tier 2 - Warm
PROS-105423,Professional Services,East,1-9 employees,170000.0,40.4,30,Yes,39.2,Tier 2 - Warm
PROS-105424,Construction,South,1-9 employees,2025000.0,12.8,39,Yes,35.1,Tier 2 - Warm
PROS-105425,Professional Services,Central,50-249 employees,456000.0,22.3,15,Yes,35.0,Tier 2 - Warm
PROS-105426,Wholesale Distribution,Central,50-249 employees,9064000.0,67.8,9,Yes,48.9,Tier 2 - Warm
PROS-105427,Retail Trade,West,1-9 employees,593000.0,60.6,38,Yes,53.8,Tier 2 - Warm
PROS-105428,Manufacturing,West,1-9 employees,1981000.0,56.3,36,No,50.5,Tier 2 - Warm
PROS-105429,Wholesale Distribution,North,250-999 employees,599000.0,38.8,5,No,41.3,Tier 2 - Warm
PROS-105430,Education,East,1-9 employees,8173000.0,43.0,33,Yes,42.7,Tier 2 - Warm
PROS-105431,Professional Services,North,1-9 employees,415000.0,19.8,34,No,34.0,Tier 2 - Warm
PROS-105432,Construction,East,50-249 employees,2628000.0,48.1,12,No,43.2,Tier 2 - Warm
PROS-105433,Transportation & Logistics,Central,50-249 employees,1453000.0,78.9,39,No,77.1,Tier 1 - Priority
PROS-105434,Transportation & Logistics,South,10-49 employees,1138000.0,15.7,8,No,19.3,Tier 3 - Nurture
PROS-105435,Education,Central,10-49 employees,938000.0,61.9,23,No,50.0,Tier 2 - Warm
PROS-105436,Healthcare,North,1-9 employees,350000.0,12.0,28,Yes,26.1,Tier 3 - Nurture
PROS-105437,Manufacturing,North,1-9 employees,42000.0,36.8,3,No,16.5,Tier 3 - Nurture
PROS-105438,Healthcare,Central,50-249 employees,2378000.0,67.7,36,No,70.1,Tier 1 - Priority
PROS-105439,Transportation & Logistics,North,50-249 employees,426000.0,51.7,36,Yes,63.6,Tier 2 - Warm
PROS-105440,Transportation & Logistics,West,1-9 employees,2641000.0,57.1,15,Yes,34.2,Tier 2 - Warm
PROS-105441,Transportation & Logistics,West,1-9 employees,1074000.0,39.1,18,No,29.2,Tier 3 - Nurture
PROS-105442,Education,South,1-9 employees,2731000.0,26.9,15,No,21.9,Tier 3 - Nurture
PROS-105443,Wholesale Distribution,North,1-9 employees,1762000.0,4.8,7,No,6.5,Tier 3 - Nurture
PROS-105444,Professional Services,South,1-9 employees,48000.0,38.9,35,Yes,42.6,Tier 2 - Warm
PROS-105445,Construction,North,1-9 employees,1435000.0,39.3,35,Yes,42.7,Tier 2 - Warm
PROS-105446,Technology,West,50-249 employees,500000.0,60.9,23,Yes,57.1,Tier 2 - Warm
PROS-105447,Healthcare,Central,1-9 employees,2627000.0,76.1,17,No,43.6,Tier 2 - Warm
PROS-105448,Healthcare,Central,50-249 employees,1398000.0,88.2,27,Yes,71.4,Tier 1 - Priority
PROS-105449,Retail Trade,Central,10-49 employees,1416000.0,22.0,20,Yes,31.3,Tier 3 - Nurture
PROS-105450,Professional Services,West,50-249 employees,541000.0,74.9,30,No,68.3,Tier 1 - Priority
PROS-105451,Hospitality,Central,1000+ employees,267000.0,41.8,23,No,64.3,Tier 2 - Warm
PROS-105452,Wholesale Distribution,West,10-49 employees,453000.0,21.0,7,No,20.7,Tier 3 - Nurture
PROS-105453,Hospitality,West,1-9 employees,101000.0,60.4,36,Yes,52.1,Tier 2 - Warm
PROS-105454,Construction,Central,50-249 employees,381000.0,27.8,17,Yes,38.8,Tier 2 - Warm
PROS-105455,Retail Trade,South,1-9 employees,146000.0,48.0,20,Yes,34.4,Tier 2 - Warm
PROS-105456,Retail Trade,East,1-9 employees,150000.0,14.2,26,No,25.4,Tier 3 - Nurture
PROS-105457,Construction,Central,1-9 employees,829000.0,50.4,35,Yes,47.3,Tier 2 - Warm
PROS-105458,Transportation & Logistics,South,250-999 employees,1313000.0,41.3,17,No,51.8,Tier 2 - Warm
PROS-105459,Wholesale Distribution,South,1-9 employees,704000.0,30.2,7,Yes,16.9,Tier 3 - Nurture
PROS-105460,Wholesale Distribution,North,10-49 employees,421000.0,33.6,5,Yes,24.2,Tier 3 - Nurture
PROS-105461,Manufacturing,South,10-49 employees,257000.0,40.1,25,Yes,42.7,Tier 2 - Warm
PROS-105462,Hospitality,East,50-249 employees,515000.0,28.1,17,No,38.9,Tier 2 - Warm
PROS-105463,Professional Services,Central,1-9 employees,295000.0,12.2,21,No,20.6,Tier 3 - Nurture
PROS-105464,Retail Trade,North,250-999 employees,681000.0,38.2,34,Yes,64.0,Tier 2 - Warm
PROS-105465,Transportation & Logistics,West,50-249 employees,137000.0,23.6,13,Yes,34.0,Tier 2 - Warm
PROS-105466,Manufacturing,West,10-49 employees,1578000.0,25.6,26,Yes,37.5,Tier 2 - Warm
PROS-105467,Construction,Central,10-49 employees,391000.0,36.0,9,Yes,28.4,Tier 3 - Nurture
PROS-105468,Transportation & Logistics,West,50-249 employees,1103000.0,45.6,28,No,54.8,Tier 2 - Warm
PROS-105469,Professional Services,North,50-249 employees,1936000.0,11.8,3,Yes,21.2,Tier 3 - Nurture
PROS-105470,Transportation & Logistics,East,10-49 employees,1046000.0,57.2,9,Yes,37.0,Tier 2 - Warm
PROS-105471,Healthcare,Central,1-9 employees,1757000.0,15.3,11,No,14.0,Tier 3 - Nurture
PROS-105472,Hospitality,Central,1-9 employees,75000.0,18.7,8,No,13.0,Tier 3 - Nurture
PROS-105473,Retail Trade,West,1-9 employees,424000.0,65.9,27,Yes,47.3,Tier 2 - Warm
PROS-105474,Manufacturing,Central,1-9 employees,2454000.0,40.4,16,Yes,28.2,Tier 3 - Nurture
PROS-105475,Transportation & Logistics,West,1-9 employees,1277000.0,16.3,11,Yes,14.4,Tier 3 - Nurture
PROS-105476,Professional Services,North,1-9 employees,5572000.0,11.1,11,No,12.3,Tier 3 - Nurture
PROS-105477,Hospitality,Central,250-999 employees,676000.0,48.8,29,No,64.4,Tier 2 - Warm
PROS-105478,Manufacturing,North,50-249 employees,1014000.0,91.2,22,Yes,68.7,Tier 1 - Priority
PROS-105479,Transportation & Logistics,South,50-249 employees,553000.0,49.1,35,Yes,61.7,Tier 2 - Warm
PROS-105480,Education,South,10-49 employees,254000.0,24.4,20,Yes,32.3,Tier 3 - Nurture
PROS-105481,Manufacturing,West,10-49 employees,432000.0,37.3,28,Yes,43.9,Tier 2 - Warm
PROS-105482,Construction,North,1-9 employees,466000.0,62.0,36,No,52.8,Tier 2 - Warm
PROS-105483,Wholesale Distribution,West,50-249 employees,380000.0,14.1,32,Yes,45.1,Tier 2 - Warm
PROS-105484,Transportation & Logistics,Central,1-9 employees,266000.0,47.7,30,No,42.2,Tier 2 - Warm
PROS-105485,Retail Trade,West,10-49 employees,1135000.0,49.3,23,Yes,44.8,Tier 2 - Warm
PROS-105486,Professional Services,South,1000+ employees,4715000.0,15.7,34,No,62.3,Tier 2 - Warm
PROS-105487,Hospitality,Central,250-999 employees,2036000.0,7.9,37,No,54.0,Tier 2 - Warm
PROS-105488,Wholesale Distribution,South,1-9 employees,512000.0,56.9,5,Yes,26.2,Tier 3 - Nurture
PROS-105489,Construction,West,50-249 employees,2225000.0,42.7,30,No,55.2,Tier 2 - Warm
PROS-105490,Healthcare,East,1-9 employees,1068000.0,41.3,1,No,16.7,Tier 3 - Nurture
PROS-105491,Hospitality,North,1-9 employees,697000.0,41.5,13,No,26.3,Tier 3 - Nurture
PROS-105492,Retail Trade,North,1-9 employees,651000.0,42.5,32,No,41.7,Tier 2 - Warm
PROS-105493,Professional Services,North,1-9 employees,585000.0,28.7,29,No,33.7,Tier 2 - Warm
PROS-105494,Hospitality,Central,50-249 employees,1493000.0,25.6,24,Yes,43.5,Tier 2 - Warm
PROS-105495,Retail Trade,Central,10-49 employees,851000.0,43.7,27,No,45.7,Tier 2 - Warm
PROS-105496,Hospitality,East,1-9 employees,327000.0,52.9,7,No,26.2,Tier 3 - Nurture
PROS-105497,Healthcare,Central,1000+ employees,310000.0,5.4,30,No,54.9,Tier 2 - Warm
PROS-105498,Education,North,10-49 employees,1021000.0,13.7,4,No,15.3,Tier 3 - Nurture
PROS-105499,Manufacturing,Central,10-49 employees,1169000.0,55.3,13,No,39.4,Tier 2 - Warm
PROS-105500,Education,South,10-49 employees,517000.0,37.9,4,Yes,25.2,Tier 3 - Nurture
PROS-105501,Professional Services,North,10-49 employees,210000.0,16.9,20,No,29.2,Tier 3 - Nurture
PROS-105502,Manufacturing,West,10-49 employees,2888000.0,72.1,34,No,62.8,Tier 2 - Warm
PROS-105503,Hospitality,South,10-49 employees,749000.0,7.6,35,Yes,37.3,Tier 2 - Warm
PROS-105504,Transportation & Logistics,South,250-999 employees,82000.0,85.1,1,Yes,57.1,Tier 2 - Warm
PROS-105505,Wholesale Distribution,West,1-9 employees,3184000.0,37.15,39,Yes,45.0,Tier 2 - Warm
PROS-105506,Retail Trade,South,10-49 employees,580000.0,24.7,9,No,23.7,Tier 3 - Nurture
PROS-105507,Manufacturing,West,1-9 employees,899000.0,26.9,15,No,21.9,Tier 3 - Nurture
PROS-105508,Transportation & Logistics,North,250-999 employees,2551000.0,53.6,11,No,52.1,Tier 2 - Warm
PROS-105509,Wholesale Distribution,North,1-9 employees,4492000.0,27.7,19,Yes,25.4,Tier 3 - Nurture
PROS-105510,Healthcare,South,1-9 employees,2198000.0,5.2,1,No,2.0,Tier 3 - Nurture
PROS-105511,Hospitality,West,1000+ employees,951000.0,34.7,13,Yes,53.5,Tier 2 - Warm
PROS-105512,Education,South,10-49 employees,161000.0,47.6,12,No,35.5,Tier 2 - Warm
PROS-105513,Wholesale Distribution,North,1-9 employees,79000.0,47.2,28,No,40.4,Tier 2 - Warm
PROS-105514,Transportation & Logistics,West,1-9 employees,1916000.0,24.5,34,No,35.9,Tier 2 - Warm
PROS-105515,Technology,East,10-49 employees,3192000.0,25.4,2,Yes,18.5,Tier 3 - Nurture
PROS-105516,Transportation & Logistics,East,1000+ employees,298000.0,53.4,16,No,63.5,Tier 2 - Warm
PROS-105517,Technology,South,10-49 employees,542000.0,34.1,38,No,50.5,Tier 2 - Warm
PROS-105518,Transportation & Logistics,North,1-9 employees,395000.0,49.7,37,No,48.6,Tier 2 - Warm
PROS-105519,Transportation & Logistics,North,10-49 employees,749000.0,10.7,22,Yes,28.3,Tier 3 - Nurture
PROS-105520,Healthcare,West,10-49 employees,2380000.0,31.6,30,Yes,43.1,Tier 2 - Warm
PROS-105521,Technology,North,1-9 employees,724000.0,49.3,11,Yes,27.9,Tier 3 - Nurture
PROS-105522,Hospitality,South,250-999 employees,567000.0,40.9,32,Yes,63.5,Tier 2 - Warm
PROS-105523,Education,Central,1-9 employees,13569000.0,70.0,2,No,29.2,Tier 3 - Nurture
PROS-105524,Technology,South,250-999 employees,151000.0,13.5,21,Yes,43.6,Tier 2 - Warm
PROS-105525,Retail Trade,West,50-249 employees,1333000.0,64.3,22,No,57.7,Tier 2 - Warm
PROS-105526,Transportation & Logistics,South,1-9 employees,230000.0,38.150000000000006,7,No,20.2,Tier 3 - Nurture
PROS-105527,Construction,Central,50-249 employees,613000.0,52.9,23,Yes,53.8,Tier 2 - Warm
PROS-105528,Manufacturing,Central,50-249 employees,859000.0,38.9,37,Yes,59.2,Tier 2 - Warm
PROS-105529,Manufacturing,East,10-49 employees,1847000.0,48.7,28,No,48.6,Tier 2 - Warm
PROS-105530,Transportation & Logistics,West,10-49 employees,547000.0,46.7,6,Yes,30.4,Tier 3 - Nurture
PROS-105531,Education,East,1-9 employees,487000.0,43.0,21,Yes,33.2,Tier 2 - Warm
PROS-105532,Transportation & Logistics,Central,1-9 employees,537000.0,63.4,28,No,47.1,Tier 2 - Warm
PROS-105533,Healthcare,South,50-249 employees,222000.0,68.0,21,Yes,58.4,Tier 2 - Warm
PROS-105534,Manufacturing,Central,1-9 employees,1462000.0,54.0,6,No,25.8,Tier 3 - Nurture
PROS-105535,Technology,West,1-9 employees,994000.0,8.2,12,No,11.9,Tier 3 - Nurture
PROS-105536,Manufacturing,West,10-49 employees,1177000.0,27.6,18,Yes,32.0,Tier 3 - Nurture
PROS-105537,Wholesale Distribution,South,1-9 employees,676000.0,33.9,8,Yes,19.2,Tier 3 - Nurture
PROS-105538,Wholesale Distribution,Central,50-249 employees,590000.0,19.2,17,Yes,35.3,Tier 2 - Warm
PROS-105539,Education,West,50-249 employees,2658000.0,62.2,10,No,47.4,Tier 2 - Warm
PROS-105540,Professional Services,Central,50-249 employees,2244000.0,47.5,6,Yes,38.2,Tier 2 - Warm
PROS-105541,Retail Trade,Central,1-9 employees,3458000.0,30.0,15,Yes,23.1,Tier 3 - Nurture
PROS-105542,Professional Services,North,10-49 employees,1099000.0,74.0,1,No,37.6,Tier 2 - Warm
PROS-105543,Hospitality,Central,50-249 employees,3230000.0,29.5,31,Yes,50.6,Tier 2 - Warm
PROS-105544,Professional Services,Central,10-49 employees,462000.0,61.0,2,No,33.0,Tier 3 - Nurture
PROS-105545,Wholesale Distribution,South,50-249 employees,585000.0,52.6,5,No,39.5,Tier 2 - Warm
PROS-105546,Retail Trade,Central,10-49 employees,2716000.0,29.9,12,Yes,28.2,Tier 3 - Nurture
PROS-105547,Manufacturing,East,1-9 employees,1845000.0,18.8,26,No,27.3,Tier 3 - Nurture
PROS-105548,Professional Services,South,1-9 employees,530000.0,4.0,18,Yes,14.9,Tier 3 - Nurture
PROS-105549,Hospitality,South,50-249 employees,231000.0,40.9,2,Yes,32.3,Tier 3 - Nurture
PROS-105550,Technology,South,1-9 employees,583000.0,43.1,14,Yes,27.7,Tier 3 - Nurture
PROS-105551,Construction,North,250-999 employees,343000.0,39.3,2,No,39.2,Tier 2 - Warm
PROS-105552,Technology,West,10-49 employees,4862000.0,88.3,17,No,56.0,Tier 2 - Warm
PROS-105553,Technology,West,1-9 employees,1683000.0,60.7,11,No,32.5,Tier 3 - Nurture
PROS-105554,Transportation & Logistics,West,50-249 employees,314000.0,54.7,35,Yes,64.0,Tier 2 - Warm
PROS-105555,Transportation & Logistics,East,10-49 employees,231000.0,22.4,14,No,26.8,Tier 3 - Nurture
PROS-105556,Retail Trade,South,1-9 employees,310000.0,19.9,23,Yes,25.3,Tier 3 - Nurture
PROS-105557,Professional Services,West,1000+ employees,394000.0,16.9,8,No,42.3,Tier 2 - Warm
PROS-105558,Transportation & Logistics,Central,50-249 employees,607000.0,79.0,19,Yes,61.3,Tier 2 - Warm
PROS-105559,Retail Trade,North,10-49 employees,2486000.0,28.2,35,Yes,45.7,Tier 2 - Warm
PROS-105560,Healthcare,South,50-249 employees,252000.0,62.3,1,Yes,40.3,Tier 2 - Warm
PROS-105561,Retail Trade,Central,10-49 employees,9052000.0,5.6,12,Yes,18.3,Tier 3 - Nurture
PROS-105562,Hospitality,Central,10-49 employees,258000.0,61.9,14,Yes,42.9,Tier 2 - Warm
PROS-105563,Retail Trade,Central,1-9 employees,155000.0,79.9,19,Yes,46.7,Tier 2 - Warm
PROS-105564,Manufacturing,North,1-9 employees,4672000.0,49.1,17,No,32.5,Tier 3 - Nurture
PROS-105565,Technology,East,10-49 employees,3120000.0,25.8,39,No,47.9,Tier 2 - Warm
PROS-105566,Professional Services,North,10-49 employees,597000.0,70.8,6,No,40.2,Tier 2 - Warm
PROS-105567,Construction,Central,50-249 employees,1110000.0,18.2,10,Yes,29.4,Tier 3 - Nurture
PROS-105568,Construction,East,10-49 employees,1141000.0,21.2,19,Yes,30.2,Tier 3 - Nurture
PROS-105569,Professional Services,South,10-49 employees,848000.0,12.4,25,Yes,31.4,Tier 3 - Nurture
PROS-105570,Hospitality,North,50-249 employees,175000.0,38.2,4,No,32.8,Tier 3 - Nurture
PROS-105571,Technology,West,1000+ employees,48000.0,28.9,30,No,64.5,Tier 2 - Warm
PROS-105572,Professional Services,Central,1-9 employees,288000.0,43.0,21,Yes,33.2,Tier 2 - Warm
PROS-105573,Technology,Central,250-999 employees,5378000.0,49.5,11,No,50.5,Tier 2 - Warm
PROS-105574,Hospitality,Central,50-249 employees,5615000.0,23.7,15,Yes,35.6,Tier 2 - Warm
PROS-105575,Transportation & Logistics,Central,1-9 employees,547000.0,65.5,3,No,28.2,Tier 3 - Nurture
PROS-105576,Transportation & Logistics,West,1-9 employees,254000.0,46.0,26,No,38.4,Tier 2 - Warm
PROS-105577,Education,Central,1-9 employees,990000.0,29.8,31,No,35.7,Tier 2 - Warm
PROS-105578,Healthcare,Central,50-249 employees,1182000.0,36.8,39,No,59.9,Tier 2 - Warm
PROS-105579,Construction,East,10-49 employees,1412000.0,54.0,12,Yes,38.1,Tier 2 - Warm
PROS-105580,Transportation & Logistics,West,10-49 employees,45000.0,23.9,11,Yes,25.0,Tier 3 - Nurture
PROS-105581,Wholesale Distribution,Central,50-249 employees,23524000.0,70.0,13,Yes,52.9,Tier 2 - Warm
PROS-105582,Hospitality,North,1-9 employees,2535000.0,52.5,6,No,25.2,Tier 3 - Nurture
PROS-105583,Manufacturing,West,10-49 employees,587000.0,88.8,17,No,56.3,Tier 2 - Warm
PROS-105584,Healthcare,South,250-999 employees,331000.0,63.7,5,Yes,51.5,Tier 2 - Warm
PROS-105585,Hospitality,North,1000+ employees,2161000.0,14.1,2,Yes,36.4,Tier 2 - Warm
PROS-105586,Professional Services,North,50-249 employees,738500.0,49.3,14,Yes,45.2,Tier 2 - Warm
PROS-105587,Education,North,1-9 employees,807000.0,13.9,34,Yes,31.6,Tier 3 - Nurture
PROS-105588,Wholesale Distribution,Central,1-9 employees,1208000.0,37.4,38,Yes,44.3,Tier 2 - Warm
PROS-105589,Wholesale Distribution,West,1-9 employees,644000.0,34.5,34,No,40.0,Tier 2 - Warm
PROS-105590,Manufacturing,North,10-49 employees,1135000.0,24.4,38,Yes,46.5,Tier 2 - Warm
PROS-105591,Transportation & Logistics,West,1-9 employees,1622000.0,36.400000000000006,34,No,40.8,Tier 2 - Warm
PROS-105592,Transportation & Logistics,West,250-999 employees,1064000.0,29.4,26,Yes,54.1,Tier 2 - Warm
PROS-105593,Technology,East,50-249 employees,1005000.0,31.6,8,Yes,33.3,Tier 2 - Warm
PROS-105594,Wholesale Distribution,West,10-49 employees,3376000.0,90.1,32,No,68.6,Tier 1 - Priority
PROS-105595,Construction,Central,1-9 employees,126000.0,39.8,39,Yes,46.1,Tier 2 - Warm
PROS-105596,Transportation & Logistics,East,10-49 employees,303000.0,51.1,20,No,43.2,Tier 2 - Warm
PROS-105597,Technology,West,10-49 employees,751000.0,6.6,26,No,29.8,Tier 3 - Nurture
PROS-105598,Hospitality,East,50-249 employees,327000.0,41.5,15,Yes,42.8,Tier 2 - Warm
PROS-105599,Hospitality,South,1-9 employees,472000.0,40.9,24,No,34.7,Tier 2 - Warm
PROS-105600,Construction,Central,50-249 employees,3007000.0,35.8,1,Yes,29.5,Tier 3 - Nurture
PROS-105601,Education,East,1-9 employees,619000.0,36.0,29,Yes,36.7,Tier 2 - Warm
PROS-105602,Manufacturing,West,1-9 employees,98000.0,15.3,21,No,21.9,Tier 3 - Nurture
PROS-105603,Healthcare,West,1000+ employees,458000.0,19.1,30,Yes,60.5,Tier 2 - Warm
PROS-105604,Technology,West,1-9 employees,778000.0,32.3,15,No,24.1,Tier 3 - Nurture
PROS-105605,Manufacturing,West,1-9 employees,762000.0,64.4,17,Yes,38.8,Tier 2 - Warm
PROS-105606,Healthcare,West,10-49 employees,1345000.0,32.1,6,No,24.4,Tier 3 - Nurture
PROS-105607,Transportation & Logistics,East,10-49 employees,1229000.0,31.7,23,Yes,37.7,Tier 2 - Warm
PROS-105608,Technology,West,1-9 employees,626000.0,61.5,36,Yes,52.6,Tier 2 - Warm
PROS-105609,Retail Trade,East,1-9 employees,196000.0,17.4,23,No,24.3,Tier 3 - Nurture
PROS-105610,Professional Services,South,1-9 employees,449000.0,20.6,35,No,35.1,Tier 2 - Warm
PROS-105611,Professional Services,West,10-49 employees,368000.0,16.9,1,No,14.2,Tier 3 - Nurture
PROS-105612,Technology,Central,1-9 employees,533000.0,44.8,29,Yes,40.2,Tier 2 - Warm
PROS-105613,Construction,West,50-249 employees,1560000.0,60.2,1,No,39.4,Tier 2 - Warm
PROS-105614,Transportation & Logistics,West,250-999 employees,1138000.0,25.8,17,Yes,45.5,Tier 2 - Warm
PROS-105615,Hospitality,Central,1-9 employees,1806000.0,39.2,19,Yes,30.1,Tier 3 - Nurture
PROS-105616,Hospitality,South,1-9 employees,478000.0,80.3,19,Yes,46.9,Tier 2 - Warm
PROS-105617,Retail Trade,North,1-9 employees,3833000.0,42.7,22,Yes,33.9,Tier 2 - Warm
PROS-105618,Education,South,1-9 employees,1529000.0,59.0,30,Yes,46.8,Tier 2 - Warm
PROS-105619,Retail Trade,West,1-9 employees,825000.0,31.2,28,No,33.9,Tier 2 - Warm
PROS-105620,Manufacturing,Central,50-249 employees,1416000.0,10.9,3,Yes,20.9,Tier 3 - Nurture
PROS-105621,Manufacturing,East,1-9 employees,347000.0,34.150000000000006,30,Yes,36.7,Tier 2 - Warm
PROS-105622,Professional Services,West,10-49 employees,72000.0,30.7,16,No,31.7,Tier 3 - Nurture
PROS-105623,Wholesale Distribution,North,50-249 employees,374000.0,53.3,23,Yes,54.0,Tier 2 - Warm
PROS-105624,Professional Services,West,50-249 employees,1660000.0,37.6,36,Yes,57.8,Tier 2 - Warm
PROS-105625,Technology,West,1-9 employees,797000.0,53.2,12,Yes,30.3,Tier 3 - Nurture
PROS-105626,Healthcare,East,1-9 employees,627000.0,36.0,24,Yes,32.7,Tier 3 - Nurture
PROS-105627,Manufacturing,West,1000+ employees,287000.0,5.6,25,No,51.1,Tier 2 - Warm
PROS-105628,Healthcare,East,1-9 employees,85000.0,20.5,20,Yes,23.2,Tier 3 - Nurture
PROS-105629,Manufacturing,East,50-249 employees,3497000.0,16.9,11,Yes,29.6,Tier 3 - Nurture
PROS-105630,Healthcare,West,50-249 employees,580000.0,34.2,30,Yes,51.7,Tier 2 - Warm
PROS-105631,Transportation & Logistics,West,10-49 employees,455000.0,36.400000000000006,32,Yes,46.7,Tier 2 - Warm
PROS-105632,Transportation & Logistics,South,1-9 employees,348000.0,23.1,37,Yes,37.7,Tier 2 - Warm
PROS-105633,Professional Services,South,1-9 employees,2899000.0,38.9,17,Yes,28.4,Tier 3 - Nurture
PROS-105634,Hospitality,East,10-49 employees,1923000.0,23.1,6,Yes,20.7,Tier 3 - Nurture
PROS-105635,Transportation & Logistics,South,10-49 employees,252000.0,38.150000000000006,35,No,49.8,Tier 2 - Warm
PROS-105636,Professional Services,South,50-249 employees,2626000.0,46.6,24,Yes,52.0,Tier 2 - Warm
PROS-105637,Healthcare,South,50-249 employees,622000.0,39.4,5,Yes,34.1,Tier 2 - Warm
PROS-105638,Retail Trade,South,250-999 employees,373000.0,37.15,31,No,61.2,Tier 2 - Warm
PROS-105639,Education,East,1000+ employees,528000.0,44.6,28,Yes,69.4,Tier 1 - Priority
PROS-105640,Hospitality,East,50-249 employees,308000.0,41.5,33,Yes,57.1,Tier 2 - Warm
PROS-105641,Professional Services,West,1-9 employees,171000.0,8.4,17,No,15.9,Tier 3 - Nurture
PROS-105642,Technology,South,10-49 employees,1713000.0,34.1,19,Yes,35.5,Tier 2 - Warm
PROS-105643,Technology,Central,10-49 employees,572000.0,39.7,5,No,26.7,Tier 3 - Nurture
PROS-105644,Technology,East,10-49 employees,1438000.0,15.5,17,No,26.3,Tier 3 - Nurture
PROS-105645,Manufacturing,West,1-9 employees,1000000.0,18.2,22,Yes,23.9,Tier 3 - Nurture
PROS-105646,Wholesale Distribution,North,10-49 employees,1334000.0,63.2,34,Yes,59.2,Tier 2 - Warm
PROS-105647,Education,North,1-9 employees,77000.0,73.6,9,No,36.2,Tier 2 - Warm
PROS-105648,Education,East,1-9 employees,281000.0,28.3,2,Yes,12.2,Tier 3 - Nurture
PROS-105649,Education,South,50-249 employees,1365000.0,25.3,12,Yes,33.9,Tier 2 - Warm
PROS-105650,Education,East,10-49 employees,179000.0,63.0,8,No,38.6,Tier 2 - Warm
PROS-105651,Hospitality,North,10-49 employees,1100000.0,63.7,18,Yes,46.8,Tier 2 - Warm
PROS-105652,Manufacturing,East,10-49 employees,158000.0,35.4,28,No,43.1,Tier 2 - Warm
PROS-105653,Healthcare,West,10-49 employees,743000.0,39.2,15,Yes,34.4,Tier 2 - Warm
PROS-105654,Professional Services,West,1-9 employees,4287000.0,57.0,14,No,33.4,Tier 2 - Warm
PROS-105655,Professional Services,South,10-49 employees,1710000.0,38.9,16,Yes,35.1,Tier 2 - Warm
PROS-105656,Wholesale Distribution,South,1-9 employees,95000.0,53.0,39,No,51.5,Tier 2 - Warm
PROS-105657,Wholesale Distribution,East,50-249 employees,1855000.0,17.1,16,Yes,33.7,Tier 2 - Warm
PROS-105658,Transportation & Logistics,East,1-9 employees,5414000.0,67.6,28,Yes,48.8,Tier 2 - Warm
PROS-105659,Hospitality,West,1000+ employees,15819000.0,12.4,1,No,34.9,Tier 2 - Warm
PROS-105660,Retail Trade,South,50-249 employees,1230000.0,60.0,5,No,42.5,Tier 2 - Warm
PROS-105661,Professional Services,West,10-49 employees,163000.0,30.8,15,Yes,31.0,Tier 3 - Nurture
PROS-105662,Wholesale Distribution,Central,1-9 employees,1177000.0,17.9,21,Yes,22.9,Tier 3 - Nurture
PROS-105663,Healthcare,South,10-49 employees,4221000.0,36.8,16,No,34.2,Tier 2 - Warm
PROS-105664,Transportation & Logistics,Central,50-249 employees,594000.0,46.5,11,Yes,41.7,Tier 2 - Warm
PROS-105665,Healthcare,South,50-249 employees,2298000.0,32.7,24,No,46.4,Tier 2 - Warm
PROS-105666,Professional Services,South,50-249 employees,290000.0,69.2,11,Yes,51.0,Tier 2 - Warm
PROS-105667,Wholesale Distribution,West,250-999 employees,1099000.0,87.9,19,Yes,72.5,Tier 1 - Priority
PROS-105668,Hospitality,West,10-49 employees,47000.0,44.5,5,Yes,28.7,Tier 3 - Nurture
PROS-105669,Technology,East,50-249 employees,256000.0,20.6,7,Yes,28.0,Tier 3 - Nurture
PROS-105670,Construction,South,10-49 employees,725000.0,29.3,36,No,46.9,Tier 2 - Warm
PROS-105671,Technology,North,10-49 employees,489000.0,9.9,23,Yes,28.7,Tier 3 - Nurture
PROS-105672,Education,Central,10-49 employees,749000.0,54.9,12,No,38.5,Tier 2 - Warm
PROS-105673,Technology,Central,50-249 employees,421000.0,13.2,2,Yes,21.0,Tier 3 - Nurture
PROS-105674,Healthcare,Central,1-9 employees,1048000.0,9.4,31,No,27.4,Tier 3 - Nurture
PROS-105675,Professional Services,East,1-9 employees,663000.0,28.1,13,No,20.8,Tier 3 - Nurture
PROS-105676,Transportation & Logistics,Central,1-9 employees,780000.0,22.7,18,Yes,22.5,Tier 3 - Nurture
PROS-105677,Construction,East,250-999 employees,1632000.0,10.5,25,No,45.6,Tier 2 - Warm
PROS-105678,Technology,North,10-49 employees,500000.0,44.4,3,Yes,27.1,Tier 3 - Nurture
PROS-105679,Manufacturing,North,10-49 employees,3253000.0,34.1,25,No,40.2,Tier 2 - Warm
PROS-105680,Retail Trade,South,10-49 employees,246000.0,36.4,39,Yes,52.2,Tier 2 - Warm
PROS-105681,Hospitality,South,10-49 employees,6082000.0,55.2,8,Yes,35.4,Tier 2 - Warm
PROS-105682,Construction,Central,250-999 employees,2481000.0,43.849999999999994,37,Yes,68.7,Tier 1 - Priority
PROS-105683,Healthcare,South,1000+ employees,493000.0,37.0,14,Yes,55.2,Tier 2 - Warm
PROS-105684,Transportation & Logistics,West,50-249 employees,531000.0,30.4,1,No,27.3,Tier 3 - Nurture
PROS-105685,Healthcare,South,50-249 employees,916000.0,17.3,18,No,35.3,Tier 2 - Warm
PROS-105686,Hospitality,West,1-9 employees,1409000.0,44.9,8,No,23.7,Tier 3 - Nurture
PROS-105687,Professional Services,East,1-9 employees,2431000.0,64.3,17,No,38.7,Tier 2 - Warm
PROS-105688,Hospitality,North,10-49 employees,167000.0,45.9,7,No,30.8,Tier 3 - Nurture
PROS-105689,Professional Services,East,50-249 employees,1180000.0,62.1,27,No,60.7,Tier 2 - Warm
PROS-105690,Construction,North,1-9 employees,71000.0,39.3,15,Yes,26.9,Tier 3 - Nurture
PROS-105691,Transportation & Logistics,Central,50-249 employees,600000.0,34.0,29,No,50.8,Tier 2 - Warm
PROS-105692,Wholesale Distribution,West,1-9 employees,3610000.0,28.0,9,Yes,17.6,Tier 3 - Nurture
PROS-105693,Professional Services,Central,1-9 employees,153000.0,38.1,2,No,16.2,Tier 3 - Nurture
PROS-105694,Transportation & Logistics,Central,1-9 employees,126000.0,26.7,13,Yes,20.2,Tier 3 - Nurture
PROS-105695,Manufacturing,South,50-249 employees,930000.0,35.8,30,Yes,52.4,Tier 2 - Warm
PROS-105696,Manufacturing,West,50-249 employees,3356000.0,34.5,39,Yes,58.9,Tier 2 - Warm
PROS-105697,Hospitality,North,10-49 employees,1043000.0,40.8,35,No,50.8,Tier 2 - Warm
PROS-105698,Hospitality,Central,50-249 employees,90000.0,25.5,1,No,25.3,Tier 3 - Nurture
PROS-105699,Construction,West,50-249 employees,115000.0,33.1,36,Yes,56.0,Tier 2 - Warm
PROS-105700,Technology,West,10-49 employees,812000.0,12.5,16,No,24.3,Tier 3 - Nurture
PROS-105701,Construction,Central,50-249 employees,199000.0,43.849999999999994,3,No,34.3,Tier 2 - Warm
PROS-105702,Professional Services,Central,1-9 employees,848000.0,27.5,10,No,18.2,Tier 3 - Nurture
PROS-105703,Healthcare,Central,10-49 employees,905000.0,32.9,35,Yes,47.6,Tier 2 - Warm
PROS-105704,Construction,North,1-9 employees,426000.0,19.5,24,Yes,26.0,Tier 3 - Nurture
PROS-105705,Wholesale Distribution,North,10-49 employees,5369000.0,63.0,7,No,37.8,Tier 2 - Warm
PROS-105706,Healthcare,Central,10-49 employees,1397000.0,33.7,32,Yes,45.6,Tier 2 - Warm
PROS-105707,Construction,South,1-9 employees,2766000.0,8.1,14,Yes,13.4,Tier 3 - Nurture
PROS-105708,Transportation & Logistics,East,10-49 employees,2008000.0,27.2,5,Yes,21.6,Tier 3 - Nurture
PROS-105709,Hospitality,North,50-249 employees,738500.0,14.4,15,No,31.8,Tier 3 - Nurture
PROS-105710,Professional Services,West,10-49 employees,589000.0,46.1,30,Yes,49.1,Tier 2 - Warm
PROS-105711,Education,Central,1-9 employees,526000.0,63.1,12,No,34.3,Tier 2 - Warm
PROS-105712,Healthcare,Central,1-9 employees,1543000.0,35.3,7,No,19.0,Tier 3 - Nurture
PROS-105713,Technology,East,10-49 employees,357000.0,31.1,12,No,28.7,Tier 3 - Nurture
PROS-105714,Education,West,50-249 employees,4865000.0,34.6,32,Yes,53.4,Tier 2 - Warm
PROS-105715,Healthcare,East,250-999 employees,321000.0,55.3,7,Yes,49.7,Tier 2 - Warm
PROS-105716,Retail Trade,East,1-9 employees,923000.0,43.4,18,No,31.0,Tier 3 - Nurture
PROS-105717,Hospitality,East,50-249 employees,567000.0,34.2,26,No,48.5,Tier 2 - Warm
PROS-105718,Manufacturing,Central,10-49 employees,444000.0,24.5,3,Yes,18.9,Tier 3 - Nurture
PROS-105719,Healthcare,South,1000+ employees,7957000.0,26.7,23,Yes,58.1,Tier 2 - Warm
PROS-105720,Education,East,1-9 employees,450000.0,43.0,31,No,41.1,Tier 2 - Warm
PROS-105721,Healthcare,West,10-49 employees,522000.0,13.6,24,No,31.1,Tier 3 - Nurture
PROS-105722,Technology,East,10-49 employees,351000.0,32.2,8,Yes,26.0,Tier 3 - Nurture
PROS-105723,Transportation & Logistics,North,1-9 employees,763000.0,81.6,21,Yes,49.0,Tier 2 - Warm
PROS-105724,Professional Services,South,1-9 employees,652000.0,84.1,36,Yes,61.8,Tier 2 - Warm
PROS-105725,Construction,West,1-9 employees,213000.0,36.2,9,Yes,20.9,Tier 3 - Nurture
PROS-105726,Transportation & Logistics,West,10-49 employees,457000.0,53.3,7,Yes,33.9,Tier 2 - Warm
PROS-105727,Retail Trade,West,50-249 employees,1426000.0,41.5,23,No,49.2,Tier 2 - Warm
PROS-105728,Healthcare,Central,50-249 employees,2257000.0,66.9,17,Yes,54.8,Tier 2 - Warm
PROS-105729,Healthcare,West,1-9 employees,749000.0,43.9,26,Yes,37.5,Tier 2 - Warm
PROS-105730,Wholesale Distribution,East,250-999 employees,778000.0,18.8,24,Yes,48.2,Tier 2 - Warm
PROS-105731,Retail Trade,South,10-49 employees,490000.0,23.8,3,Yes,18.6,Tier 3 - Nurture
PROS-105732,Wholesale Distribution,South,1000+ employees,420000.0,17.4,29,No,59.1,Tier 2 - Warm
PROS-105733,Healthcare,Central,1-9 employees,265000.0,25.8,39,No,40.4,Tier 2 - Warm
PROS-105734,Technology,East,50-249 employees,132000.0,63.4,6,No,44.7,Tier 2 - Warm
PROS-105735,Transportation & Logistics,West,250-999 employees,337000.0,31.0,23,Yes,52.4,Tier 2 - Warm
PROS-105736,Professional Services,North,50-249 employees,1972000.0,72.2,15,Yes,55.4,Tier 2 - Warm
PROS-105737,Education,North,50-249 employees,457000.0,16.6,25,No,40.6,Tier 2 - Warm
PROS-105738,Professional Services,South,10-49 employees,499000.0,25.0,24,Yes,35.7,Tier 2 - Warm
PROS-105739,Manufacturing,North,50-249 employees,488000.0,36.6,23,Yes,47.2,Tier 2 - Warm
PROS-105740,Hospitality,West,10-49 employees,2868000.0,61.9,6,No,36.6,Tier 2 - Warm
PROS-105741,Technology,West,10-49 employees,263000.0,19.0,27,Yes,35.6,Tier 2 - Warm
PROS-105742,Wholesale Distribution,East,1000+ employees,989000.0,20.0,27,Yes,58.5,Tier 2 - Warm
PROS-105743,Healthcare,South,1-9 employees,676000.0,56.8,26,Yes,42.8,Tier 2 - Warm
PROS-105744,Manufacturing,East,10-49 employees,786000.0,32.4,8,Yes,26.1,Tier 3 - Nurture
PROS-105745,Manufacturing,North,250-999 employees,954000.0,38.6,32,No,62.6,Tier 2 - Warm
PROS-105746,Healthcare,East,1-9 employees,777000.0,38.2,9,No,21.8,Tier 3 - Nurture
PROS-105747,Professional Services,North,1-9 employees,1745000.0,56.2,7,Yes,27.5,Tier 3 - Nurture
PROS-105748,Education,North,1-9 employees,706000.0,49.5,13,Yes,29.5,Tier 3 - Nurture
PROS-105749,Retail Trade,North,50-249 employees,4969000.0,48.2,7,Yes,39.3,Tier 2 - Warm
PROS-105750,Wholesale Distribution,North,250-999 employees,766000.0,60.9,14,No,57.5,Tier 2 - Warm
PROS-105751,Professional Services,East,1-9 employees,112000.0,46.7,9,No,25.2,Tier 3 - Nurture
PROS-105752,Retail Trade,East,10-49 employees,1472000.0,54.1,4,Yes,31.8,Tier 3 - Nurture
PROS-105753,Professional Services,West,10-49 employees,1123000.0,32.6,38,No,49.9,Tier 2 - Warm
PROS-105754,Retail Trade,East,50-249 employees,756000.0,16.2,27,No,42.0,Tier 2 - Warm
PROS-105755,Healthcare,North,50-249 employees,548000.0,33.849999999999994,14,No,38.9,Tier 2 - Warm
PROS-105756,Construction,North,1000+ employees,71000.0,26.2,15,No,51.6,Tier 2 - Warm
PROS-105757,Transportation & Logistics,West,1-9 employees,86000.0,45.8,13,Yes,28.0,Tier 3 - Nurture
PROS-105758,Transportation & Logistics,Central,1-9 employees,4467000.0,25.1,30,Yes,33.0,Tier 3 - Nurture
PROS-105759,Manufacturing,South,10-49 employees,383000.0,25.1,9,Yes,23.9,Tier 3 - Nurture
PROS-105760,Retail Trade,South,10-49 employees,2110000.0,4.5,4,Yes,11.5,Tier 3 - Nurture
PROS-105761,Retail Trade,South,10-49 employees,125000.0,26.0,19,Yes,32.2,Tier 3 - Nurture
PROS-105762,Retail Trade,South,1-9 employees,231000.0,37.15,9,No,21.3,Tier 3 - Nurture
PROS-105763,Manufacturing,South,1-9 employees,1539000.0,50.0,36,No,47.9,Tier 2 - Warm
PROS-105764,Construction,East,250-999 employees,652000.0,39.6,14,Yes,48.8,Tier 2 - Warm
PROS-105765,Transportation & Logistics,West,1-9 employees,1318000.0,25.6,27,No,30.8,Tier 3 - Nurture
PROS-105766,Construction,West,10-49 employees,749000.0,61.9,16,Yes,44.5,Tier 2 - Warm
PROS-105767,Construction,Central,50-249 employees,580000.0,88.6,8,Yes,56.6,Tier 2 - Warm
PROS-105768,Healthcare,South,1-9 employees,345000.0,59.9,13,Yes,33.8,Tier 2 - Warm
PROS-105769,Transportation & Logistics,East,1-9 employees,196000.0,60.7,33,No,49.9,Tier 2 - Warm
PROS-105770,Construction,South,10-49 employees,3413000.0,7.9,4,No,12.9,Tier 3 - Nurture
PROS-105771,Professional Services,North,10-49 employees,4090000.0,59.0,37,No,59.9,Tier 2 - Warm
PROS-105772,Healthcare,South,1-9 employees,233000.0,37.8,1,No,15.3,Tier 3 - Nurture
PROS-105773,Manufacturing,South,10-49 employees,217000.0,41.2,28,Yes,45.5,Tier 2 - Warm
PROS-105774,Healthcare,East,1-9 employees,498000.0,36.0,27,Yes,35.1,Tier 2 - Warm
PROS-105775,Education,North,1-9 employees,1061000.0,55.8,24,Yes,40.8,Tier 2 - Warm
PROS-105776,Construction,West,1-9 employees,597000.0,51.0,3,No,22.3,Tier 3 - Nurture
PROS-105777,Retail Trade,Central,1-9 employees,1264000.0,58.4,27,Yes,44.2,Tier 2 - Warm
PROS-105778,Hospitality,Central,10-49 employees,691000.0,6.9,3,Yes,11.7,Tier 3 - Nurture
PROS-105779,Retail Trade,North,250-999 employees,643000.0,39.2,29,No,60.5,Tier 2 - Warm
PROS-105780,Retail Trade,North,1-9 employees,10370000.0,29.7,31,Yes,35.7,Tier 2 - Warm
PROS-105781,Retail Trade,Central,10-49 employees,409000.0,43.7,34,Yes,51.2,Tier 2 - Warm
PROS-105782,Wholesale Distribution,Central,10-49 employees,749000.0,46.3,16,Yes,38.1,Tier 2 - Warm
PROS-105783,Education,East,50-249 employees,3582000.0,34.0,26,Yes,48.5,Tier 2 - Warm
PROS-105784,Transportation & Logistics,South,10-49 employees,1270000.0,21.3,8,No,21.6,Tier 3 - Nurture
PROS-105785,Technology,East,1-9 employees,88000.0,22.7,21,No,24.9,Tier 3 - Nurture
PROS-105786,Technology,East,10-49 employees,755000.0,48.2,29,Yes,49.1,Tier 2 - Warm
PROS-105787,Technology,Central,1-9 employees,414000.0,70.1,8,No,34.0,Tier 2 - Warm
PROS-105788,Transportation & Logistics,East,50-249 employees,746000.0,59.0,33,Yes,64.2,Tier 2 - Warm
PROS-105789,Education,North,1-9 employees,227000.0,46.3,15,No,29.8,Tier 3 - Nurture
PROS-105790,Hospitality,West,50-249 employees,1676000.0,67.0,37,Yes,70.6,Tier 1 - Priority
PROS-105791,Manufacturing,West,10-49 employees,2155000.0,18.0,4,Yes,17.1,Tier 3 - Nurture
PROS-105792,Construction,South,50-249 employees,2642000.0,3.4,9,Yes,22.5,Tier 3 - Nurture
PROS-105793,Education,North,1-9 employees,479000.0,21.1,29,No,30.6,Tier 3 - Nurture
PROS-105794,Healthcare,North,50-249 employees,227000.0,15.6,8,Yes,26.7,Tier 3 - Nurture
PROS-105795,Professional Services,Central,50-249 employees,1074000.0,63.3,39,Yes,70.7,Tier 1 - Priority
PROS-105796,Wholesale Distribution,East,10-49 employees,5034000.0,61.5,37,Yes,60.9,Tier 2 - Warm
PROS-105797,Technology,East,1-9 employees,787000.0,45.5,4,No,20.8,Tier 3 - Nurture
PROS-105798,Transportation & Logistics,Central,1-9 employees,1200000.0,48.1,33,Yes,44.8,Tier 2 - Warm
PROS-105799,Healthcare,North,1-9 employees,563000.0,39.6,18,No,29.4,Tier 3 - Nurture
PROS-105800,Retail Trade,South,50-249 employees,419000.0,53.9,33,Yes,62.1,Tier 2 - Warm
PROS-105801,Construction,Central,10-49 employees,1505000.0,43.849999999999994,28,Yes,46.6,Tier 2 - Warm
PROS-105802,Healthcare,East,50-249 employees,649000.0,44.4,13,Yes,42.5,Tier 2 - Warm
PROS-105803,Education,North,50-249 employees,1137000.0,30.9,2,Yes,28.3,Tier 3 - Nurture
PROS-105804,Construction,West,50-249 employees,1275000.0,33.4,13,Yes,38.0,Tier 2 - Warm
PROS-105805,Retail Trade,North,50-249 employees,738500.0,27.8,18,Yes,39.6,Tier 2 - Warm
PROS-105806,Healthcare,West,10-49 employees,1347000.0,30.5,21,Yes,35.6,Tier 2 - Warm
PROS-105807,Education,West,10-49 employees,285000.0,66.2,31,Yes,58.1,Tier 2 - Warm
PROS-105808,Healthcare,Central,1-9 employees,267000.0,69.3,32,No,52.6,Tier 2 - Warm
PROS-105809,Construction,East,50-249 employees,696000.0,73.8,12,Yes,53.7,Tier 2 - Warm
PROS-105810,Technology,South,1000+ employees,715000.0,54.4,8,Yes,57.6,Tier 2 - Warm
PROS-105811,Technology,Central,10-49 employees,411000.0,24.3,26,No,37.0,Tier 2 - Warm
PROS-105812,Professional Services,East,250-999 employees,951000.0,19.7,29,No,52.5,Tier 2 - Warm
PROS-105813,Education,West,1000+ employees,705500.0,34.9,24,No,62.3,Tier 2 - Warm
PROS-105814,Transportation & Logistics,North,10-49 employees,2693000.0,35.7,25,Yes,40.9,Tier 2 - Warm
PROS-105815,Manufacturing,West,50-249 employees,3449000.0,66.8,28,No,63.4,Tier 2 - Warm
PROS-105816,Healthcare,East,10-49 employees,749000.0,45.0,16,Yes,37.6,Tier 2 - Warm
PROS-105817,Education,South,1-9 employees,203000.0,28.8,10,Yes,18.7,Tier 3 - Nurture
PROS-105818,Construction,West,1-9 employees,530000.0,66.5,31,Yes,50.7,Tier 2 - Warm
PROS-105819,Transportation & Logistics,North,10-49 employees,797000.0,18.9,7,No,19.8,Tier 3 - Nurture
PROS-105820,Technology,West,50-249 employees,561000.0,68.1,3,Yes,44.2,Tier 2 - Warm
PROS-105821,Hospitality,Central,1-9 employees,397000.0,32.3,1,Yes,13.0,Tier 3 - Nurture
PROS-105822,Wholesale Distribution,East,50-249 employees,522000.0,77.4,16,Yes,58.3,Tier 2 - Warm
PROS-105823,Retail Trade,North,50-249 employees,1241000.0,38.2,19,Yes,44.7,Tier 2 - Warm
PROS-105824,Transportation & Logistics,East,50-249 employees,169000.0,28.5,22,Yes,43.1,Tier 2 - Warm
PROS-105825,Transportation & Logistics,East,1-9 employees,9604000.0,45.4,8,Yes,23.9,Tier 3 - Nurture
PROS-105826,Retail Trade,East,10-49 employees,746000.0,65.8,17,No,46.9,Tier 2 - Warm
PROS-105827,Technology,South,1-9 employees,2317000.0,24.7,26,Yes,29.7,Tier 3 - Nurture
PROS-105828,Retail Trade,West,1-9 employees,385000.0,11.8,12,No,13.3,Tier 3 - Nurture
PROS-105829,Healthcare,South,1-9 employees,1372000.0,43.2,22,Yes,34.1,Tier 2 - Warm
PROS-105830,Construction,East,1-9 employees,814000.0,34.45,11,Yes,21.8,Tier 3 - Nurture
PROS-105831,Retail Trade,East,1-9 employees,1872000.0,36.75,33,Yes,40.1,Tier 2 - Warm
PROS-105832,Wholesale Distribution,West,10-49 employees,586000.0,64.8,18,Yes,47.2,Tier 2 - Warm
PROS-105833,Professional Services,West,10-49 employees,4020000.0,69.3,32,Yes,60.1,Tier 2 - Warm
PROS-105834,Professional Services,Central,1-9 employees,141000.0,18.7,14,Yes,17.7,Tier 3 - Nurture
PROS-105835,Wholesale Distribution,West,250-999 employees,2073000.0,18.6,15,Yes,41.0,Tier 2 - Warm
PROS-105836,Wholesale Distribution,West,10-49 employees,831000.0,23.8,30,No,40.0,Tier 2 - Warm
PROS-105837,Manufacturing,Central,250-999 employees,238000.0,74.9,12,No,61.6,Tier 2 - Warm
PROS-105838,Professional Services,South,10-49 employees,6245000.0,51.3,29,Yes,50.4,Tier 2 - Warm
PROS-105839,Hospitality,South,1-9 employees,5574000.0,29.6,4,Yes,14.3,Tier 3 - Nurture
PROS-105840,Hospitality,East,250-999 employees,75000.0,68.6,33,Yes,75.6,Tier 1 - Priority
PROS-105841,Education,East,250-999 employees,886000.0,63.6,30,No,71.2,Tier 1 - Priority
PROS-105842,Transportation & Logistics,West,10-49 employees,1585000.0,26.6,22,Yes,34.8,Tier 2 - Warm
PROS-105843,Manufacturing,North,10-49 employees,1186000.0,86.7,20,Yes,57.8,Tier 2 - Warm
PROS-105844,Wholesale Distribution,North,10-49 employees,3863000.0,23.2,15,No,27.9,Tier 3 - Nurture
PROS-105845,Retail Trade,West,10-49 employees,3074000.0,39.6,14,No,33.8,Tier 2 - Warm
PROS-105846,Retail Trade,Central,50-249 employees,976000.0,35.2,13,Yes,38.7,Tier 2 - Warm
PROS-105847,Technology,South,10-49 employees,8929000.0,65.4,28,No,55.4,Tier 2 - Warm
PROS-105848,Technology,South,1-9 employees,2044000.0,25.7,8,Yes,15.9,Tier 3 - Nurture
PROS-105849,Manufacturing,East,1-9 employees,496000.0,72.9,11,Yes,37.5,Tier 2 - Warm
PROS-105850,Retail Trade,East,1-9 employees,397000.0,5.2,16,No,13.8,Tier 3 - Nurture
PROS-105851,Transportation & Logistics,North,1-9 employees,2864000.0,45.6,19,No,32.7,Tier 3 - Nurture
PROS-105852,Professional Services,East,10-49 employees,305000.0,56.0,11,Yes,38.1,Tier 2 - Warm
PROS-105853,Technology,Central,250-999 employees,465000.0,52.3,18,Yes,57.1,Tier 2 - Warm
PROS-105854,Healthcare,West,1-9 employees,560000.0,27.2,32,Yes,35.4,Tier 2 - Warm
PROS-105855,Transportation & Logistics,Central,1-9 employees,724000.0,20.6,11,No,16.1,Tier 3 - Nurture
PROS-105856,Healthcare,West,1-9 employees,590000.0,32.4,7,Yes,17.8,Tier 3 - Nurture
PROS-105857,Construction,Central,10-49 employees,171000.0,59.3,31,No,55.2,Tier 2 - Warm
PROS-105858,Construction,South,10-49 employees,2619000.0,42.0,11,No,32.4,Tier 3 - Nurture
PROS-105859,Technology,North,10-49 employees,468000.0,54.4,28,Yes,50.9,Tier 2 - Warm
PROS-105860,Transportation & Logistics,North,1000+ employees,6729000.0,33.3,38,No,72.7,Tier 1 - Priority
PROS-105861,Transportation & Logistics,Central,1000+ employees,1019000.0,33.5,21,Yes,59.3,Tier 2 - Warm
PROS-105862,Transportation & Logistics,West,50-249 employees,2940000.0,16.8,22,Yes,38.3,Tier 2 - Warm
PROS-105863,Professional Services,South,50-249 employees,1460000.0,72.0,27,Yes,64.8,Tier 2 - Warm
PROS-105864,Education,Central,10-49 employees,3099000.0,70.6,5,No,39.3,Tier 2 - Warm
PROS-105865,Transportation & Logistics,South,10-49 employees,1366000.0,86.1,4,No,44.9,Tier 2 - Warm
PROS-105866,Hospitality,East,10-49 employees,945000.0,66.1,8,Yes,39.9,Tier 2 - Warm
PROS-105867,Wholesale Distribution,South,50-249 employees,738500.0,30.7,17,Yes,40.0,Tier 2 - Warm
PROS-105868,Education,North,1-9 employees,11235000.0,48.0,33,Yes,44.7,Tier 2 - Warm
PROS-105869,Technology,South,1-9 employees,542000.0,35.7,24,Yes,32.6,Tier 3 - Nurture
PROS-105870,Hospitality,South,1-9 employees,1749000.0,62.8,34,No,51.5,Tier 2 - Warm
PROS-105871,Healthcare,East,10-49 employees,725000.0,19.9,16,No,27.3,Tier 3 - Nurture
PROS-105872,Hospitality,North,50-249 employees,1273000.0,84.7,32,No,73.9,Tier 1 - Priority
PROS-105873,Construction,South,1-9 employees,764000.0,71.9,28,Yes,50.5,Tier 2 - Warm
PROS-105874,Hospitality,East,10-49 employees,68000.0,45.6,4,Yes,28.3,Tier 3 - Nurture
PROS-105875,Manufacturing,South,10-49 employees,585000.0,46.5,21,Yes,42.1,Tier 2 - Warm
PROS-105876,Education,West,50-249 employees,2190000.0,36.4,25,No,48.7,Tier 2 - Warm
PROS-105877,Professional Services,West,1-9 employees,314000.0,50.3,15,No,31.4,Tier 3 - Nurture
PROS-105878,Technology,Central,1-9 employees,2009000.0,53.0,31,Yes,45.2,Tier 2 - Warm
PROS-105879,Manufacturing,Central,10-49 employees,893000.0,32.1,17,Yes,33.1,Tier 2 - Warm
PROS-105880,Retail Trade,South,10-49 employees,591000.0,20.9,28,Yes,37.2,Tier 2 - Warm
PROS-105881,Education,West,50-249 employees,1976000.0,37.2,28,No,51.4,Tier 2 - Warm
PROS-105882,Wholesale Distribution,West,10-49 employees,1543000.0,37.15,9,No,28.8,Tier 3 - Nurture
PROS-105883,Professional Services,East,250-999 employees,1158000.0,35.8,3,No,38.5,Tier 2 - Warm
PROS-105884,Retail Trade,West,1-9 employees,2230000.0,39.9,35,Yes,43.0,Tier 2 - Warm
PROS-105885,Wholesale Distribution,North,10-49 employees,912000.0,30.4,33,Yes,45.0,Tier 2 - Warm
PROS-105886,Education,South,1000+ employees,119000.0,42.6,38,Yes,76.5,Tier 1 - Priority
PROS-105887,Retail Trade,Central,1-9 employees,481000.0,26.1,3,Yes,12.1,Tier 3 - Nurture
PROS-105888,Technology,Central,50-249 employees,100000.0,31.0,28,Yes,48.8,Tier 2 - Warm
PROS-105889,Professional Services,North,1-9 employees,1503000.0,41.2,6,Yes,20.6,Tier 3 - Nurture
PROS-105890,Hospitality,East,10-49 employees,1955000.0,25.3,19,Yes,31.9,Tier 3 - Nurture
PROS-105891,Healthcare,South,1-9 employees,2055000.0,35.2,32,Yes,38.7,Tier 2 - Warm
PROS-105892,Retail Trade,North,10-49 employees,1249000.0,65.9,10,Yes,41.4,Tier 2 - Warm
PROS-105893,Construction,North,50-249 employees,2115000.0,70.1,15,No,54.5,Tier 2 - Warm
PROS-105894,Transportation & Logistics,East,1-9 employees,129000.0,62.4,20,No,40.3,Tier 2 - Warm
PROS-105895,Hospitality,West,1-9 employees,648000.0,35.7,18,Yes,27.8,Tier 3 - Nurture
PROS-105896,Manufacturing,East,1-9 employees,154000.0,20.4,1,No,8.2,Tier 3 - Nurture
PROS-105897,Education,South,1-9 employees,492000.0,55.1,15,No,33.4,Tier 2 - Warm
PROS-105898,Technology,West,10-49 employees,4316000.0,11.5,33,No,37.3,Tier 2 - Warm
PROS-105899,Wholesale Distribution,West,1000+ employees,2428000.0,69.5,4,No,60.6,Tier 2 - Warm
PROS-105900,Education,Central,1-9 employees,724000.0,36.6,14,Yes,25.1,Tier 3 - Nurture
PROS-105901,Retail Trade,South,10-49 employees,597000.0,66.9,24,Yes,52.8,Tier 2 - Warm
PROS-105902,Manufacturing,South,10-49 employees,245000.0,16.6,15,Yes,25.2,Tier 3 - Nurture
PROS-105903,Hospitality,East,1-9 employees,724000.0,41.8,27,Yes,37.4,Tier 2 - Warm
PROS-105904,Retail Trade,East,1-9 employees,2475000.0,58.8,11,Yes,31.8,Tier 3 - Nurture
PROS-105905,Retail Trade,East,50-249 employees,1145000.0,19.6,8,No,28.4,Tier 3 - Nurture
PROS-105906,Healthcare,Central,10-49 employees,127000.0,54.9,37,No,58.2,Tier 2 - Warm
PROS-105907,Education,North,50-249 employees,818000.0,17.7,30,Yes,45.0,Tier 2 - Warm
PROS-105908,Hospitality,East,10-49 employees,89000.0,48.4,12,No,35.8,Tier 2 - Warm
PROS-105909,Transportation & Logistics,East,10-49 employees,1767000.0,9.6,4,No,13.6,Tier 3 - Nurture
PROS-105910,Retail Trade,South,250-999 employees,340000.0,54.1,18,No,57.9,Tier 2 - Warm
PROS-105911,Construction,West,250-999 employees,190000.0,55.5,31,Yes,68.7,Tier 1 - Priority
PROS-105912,Technology,Central,250-999 employees,1794000.0,25.1,24,No,50.7,Tier 2 - Warm
PROS-105913,Retail Trade,East,1-9 employees,1350000.0,35.5,28,No,35.7,Tier 2 - Warm
PROS-105914,Transportation & Logistics,North,1000+ employees,942000.0,28.1,21,Yes,57.1,Tier 2 - Warm
PROS-105915,Manufacturing,North,50-249 employees,8128000.0,41.7,36,Yes,59.5,Tier 2 - Warm
PROS-105916,Construction,East,50-249 employees,1467000.0,21.2,5,No,26.7,Tier 3 - Nurture
PROS-105917,Professional Services,West,50-249 employees,738500.0,58.1,32,Yes,63.0,Tier 2 - Warm
PROS-105918,Technology,South,1000+ employees,1291000.0,34.1,38,No,73.0,Tier 1 - Priority
PROS-105919,Education,South,10-49 employees,749000.0,66.6,33,No,59.8,Tier 2 - Warm
PROS-105920,Retail Trade,Central,50-249 employees,2939000.0,21.5,11,Yes,31.5,Tier 3 - Nurture
PROS-105921,Hospitality,North,50-249 employees,994000.0,58.2,38,Yes,67.8,Tier 1 - Priority
PROS-105922,Technology,North,50-249 employees,1108000.0,38.1,38,Yes,59.6,Tier 2 - Warm
PROS-105923,Education,North,50-249 employees,149000.0,53.5,33,Yes,62.0,Tier 2 - Warm
PROS-105924,Education,Central,1-9 employees,780000.0,85.1,13,No,44.1,Tier 2 - Warm
PROS-105925,Retail Trade,East,1-9 employees,686000.0,59.9,32,No,48.8,Tier 2 - Warm
PROS-105926,Hospitality,North,10-49 employees,236000.0,10.8,34,No,37.8,Tier 2 - Warm
PROS-105927,Transportation & Logistics,South,50-249 employees,572000.0,4.7,8,Yes,22.3,Tier 3 - Nurture
PROS-105928,Retail Trade,Central,50-249 employees,1178000.0,46.5,11,No,41.7,Tier 2 - Warm
PROS-105929,Professional Services,West,50-249 employees,726000.0,29.2,30,No,49.7,Tier 2 - Warm
PROS-105930,Education,South,50-249 employees,154000.0,42.6,32,No,56.7,Tier 2 - Warm
PROS-105931,Transportation & Logistics,South,10-49 employees,540000.0,38.150000000000006,25,Yes,41.9,Tier 2 - Warm
PROS-105932,Construction,North,1-9 employees,436000.0,43.8,22,Yes,34.3,Tier 2 - Warm
PROS-105933,Construction,West,10-49 employees,902000.0,32.2,38,No,49.7,Tier 2 - Warm
PROS-105934,Wholesale Distribution,North,250-999 employees,801000.0,27.9,14,Yes,44.0,Tier 2 - Warm
PROS-105935,Professional Services,South,10-49 employees,464000.0,17.1,29,Yes,36.4,Tier 2 - Warm
PROS-105936,Retail Trade,South,250-999 employees,444000.0,37.15,38,No,66.7,Tier 1 - Priority
PROS-105937,Transportation & Logistics,West,1000+ employees,785000.0,37.6,11,No,53.1,Tier 2 - Warm
PROS-105938,Education,West,10-49 employees,2104000.0,64.2,3,Yes,35.1,Tier 2 - Warm
PROS-105939,Retail Trade,West,50-249 employees,991000.0,50.0,7,No,40.0,Tier 2 - Warm
PROS-105940,Professional Services,South,10-49 employees,3490000.0,63.1,27,Yes,53.6,Tier 2 - Warm
PROS-105941,Healthcare,South,10-49 employees,2537000.0,37.5,11,No,30.6,Tier 3 - Nurture
PROS-105942,Retail Trade,South,1-9 employees,3784000.0,37.15,28,Yes,36.3,Tier 2 - Warm
PROS-105943,Technology,North,1-9 employees,3287000.0,29.7,19,Yes,26.2,Tier 3 - Nurture
PROS-105944,Professional Services,West,1-9 employees,4070000.0,20.5,34,No,34.3,Tier 2 - Warm
PROS-105945,Retail Trade,East,10-49 employees,205000.0,14.1,26,No,32.8,Tier 3 - Nurture
PROS-105946,Professional Services,East,1-9 employees,1487000.0,52.4,24,No,39.4,Tier 2 - Warm
PROS-105947,Education,Central,10-49 employees,2786000.0,52.9,9,Yes,35.3,Tier 2 - Warm
PROS-105948,Education,North,10-49 employees,3399000.0,61.4,13,Yes,41.9,Tier 2 - Warm
PROS-105949,Transportation & Logistics,Central,10-49 employees,312000.0,35.5,10,Yes,28.9,Tier 3 - Nurture
PROS-105950,Healthcare,West,250-999 employees,1503000.0,52.5,3,No,45.4,Tier 2 - Warm
PROS-105951,Wholesale Distribution,South,10-49 employees,792000.0,61.8,12,No,41.3,Tier 2 - Warm
PROS-105952,Retail Trade,West,1-9 employees,5564000.0,24.6,38,Yes,39.1,Tier 2 - Warm
PROS-105953,Technology,West,1000+ employees,159000.0,60.1,32,Yes,78.9,Tier 1 - Priority
PROS-105954,Technology,South,50-249 employees,313000.0,21.9,10,Yes,30.9,Tier 3 - Nurture
PROS-105955,Hospitality,South,50-249 employees,100000.0,23.8,15,Yes,35.6,Tier 2 - Warm
PROS-105956,Professional Services,Central,50-249 employees,855000.0,58.2,29,Yes,60.7,Tier 2 - Warm
PROS-105957,Hospitality,North,1-9 employees,8800000.0,51.8,4,No,23.4,Tier 3 - Nurture
PROS-105958,Technology,North,50-249 employees,695000.0,29.5,29,Yes,49.0,Tier 2 - Warm
PROS-105959,Wholesale Distribution,West,1-9 employees,815000.0,13.4,22,Yes,21.9,Tier 3 - Nurture
PROS-105960,Retail Trade,Central,10-49 employees,1336000.0,10.2,28,No,32.8,Tier 3 - Nurture
PROS-105961,Technology,East,1-9 employees,642000.0,34.9,1,No,14.1,Tier 3 - Nurture
PROS-105962,Wholesale Distribution,North,50-249 employees,1091000.0,22.2,37,No,52.3,Tier 2 - Warm
PROS-105963,Professional Services,East,1-9 employees,1123000.0,32.5,27,Yes,33.6,Tier 2 - Warm
PROS-105964,Hospitality,South,1-9 employees,724000.0,89.1,7,Yes,41.0,Tier 2 - Warm
PROS-105965,Manufacturing,Central,1-9 employees,658000.0,11.5,33,Yes,29.8,Tier 3 - Nurture
PROS-105966,Hospitality,West,50-249 employees,1650000.0,24.5,2,Yes,25.6,Tier 3 - Nurture
PROS-105967,Technology,South,1-9 employees,2026000.0,49.2,7,No,24.7,Tier 3 - Nurture
PROS-105968,Retail Trade,West,10-49 employees,3043000.0,47.9,31,No,50.6,Tier 2 - Warm
PROS-105969,Manufacturing,West,1-9 employees,1055000.0,32.4,33,Yes,38.3,Tier 2 - Warm
PROS-105970,Hospitality,West,50-249 employees,738500.0,9.3,4,No,21.0,Tier 3 - Nurture
PROS-105971,Professional Services,South,1-9 employees,1665000.0,36.1,27,No,35.1,Tier 2 - Warm
PROS-105972,Healthcare,East,250-999 employees,379000.0,65.6,32,Yes,73.6,Tier 1 - Priority
PROS-105973,Manufacturing,North,1-9 employees,362000.0,39.0,4,Yes,18.1,Tier 3 - Nurture
PROS-105974,Education,East,1-9 employees,636000.0,13.9,3,No,7.1,Tier 3 - Nurture
PROS-105975,Transportation & Logistics,South,1-9 employees,179000.0,25.2,9,Yes,16.4,Tier 3 - Nurture
PROS-105976,Education,East,1-9 employees,1141000.0,43.0,9,Yes,23.7,Tier 3 - Nurture
PROS-105977,Retail Trade,Central,10-49 employees,749000.0,77.2,9,Yes,45.2,Tier 2 - Warm
PROS-105978,Professional Services,Central,1-9 employees,334000.0,48.7,31,No,43.4,Tier 2 - Warm
PROS-105979,Technology,East,250-999 employees,1177000.0,37.0,9,No,43.8,Tier 2 - Warm
PROS-105980,Technology,West,10-49 employees,365000.0,57.5,21,Yes,46.6,Tier 2 - Warm
PROS-105981,Hospitality,North,1-9 employees,238000.0,26.4,14,Yes,20.9,Tier 3 - Nurture
PROS-105982,Education,East,10-49 employees,6998000.0,53.9,13,No,38.8,Tier 2 - Warm
PROS-105983,Wholesale Distribution,West,1-9 employees,242000.0,23.9,36,No,37.2,Tier 2 - Warm
PROS-105984,Retail Trade,West,1-9 employees,179000.0,22.0,13,No,18.3,Tier 3 - Nurture
PROS-105985,Construction,Central,1-9 employees,924000.0,43.849999999999994,9,No,24.1,Tier 3 - Nurture
PROS-105986,Education,East,1-9 employees,980000.0,57.0,9,No,29.4,Tier 3 - Nurture
PROS-105987,Transportation & Logistics,Central,1-9 employees,1520000.0,36.1,37,Yes,43.0,Tier 2 - Warm
PROS-105988,Wholesale Distribution,Central,250-999 employees,6592000.0,43.3,33,Yes,65.3,Tier 2 - Warm
PROS-105989,Transportation & Logistics,East,50-249 employees,310000.0,63.2,22,No,57.2,Tier 2 - Warm
PROS-105990,Manufacturing,North,250-999 employees,386000.0,19.1,22,Yes,46.7,Tier 2 - Warm
PROS-105991,Healthcare,South,1-9 employees,4281000.0,15.4,21,Yes,21.9,Tier 3 - Nurture
PROS-105992,Wholesale Distribution,West,250-999 employees,2049000.0,77.2,23,Yes,71.2,Tier 1 - Priority
PROS-105993,Technology,East,10-49 employees,1759000.0,35.3,27,Yes,42.3,Tier 2 - Warm
PROS-105994,Retail Trade,Central,1-9 employees,724000.0,42.1,3,No,18.6,Tier 3 - Nurture
PROS-105995,Professional Services,Central,50-249 employees,2517000.0,45.5,32,Yes,57.9,Tier 2 - Warm
PROS-105996,Wholesale Distribution,North,1-9 employees,1765000.0,34.5,30,No,36.8,Tier 2 - Warm
PROS-105997,Education,Central,10-49 employees,899000.0,55.9,38,Yes,59.4,Tier 2 - Warm
PROS-105998,Hospitality,South,50-249 employees,383000.0,59.5,17,No,51.8,Tier 2 - Warm
PROS-105999,Manufacturing,Central,10-49 employees,820000.0,25.5,1,Yes,17.8,Tier 3 - Nurture
